#
# A fatal error has been detected by the Java Runtime Environment:
#
#  EXCEPTION_ACCESS_VIOLATION (0xc0000005) at pc=0x00007ff86997d010, pid=4728, tid=15284
#
# JRE version: OpenJDK Runtime Environment Temurin-21.0.5+11 (21.0.5+11) (build 21.0.5+11-LTS)
# Java VM: OpenJDK 64-Bit Server VM Temurin-21.0.5+11 (21.0.5+11-LTS, mixed mode, sharing, tiered, compressed oops, compressed class ptrs, g1 gc, windows-amd64)
# Problematic frame:
# C  0x00007ff86997d010
#
# No core dump will be written. Minidumps are not enabled by default on client versions of Windows
#
# If you would like to submit a bug report, please visit:
#   https://github.com/adoptium/adoptium-support/issues
# The crash happened outside the Java Virtual Machine in native code.
# See problematic frame for where to report the bug.
#

---------------  S U M M A R Y ------------

Command Line: -Dsun.java2d.pmoffscreen=false -Dhttps.protocols=TLSv1,TLSv1.1,TLSv1.2 -Dsun.java2d.xrender=false -Dsun.java2d.d3d=false -Dsun.awt.nopixfmt=true -Dsun.java2d.dpiaware=true -Dsun.java2d.uiScale.enabled=false -Dswing.aatext=true -XX:-UsePerfData -Djdk.map.althashing.threshold=512 -XX:StringTableSize=4072 -XX:+UseStringDeduplication -XX:MaxGCPauseMillis=200 -XX:ParallelGCThreads=4 -XX:+ParallelRefProcEnabled --add-opens=java.desktop/javax.swing.plaf.synth=ALL-UNNAMED --add-opens=java.base/java.nio=ALL-UNNAMED --add-opens=java.desktop/sun.swing=ALL-UNNAMED --add-opens=java.desktop/javax.swing=ALL-UNNAMED --add-opens=java.desktop/javax.swing.tree=ALL-UNNAMED --add-opens=java.desktop/javax.swing.plaf.basic=ALL-UNNAMED --add-opens=java.desktop/javax.swing.plaf.synth=ALL-UNNAMED --add-opens=java.desktop/javax.swing.plaf.basic=ALL-UNNAMED --add-opens=java.desktop/javax.swing=ALL-UNNAMED --add-opens=java.desktop/javax.swing.tree=ALL-UNNAMED --add-opens=java.desktop/java.awt.event=ALL-UNNAMED --add-exports=java.desktop/javax.swing.plaf.synth=ALL-UNNAMED --add-exports=java.base/java.nio=ALL-UNNAMED --add-exports=java.desktop/sun.swing=ALL-UNNAMED --add-exports=java.desktop/javax.swing=ALL-UNNAMED --add-exports=java.desktop/javax.swing.tree=ALL-UNNAMED --add-exports=java.desktop/javax.swing.plaf.basic=ALL-UNNAMED --add-exports=java.desktop/sun.swing=ALL-UNNAMED --add-exports=java.desktop/sun.swing.table=ALL-UNNAMED --add-exports=java.desktop/sun.swing.plaf.synth=ALL-UNNAMED --add-exports=java.desktop/sun.awt.shell=ALL-UNNAMED --add-exports=java.base/sun.security.action=ALL-UNNAMED --add-exports=java.desktop/sun.font=ALL-UNNAMED -XX:NewSize=80m -XX:MaxNewSize=80m -Xms812m -Xmx6144m -Xss10m 

Host: Intel(R) Core(TM) i3-9100 CPU @ 3.60GHz, 4 cores, 7G,  Windows 11 , 64 bit Build 26100 (10.0.26100.7920)
Time: Wed Apr 22 16:34:41 2026 Central Europe Daylight Time elapsed time: 1531.899204 seconds (0d 0h 25m 31s)

---------------  T H R E A D  ---------------

Current thread (0x000002d387b967b0):  JavaThread "Update Runs Swing Worker Thread"        [_thread_in_native, id=15284, stack(0x000000d7e5b00000,0x000000d7e6500000) (10240K)]

Stack: [0x000000d7e5b00000,0x000000d7e6500000],  sp=0x000000d7e64feeb8,  free space=10235k
Native frames: (J=compiled Java code, j=interpreted, Vv=VM code, C=native code)
C  0x00007ff86997d010

Java frames: (J=compiled Java code, j=interpreted, Vv=VM code)
J 18069  ui.project.projecti.HAPRRunMgr_updateAllRuns(J)V (0 bytes) @ 0x000002d32ac33a19 [0x000002d32ac339c0+0x0000000000000059]
J 20956 c1 ui.data.experiment.b.c.dVx()V (22 bytes) @ 0x000002d324c2f7ec [0x000002d324c2f760+0x000000000000008c]
j  ui.data.experiment.b.e.construct()Ljava/lang/Object;+47
j  ui.frmwork.D.run()V+23
j  java.lang.Thread.runWith(Ljava/lang/Object;Ljava/lang/Runnable;)V+5 java.base@21.0.5
j  java.lang.Thread.run()V+19 java.base@21.0.5
v  ~StubRoutines::call_stub 0x000002d32a37100d

siginfo: EXCEPTION_ACCESS_VIOLATION (0xc0000005), reading address 0x0000000000000028


Registers:
RAX=0x0000000000000001, RBX=0x0000000000000000, RCX=0x0000000000000000, RDX=0x0000000000000000
RSP=0x000000d7e64feeb8, RBP=0x000000d7e64fefc0, RSI=0x000002d3137085a0, RDI=0x0000000000000008
R8 =0x000002d30ff90e40, R9 =0x0000000000000003, R10=0x000002d30ff90000, R11=0x000000d7e64febb0
R12=0x000002d383f8bb30, R13=0x0000000000000000, R14=0x000002d304359750, R15=0x0000000000000009
RIP=0x00007ff86997d010, EFLAGS=0x0000000000010202


Register to memory mapping:

RAX=0x0000000000000001 is an unknown value
RBX=0x0 is null
RCX=0x0 is null
RDX=0x0 is null
RSP=0x000000d7e64feeb8 is pointing into the stack for thread: 0x000002d387b967b0
RBP=0x000000d7e64fefc0 is pointing into the stack for thread: 0x000002d387b967b0
RSI=0x000002d3137085a0 points into unknown readable memory: 0x00007ff832704d80 | 80 4d 70 32 f8 7f 00 00
RDI=0x0000000000000008 is an unknown value
R8 =0x000002d30ff90e40 points into unknown readable memory: 0x000002d30ff90cc0 | c0 0c f9 0f d3 02 00 00
R9 =0x0000000000000003 is an unknown value
R10=0x000002d30ff90000 points into unknown readable memory: 0x0000000000000000 | 00 00 00 00 00 00 00 00
R11=0x000000d7e64febb0 is pointing into the stack for thread: 0x000002d387b967b0
R12=0x000002d383f8bb30 points into unknown readable memory: 0x000002d384ea9dc0 | c0 9d ea 84 d3 02 00 00
R13=0x0 is null
R14=0x000002d304359750 points into unknown readable memory: 0x00007ff8327051d8 | d8 51 70 32 f8 7f 00 00
R15=0x0000000000000009 is an unknown value

Top of Stack: (sp=0x000000d7e64feeb8)
0x000000d7e64feeb8:   00007ff8323fd63d 000002d383f8c420
0x000000d7e64feec8:   000002d3043597f0 0000000000000000
0x000000d7e64feed8:   000002d3137085a0 000000d7e64ff0b8
0x000000d7e64feee8:   00007ff860ec683b 000000d700000000
0x000000d7e64feef8:   00007ff860ea4746 000000d7e64f01c8
0x000000d7e64fef08:   00007ff800000009 000000d7e64fefc8
0x000000d7e64fef18:   000000d7e64fef30 000002d31017ee10
0x000000d7e64fef28:   00007ff869dfac3d 000002d304359750
0x000000d7e64fef38:   00007ff860eb6536 000000d7e64ff0b8
0x000000d7e64fef48:   000000d700000003 000000d7e64fefc8
0x000000d7e64fef58:   00007ff860ea48b0 000000d7e64fefc8
0x000000d7e64fef68:   000000d7e64fefc8 000000d7e64ff0b8
0x000000d7e64fef78:   000000d7e64ff0b8 000002d306f9abc0
0x000000d7e64fef88:   00007ff8610569da 000000d7e64fefc8
0x000000d7e64fef98:   000000d7e64fefc8 0000000000000000
0x000000d7e64fefa8:   0011000f000407ea 000002d306f9ac20
0x000000d7e64fefb8:   0000000000000000 0000000000000008
0x000000d7e64fefc8:   0000000000000000 000002d306f9abc0
0x000000d7e64fefd8:   000000d7e64ff190 0000000000000055
0x000000d7e64fefe8:   00007ff8efade0fb 000002d310140000
0x000000d7e64feff8:   0000000000000000 000002d38ace5fe0
0x000000d7e64ff008:   00009ee5bf8eaeea 000002d306f9ac20
0x000000d7e64ff018:   00007ff86997c778 000002d306f9ac20
0x000000d7e64ff028:   000000d700000000 000002d31721d4e0
0x000000d7e64ff038:   0000000000000000 000002d300000000
0x000000d7e64ff048:   0000000000000000 000002d30fe90900
0x000000d7e64ff058:   0000000000000000 000000000000000f
0x000000d7e64ff068:   000000d7e64ff098 000000d7e64ff110
0x000000d7e64ff078:   00007ff86257b2ae 000002d31721d4e0
0x000000d7e64ff088:   000002d3172f9698 000081368de8cc91
0x000000d7e64ff098:   000002d31721d4e0 0000000000000009
0x000000d7e64ff0a8:   0000000000000000 0000000000000008 

Instructions: (pc=0x00007ff86997d010)
0x00007ff86997cf10:   4d 17 ff 15 00 bf 0d 00 84 c0 0f 85 b9 00 00 00
0x00007ff86997cf20:   48 8b 4e 08 e8 d7 bd 08 00 48 83 78 18 10 72 03
0x00007ff86997cf30:   48 8b 00 48 8b cb 48 83 7b 18 10 72 03 48 8b 0b
0x00007ff86997cf40:   4c 89 75 f7 48 c7 45 0f 0f 00 00 00 48 c7 45 07
0x00007ff86997cf50:   04 00 00 00 c7 45 f7 72 75 6e 73 c6 45 fb 00 48
0x00007ff86997cf60:   89 44 24 38 48 89 4c 24 30 48 8d 05 10 0b 0e 00
0x00007ff86997cf70:   48 89 44 24 28 c7 44 24 20 00 00 00 08 4c 8d 4d
0x00007ff86997cf80:   f7 41 b8 79 01 00 00 48 8d 15 a2 04 0e 00 b9 02
0x00007ff86997cf90:   00 00 00 ff 15 3f bc 0d 00 90 48 8b 55 0f 48 83
0x00007ff86997cfa0:   fa 10 72 35 48 ff c2 48 8b 4d f7 48 8b c1 48 81
0x00007ff86997cfb0:   fa 00 10 00 00 72 1c 48 83 c2 27 48 8b 49 f8 48
0x00007ff86997cfc0:   2b c1 48 83 c0 f8 48 83 f8 1f 76 07 ff 15 76 b5
0x00007ff86997cfd0:   0d 00 cc e8 6c 1a 0c 00 90 48 8d 4d 17 ff 15 3d
0x00007ff86997cfe0:   be 0d 00 48 8b c3 48 8b 4d 37 48 33 cc e8 ee 1e
0x00007ff86997cff0:   0c 00 4c 8d 9c 24 a0 00 00 00 49 8b 5b 30 49 8b
0x00007ff86997d000:   73 38 49 8b e3 41 5e 5f 5d c3 cc cc cc cc cc cc
0x00007ff86997d010:   48 8b 41 28 c3 cc cc cc cc cc cc cc cc cc cc cc
0x00007ff86997d020:   48 89 5c 24 08 48 89 74 24 10 57 48 83 ec 20 48
0x00007ff86997d030:   8b 59 48 48 8b fa 48 8b f1 48 3b 59 50 74 40 90
0x00007ff86997d040:   48 8b 0b e8 f8 1f 08 00 48 83 7f 18 10 48 8b d7
0x00007ff86997d050:   72 03 48 8b 17 48 83 78 18 10 4c 8b 40 10 72 03
0x00007ff86997d060:   48 8b 00 4c 3b 47 10 75 0c 48 8b c8 e8 15 35 0c
0x00007ff86997d070:   00 85 c0 74 0a 48 83 c3 08 48 3b 5e 50 75 c1 48
0x00007ff86997d080:   39 5e 50 74 13 48 8b 03 48 8b 5c 24 30 48 8b 74
0x00007ff86997d090:   24 38 48 83 c4 20 5f c3 48 8b 5c 24 30 33 c0 48
0x00007ff86997d0a0:   8b 74 24 38 48 83 c4 20 5f c3 cc cc cc cc cc cc
0x00007ff86997d0b0:   48 89 5c 24 08 48 89 74 24 10 57 48 83 ec 20 48
0x00007ff86997d0c0:   8b 59 48 48 8b fa 48 8b f1 48 3b 59 50 74 40 90
0x00007ff86997d0d0:   48 8b 0b e8 08 1a 08 00 48 83 7f 18 10 48 8b d7
0x00007ff86997d0e0:   72 03 48 8b 17 48 83 78 18 10 4c 8b 40 10 72 03
0x00007ff86997d0f0:   48 8b 00 4c 3b 47 10 75 0c 48 8b c8 e8 85 34 0c
0x00007ff86997d100:   00 85 c0 74 0a 48 83 c3 08 48 3b 5e 50 75 c1 48 


Stack slot to memory mapping:

stack at sp + 0 slots: 0x00007ff8323fd63d xv_runs.dll
stack at sp + 1 slots: 0x000002d383f8c420 points into unknown readable memory: 0x7261745320746f4e | 4e 6f 74 20 53 74 61 72
stack at sp + 2 slots: 0x000002d3043597f0 points into unknown readable memory: 0x6573752000000102 | 02 01 00 00 20 75 73 65
stack at sp + 3 slots: 0x0 is null
stack at sp + 4 slots: 0x000002d3137085a0 points into unknown readable memory: 0x00007ff832704d80 | 80 4d 70 32 f8 7f 00 00
stack at sp + 5 slots: 0x000000d7e64ff0b8 is pointing into the stack for thread: 0x000002d387b967b0
stack at sp + 6 slots: 0x00007ff860ec683b xv_common.dll
stack at sp + 7 slots: 0x000000d700000000 is an unknown value


Compiled method (n/a) 1532518 18069     n 0       ui.project.projecti::HAPRRunMgr_updateAllRuns (native)
 total in heap  [0x000002d32ac33810,0x000002d32ac33be0] = 976
 relocation     [0x000002d32ac33970,0x000002d32ac339a8] = 56
 main code      [0x000002d32ac339c0,0x000002d32ac33bd4] = 532
 stub code      [0x000002d32ac33bd4,0x000002d32ac33bd8] = 4
 oops           [0x000002d32ac33bd8,0x000002d32ac33be0] = 8

[Constant Pool (empty)]

[MachCode]
[Entry Point]
  # {method} {0x000002d300f31940} 'HAPRRunMgr_updateAllRuns' '(J)V' in 'ui/project/projecti'
  # parm0:    rdx:rdx   = long
  #           [sp+0x70]  (sp of caller)
  0x000002d32ac339c0: 448b 5208 | 49bb 0000 | 003c d302 | 0000 4d03 | d349 3bc2 | 0f84 0600 

  0x000002d32ac339d8: ;   {runtime_call ic_miss_stub}
  0x000002d32ac339d8: 0000 e9a1 | ad78 ff90 
[Verified Entry Point]
  0x000002d32ac339e0: 8984 2400 | 80ff ff55 | 488b ec48 | 83ec 6090 | 4181 7f20 | 2d00 0000 

  0x000002d32ac339f8: ;   {runtime_call StubRoutines (final stubs)}
  0x000002d32ac339f8: 7405 e861 | 1377 ff4c 

  0x000002d32ac33a00: ;   {oop(a 'java/lang/Class'{0x000000068178bea8} = 'ui/project/projecti')}
  0x000002d32ac33a00: 8bc2 49be | a8be 7881 | 0600 0000 | 4c89 7424 | 504c 8d74 | 2450 498b | d6c5 f877 

  0x000002d32ac33a1c: ;   {internal_word}
  0x000002d32ac33a1c: 49ba 193a | c32a d302 | 0000 4d89 | 97a0 0300 | 0049 89a7 | 9803 0000 

  0x000002d32ac33a34: ;   {external_word}
  0x000002d32ac33a34: 49ba 354b | ad45 f87f | 0000 4180 | 3a00 0f84 | 4a00 0000 

  0x000002d32ac33a48: ;   {metadata({method} {0x000002d300f31940} 'HAPRRunMgr_updateAllRuns' '(J)V' in 'ui/project/projecti')}
  0x000002d32ac33a48: 5241 5048 | ba38 19f3 | 00d3 0200 | 0049 8bcf | 4883 ec20 | 40f6 c40f | 0f84 1900 | 0000 4883 
  0x000002d32ac33a68: ;   {runtime_call}
  0x000002d32ac33a68: ec08 48b8 | 5041 5745 | f87f 0000 | ffd0 4883 | c408 e90c 

  0x000002d32ac33a7c: ;   {runtime_call}
  0x000002d32ac33a7c: 0000 0048 | b850 4157 | 45f8 7f00 | 00ff d048 | 83c4 2041 | 585a 498d | 8fb8 0300 | 0041 c787 
  0x000002d32ac33a9c: 4404 0000 | 0400 0000 

  0x000002d32ac33aa4: ;   {runtime_call}
  0x000002d32ac33aa4: 48b8 70ce | 1040 f87f | 0000 ffd0 | c5f8 7741 | c787 4404 | 0000 0500 | 0000 f083 | 4424 c000 
  0x000002d32ac33ac4: 493b af48 | 0400 000f | 870e 0000 | 0041 83bf | 4004 0000 | 000f 8423 | 0000 00c5 | f877 498b 
  0x000002d32ac33ae4: cf4c 8be4 | 4883 ec20 | 4883 e4f0 

  0x000002d32ac33af0: ;   {runtime_call}
  0x000002d32ac33af0: 48b8 e0cd | 2245 f87f | 0000 ffd0 | 498b e44d | 33e4 41c7 | 8744 0400 | 0008 0000 | 0041 83bf 
  0x000002d32ac33b10: c004 0000 | 020f 8494 

  0x000002d32ac33b18: ;   {external_word}
  0x000002d32ac33b18: 0000 0049 | ba35 4bad | 45f8 7f00 | 0041 803a | 000f 8444 

  0x000002d32ac33b2c: ;   {metadata({method} {0x000002d300f31940} 'HAPRRunMgr_updateAllRuns' '(J)V' in 'ui/project/projecti')}
  0x000002d32ac33b2c: 0000 0048 | ba38 19f3 | 00d3 0200 | 0049 8bcf | 4883 ec20 | 40f6 c40f | 0f84 1900 | 0000 4883 
  0x000002d32ac33b4c: ;   {runtime_call}
  0x000002d32ac33b4c: ec08 48b8 | 5041 5745 | f87f 0000 | ffd0 4883 | c408 e90c 

  0x000002d32ac33b60: ;   {runtime_call}
  0x000002d32ac33b60: 0000 0048 | b850 4157 | 45f8 7f00 | 00ff d048 | 83c4 2049 | c787 9803 | 0000 0000 | 0000 49c7 
  0x000002d32ac33b80: 87a0 0300 | 0000 0000 | 00c5 f877 | 498b 8f28 | 0400 00c7 | 8100 0100 | 0000 0000 | 00c9 4983 
  0x000002d32ac33ba0: 7f08 000f | 8501 0000 

  0x000002d32ac33ba8: ;   {runtime_call StubRoutines (initial stubs)}
  0x000002d32ac33ba8: 00c3 e951 | d373 ffc5 | f877 4c8b | e448 83ec | 2048 83e4 

  0x000002d32ac33bbc: ;   {runtime_call}
  0x000002d32ac33bbc: f048 b830 | 7957 45f8 | 7f00 00ff | d049 8be4 | 4d33 e4e9 | 47ff ffff 
[Stub Code]
  0x000002d32ac33bd4: f4f4 f4f4 
[/MachCode]


Compiled method (c1) 1532535 20956       3       ui.data.experiment.b.c::dVx (22 bytes)
 total in heap  [0x000002d324c2f590,0x000002d324c2f9f0] = 1120
 relocation     [0x000002d324c2f6f0,0x000002d324c2f748] = 88
 main code      [0x000002d324c2f760,0x000002d324c2f8e8] = 392
 stub code      [0x000002d324c2f8e8,0x000002d324c2f940] = 88
 oops           [0x000002d324c2f940,0x000002d324c2f948] = 8
 metadata       [0x000002d324c2f948,0x000002d324c2f958] = 16
 scopes data    [0x000002d324c2f958,0x000002d324c2f978] = 32
 scopes pcs     [0x000002d324c2f978,0x000002d324c2f9d8] = 96
 dependencies   [0x000002d324c2f9d8,0x000002d324c2f9e0] = 8
 nul chk table  [0x000002d324c2f9e0,0x000002d324c2f9f0] = 16

[Constant Pool (empty)]

[MachCode]
[Entry Point]
  # {method} {0x000002d30338aad8} 'dVx' '()V' in 'ui/data/experiment/b/c'
  #           [sp+0x40]  (sp of caller)
  0x000002d324c2f760: 448b 5208 | 49bb 0000 | 003c d302 | 0000 4d03 | d34c 3bd0 

  0x000002d324c2f774: ;   {runtime_call ic_miss_stub}
  0x000002d324c2f774: 0f85 06f0 | 7805 660f | 1f44 0000 
[Verified Entry Point]
  0x000002d324c2f780: 8984 2400 | 80ff ff55 | 4883 ec30 | 4181 7f20 | 2d00 0000 

  0x000002d324c2f794: ;   {runtime_call StubRoutines (final stubs)}
  0x000002d324c2f794: 7405 e8c5 

  0x000002d324c2f798: ;   {metadata(method data for {method} {0x000002d30338aad8} 'dVx' '()V' in 'ui/data/experiment/b/c')}
  0x000002d324c2f798: 5577 0548 | be00 40a1 | 8dd3 0200 | 008b becc | 0000 0083 | c702 89be | cc00 0000 | 81e7 fe07 
  0x000002d324c2f7b8: 0000 85ff | 0f84 bd00 | 0000 488b 

  0x000002d324c2f7c4: ;   {metadata(method data for {method} {0x000002d30338aad8} 'dVx' '()V' in 'ui/data/experiment/b/c')}
  0x000002d324c2f7c4: 7210 48bf | 0040 a18d | d302 0000 | 4883 8710 | 0100 0001 | 4889 5424 | 1848 8bd6 | 0f1f 8000 
  0x000002d324c2f7e4: ;   {static_call}
  0x000002d324c2f7e4: 0000 00e8 

  0x000002d324c2f7e8: ; ImmutableOopMap {[24]=Oop }
                      ;*invokestatic HAPRRunMgr_updateAllRuns {reexecute=0 rethrow=0 return_oop=0}
                      ; - ui.data.experiment.b.c::dVx@4 (line 210)
  0x000002d324c2f7e8: f441 0006 

  0x000002d324c2f7ec: ;   {other}
  0x000002d324c2f7ec: 0f1f 8400 | 5c02 0000 | 488b 5424 | 188b 524c | 48c1 e203 

  0x000002d324c2f800: ;   {metadata(method data for {method} {0x000002d30338aad8} 'dVx' '()V' in 'ui/data/experiment/b/c')}
  0x000002d324c2f800: 4885 d248 | be00 40a1 | 8dd3 0200 | 0048 c7c7 | 2001 0000 | 7407 48c7 | c730 0100 | 0048 8b1c 
  0x000002d324c2f820: 3e48 8d5b | 0148 891c | 3e0f 843d | 0000 0048 | 3b02 488b 

  0x000002d324c2f834: ;   {metadata(method data for {method} {0x000002d30338aad8} 'dVx' '()V' in 'ui/data/experiment/b/c')}
  0x000002d324c2f834: f248 bf00 | 40a1 8dd3 

  0x000002d324c2f83c: ;   {metadata('ui/project/m')}
  0x000002d324c2f83c: 0200 0049 | ba00 257b | 3dd3 0200 | 004c 8997 | 5001 0000 | 4883 8758 | 0100 0001 | 0f1f 8000 
  0x000002d324c2f85c: ;   {optimized virtual_call}
  0x000002d324c2f85c: 0000 00e8 

  0x000002d324c2f860: ; ImmutableOopMap {}
                      ;*invokevirtual jpp {reexecute=0 rethrow=0 return_oop=0}
                      ; - ui.data.experiment.b.c::dVx@18 (line 212)
  0x000002d324c2f860: bccf 88ff 

  0x000002d324c2f864: ;   {other}
  0x000002d324c2f864: 0f1f 8400 | d402 0001 | 4883 c430 

  0x000002d324c2f870: ;   {poll_return}
  0x000002d324c2f870: 5d49 3ba7 | 4804 0000 | 0f87 2700 

  0x000002d324c2f87c: ;   {metadata({method} {0x000002d30338aad8} 'dVx' '()V' in 'ui/data/experiment/b/c')}
  0x000002d324c2f87c: 0000 c349 | bad0 aa38 | 03d3 0200 | 004c 8954 | 2408 48c7 | 0424 ffff 

  0x000002d324c2f894: ;   {runtime_call counter_overflow Runtime1 stub}
  0x000002d324c2f894: ffff e865 

  0x000002d324c2f898: ; ImmutableOopMap {rdx=Oop }
                      ;*synchronization entry
                      ; - ui.data.experiment.b.c::dVx@-1 (line 210)
  0x000002d324c2f898: b985 05e9 | 22ff ffff 

  0x000002d324c2f8a0: ;   {runtime_call throw_null_pointer_exception Runtime1 stub}
  0x000002d324c2f8a0: e8db 5485 

  0x000002d324c2f8a4: ; ImmutableOopMap {rdx=Oop }
                      ;*invokevirtual jpp {reexecute=0 rethrow=0 return_oop=0}
                      ; - ui.data.experiment.b.c::dVx@18 (line 212)
                      ;   {internal_word}
  0x000002d324c2f8a4: 0549 ba71 | f8c2 24d3 | 0200 004d | 8997 6004 

  0x000002d324c2f8b4: ;   {runtime_call SafepointBlob}
  0x000002d324c2f8b4: 0000 e945 | 5e79 0549 | 8b87 f804 | 0000 49c7 | 87f8 0400 | 0000 0000 | 0049 c787 | 0005 0000 
  0x000002d324c2f8d4: 0000 0000 | 4883 c430 

  0x000002d324c2f8dc: ;   {runtime_call unwind_exception Runtime1 stub}
  0x000002d324c2f8dc: 5de9 9e45 | 8505 f4f4 | f4f4 f4f4 
[Stub Code]
  0x000002d324c2f8e8: ;   {no_reloc}
  0x000002d324c2f8e8: 0f1f 4400 

  0x000002d324c2f8ec: ;   {static_stub}
  0x000002d324c2f8ec: 0048 bb98 | ee38 03d3 

  0x000002d324c2f8f4: ;   {runtime_call I2C/C2I adapters}
  0x000002d324c2f8f4: 0200 00e9 | 673b 7905 

  0x000002d324c2f8fc: ;   {static_stub}
  0x000002d324c2f8fc: 48bb 0000 | 0000 0000 

  0x000002d324c2f904: ;   {runtime_call nmethod}
  0x000002d324c2f904: 0000 e9fb 

  0x000002d324c2f908: ;   {runtime_call handle_exception_from_callee Runtime1 stub}
  0x000002d324c2f908: ffff ffe8 | 7072 8505 

  0x000002d324c2f910: ;   {external_word}
  0x000002d324c2f910: 48b9 506f | 8345 f87f | 0000 4883 

  0x000002d324c2f91c: ;   {runtime_call}
  0x000002d324c2f91c: e4f0 48b8 | d040 4645 | f87f 0000 

  0x000002d324c2f928: ;   {section_word}
  0x000002d324c2f928: ffd0 f449 | ba2b f9c2 | 24d3 0200 

  0x000002d324c2f934: ;   {runtime_call DeoptimizationBlob}
  0x000002d324c2f934: 0041 52e9 | 6450 7905 | f4f4 f4f4 
[/MachCode]


---------------  P R O C E S S  ---------------

Threads class SMR info:
_java_thread_list=0x000002d38be5dab0, length=75, elements={
0x000002d315462080, 0x000002d31a669410, 0x000002d31885d400, 0x000002d31a67ed90,
0x000002d31a67f7e0, 0x000002d31a686aa0, 0x000002d31a6874f0, 0x000002d31a695880,
0x000002d31a69a740, 0x000002d31a69ade0, 0x000002d31a62cea0, 0x000002d37d11a020,
0x000002d37d2d4ba0, 0x000002d37d2b5990, 0x000002d37edf89e0, 0x000002d37d53bba0,
0x000002d37dab5030, 0x000002d37f1efe00, 0x000002d37f1f1840, 0x000002d37f1ee3c0,
0x000002d37f1eea50, 0x000002d307399470, 0x000002d307397a30, 0x000002d307396680,
0x000002d30739a190, 0x000002d30739a820, 0x000002d30739aeb0, 0x000002d37f1ef770,
0x000002d37f1f0b20, 0x000002d387b946e0, 0x000002d387b96120, 0x000002d387b974d0,
0x000002d387b967b0, 0x000002d30cb4bb70, 0x000002d30cb4c200, 0x000002d30cb4a130,
0x000002d30cb4fd10, 0x000002d30739d610, 0x000002d30cb48d80, 0x000002d37f1f11b0,
0x000002d37f1f0490, 0x000002d3073973a0, 0x000002d307396d10, 0x000002d30cb503a0,
0x000002d387b95a90, 0x000002d38a873ab0, 0x000002d38a8754f0, 0x000002d38a874140,
0x000002d38a8747d0, 0x000002d38a872070, 0x000002d38a8782e0, 0x000002d30cb4eff0,
0x000002d30cb4cf20, 0x000002d387b94050, 0x000002d387b95400, 0x000002d38a8768a0,
0x000002d38a873420, 0x000002d38a879d20, 0x000002d30cb4f680, 0x000002d30cb4d5b0,
0x000002d307395ff0, 0x000002d31a7bddf0, 0x000002d31a7be480, 0x000002d31a7bd0d0,
0x000002d31a7beb10, 0x000002d31a7bc3b0, 0x000002d38a872700, 0x000002d38a879690,
0x000002d31a7c0be0, 0x000002d31a7c2620, 0x000002d30cb4e2d0, 0x000002d31a7c1270,
0x000002d31a7c1f90, 0x000002d31a7c3340, 0x000002d30d40f430
}

Java Threads: ( => current thread )
  0x000002d315462080 JavaThread "main"                              [_thread_blocked, id=8888, stack(0x000000d7dc400000,0x000000d7dc500000) (1024K)]
  0x000002d31a669410 JavaThread "Reference Handler"          daemon [_thread_blocked, id=3972, stack(0x000000d7dcc00000,0x000000d7dd600000) (10240K)]
  0x000002d31885d400 JavaThread "Finalizer"                  daemon [_thread_blocked, id=11248, stack(0x000000d7dd600000,0x000000d7de000000) (10240K)]
  0x000002d31a67ed90 JavaThread "Signal Dispatcher"          daemon [_thread_blocked, id=11740, stack(0x000000d7de000000,0x000000d7dea00000) (10240K)]
  0x000002d31a67f7e0 JavaThread "Attach Listener"            daemon [_thread_blocked, id=3220, stack(0x000000d7dea00000,0x000000d7df400000) (10240K)]
  0x000002d31a686aa0 JavaThread "Service Thread"             daemon [_thread_blocked, id=15204, stack(0x000000d7df400000,0x000000d7dfe00000) (10240K)]
  0x000002d31a6874f0 JavaThread "Monitor Deflation Thread"   daemon [_thread_blocked, id=1152, stack(0x000000d7dfe00000,0x000000d7e0800000) (10240K)]
  0x000002d31a695880 JavaThread "C2 CompilerThread0"         daemon [_thread_in_native, id=456, stack(0x000000d7e0800000,0x000000d7e0900000) (1024K)]
  0x000002d31a69a740 JavaThread "C1 CompilerThread0"         daemon [_thread_blocked, id=5284, stack(0x000000d7e0900000,0x000000d7e0a00000) (1024K)]
  0x000002d31a69ade0 JavaThread "StringDedupThread"          daemon [_thread_blocked, id=10176, stack(0x000000d7e0a00000,0x000000d7e1400000) (10240K)]
  0x000002d31a62cea0 JavaThread "Common-Cleaner"             daemon [_thread_blocked, id=7556, stack(0x000000d7e1400000,0x000000d7e1e00000) (10240K)]
  0x000002d37d11a020 JavaThread "Notification Thread"        daemon [_thread_blocked, id=2528, stack(0x000000d7e1e00000,0x000000d7e2800000) (10240K)]
  0x000002d37d2d4ba0 JavaThread "Java2D Disposer"            daemon [_thread_blocked, id=13336, stack(0x000000d7e2800000,0x000000d7e3200000) (10240K)]
  0x000002d37d2b5990 JavaThread "AWT-Windows"                daemon [_thread_in_native, id=8384, stack(0x000000d7e3c00000,0x000000d7e4600000) (10240K)]
  0x000002d37edf89e0 JavaThread "TimerQueue"                 daemon [_thread_blocked, id=8832, stack(0x000000d7e4700000,0x000000d7e5100000) (10240K)]
  0x000002d37d53bba0 JavaThread "AWT-Shutdown"                      [_thread_blocked, id=12888, stack(0x000000d7e3200000,0x000000d7e3c00000) (10240K)]
  0x000002d37dab5030 JavaThread "AWT-EventQueue-0"                  [_thread_blocked, id=4340, stack(0x000000d7e5100000,0x000000d7e5b00000) (10240K)]
  0x000002d37f1efe00 JavaThread "Thread-1"                          [_thread_in_native, id=5948, stack(0x000000d7daa00000,0x000000d7dbe00000) (20480K)]
  0x000002d37f1f1840 JavaThread "Process Messages Thread"           [_thread_blocked, id=11524, stack(0x000000d7e7200000,0x000000d7e7c00000) (10240K)]
  0x000002d37f1ee3c0 JavaThread "Batik CleanerThread"        daemon [_thread_blocked, id=14148, stack(0x000000d7e7c00000,0x000000d7e8600000) (10240K)]
  0x000002d37f1eea50 JavaThread "SyntheticaCleanerThread"    daemon [_thread_blocked, id=11428, stack(0x000000d7e8600000,0x000000d7e9000000) (10240K)]
  0x000002d307399470 JavaThread "Timer-0"                           [_thread_blocked, id=12632, stack(0x000000d7eba00000,0x000000d7ec400000) (10240K)]
  0x000002d307397a30 JavaThread "Monitor File Timestamp Swing Worker Thread"        [_thread_blocked, id=10984, stack(0x000000d7ec400000,0x000000d7ece00000) (10240K)]
  0x000002d307396680 JavaThread "Monitor HEventQueue for Sluggish Gui Thread"        [_thread_blocked, id=13640, stack(0x000000d7ecf00000,0x000000d7ed900000) (10240K)]
  0x000002d30739a190 JavaThread "SyntheticaAnimation 50"     daemon [_thread_blocked, id=11460, stack(0x000000d7ed900000,0x000000d7ee300000) (10240K)]
  0x000002d30739a820 JavaThread "SyntheticaAnimation 25"     daemon [_thread_blocked, id=12044, stack(0x000000d7ee300000,0x000000d7eed00000) (10240K)]
  0x000002d30739aeb0 JavaThread "SyntheticaAnimation 70"     daemon [_thread_blocked, id=14508, stack(0x000000d7ea400000,0x000000d7eae00000) (10240K)]
  0x000002d37f1ef770 JavaThread "Refresh Filesets Swing Worker Thread"        [_thread_blocked, id=15200, stack(0x000000d7e6500000,0x000000d7e6f00000) (10240K)]
  0x000002d37f1f0b20 JavaThread "hw_ila_monitor"                    [_thread_blocked, id=1480, stack(0x000000d7e9000000,0x000000d7e9a00000) (10240K)]
  0x000002d387b946e0 JavaThread "Timer-1"                           [_thread_blocked, id=15192, stack(0x000000d7ef700000,0x000000d7f0100000) (10240K)]
  0x000002d387b96120 JavaThread "Timer-2"                           [_thread_blocked, id=924, stack(0x000000d7f0100000,0x000000d7f0b00000) (10240K)]
  0x000002d387b974d0 JavaThread "Timer-3"                           [_thread_blocked, id=2036, stack(0x000000d7f0b00000,0x000000d7f1500000) (10240K)]
=>0x000002d387b967b0 JavaThread "Update Runs Swing Worker Thread"        [_thread_in_native, id=15284, stack(0x000000d7e5b00000,0x000000d7e6500000) (10240K)]
  0x000002d30cb4bb70 JavaThread "Thread-32"                         [_thread_in_native, id=3648, stack(0x000000d7eb800000,0x000000d7eb900000) (1024K)]
  0x000002d30cb4c200 JavaThread "Thread-33"                         [_thread_in_native, id=6336, stack(0x000000d7eb900000,0x000000d7eba00000) (1024K)]
  0x000002d30cb4a130 JavaThread "SyntheticaAnimation 50"     daemon [_thread_blocked, id=13060, stack(0x000000d7e9a00000,0x000000d7ea400000) (10240K)]
  0x000002d30cb4fd10 JavaThread "SyntheticaAnimation 50"     daemon [_thread_blocked, id=11100, stack(0x000000d7eae00000,0x000000d7eb800000) (10240K)]
  0x000002d30739d610 JavaThread "Swing-Shell"                daemon [_thread_blocked, id=10540, stack(0x000000d7eed00000,0x000000d7ef700000) (10240K)]
  0x000002d30cb48d80 JavaThread "Thread-137"                        [_thread_in_native, id=8340, stack(0x000000d7da800000,0x000000d7da900000) (1024K)]
  0x000002d37f1f11b0 JavaThread "Timer-4"                           [_thread_blocked, id=11900, stack(0x000000d7f1b00000,0x000000d7f2500000) (10240K)]
  0x000002d37f1f0490 JavaThread "Monitor File Timestamp Swing Worker Thread"        [_thread_blocked, id=9804, stack(0x000000d7f2500000,0x000000d7f2f00000) (10240K)]
  0x000002d3073973a0 JavaThread "Timer-5"                           [_thread_blocked, id=6040, stack(0x000000d7f2f00000,0x000000d7f3900000) (10240K)]
  0x000002d307396d10 JavaThread "Monitor File Timestamp Swing Worker Thread"        [_thread_blocked, id=8412, stack(0x000000d7f3900000,0x000000d7f4300000) (10240K)]
  0x000002d30cb503a0 JavaThread "Image Animator 3"           daemon [_thread_blocked, id=10076, stack(0x000000d7f4d00000,0x000000d7f5700000) (10240K)]
  0x000002d387b95a90 JavaThread "Timer-6"                           [_thread_blocked, id=6464, stack(0x000000d7f4300000,0x000000d7f4d00000) (10240K)]
  0x000002d38a873ab0 JavaThread "Monitor File Timestamp Swing Worker Thread"        [_thread_blocked, id=13380, stack(0x000000d7f5700000,0x000000d7f6100000) (10240K)]
  0x000002d38a8754f0 JavaThread "Timer-7"                           [_thread_blocked, id=8880, stack(0x000000d7f6100000,0x000000d7f6b00000) (10240K)]
  0x000002d38a874140 JavaThread "Monitor File Timestamp Swing Worker Thread"        [_thread_blocked, id=6128, stack(0x000000d7f6b00000,0x000000d7f7500000) (10240K)]
  0x000002d38a8747d0 JavaThread "Timer-8"                           [_thread_blocked, id=3180, stack(0x000000d7f7500000,0x000000d7f7f00000) (10240K)]
  0x000002d38a872070 JavaThread "Monitor File Timestamp Swing Worker Thread"        [_thread_blocked, id=13528, stack(0x000000d7f7f00000,0x000000d7f8900000) (10240K)]
  0x000002d38a8782e0 JavaThread "Timer-10"                          [_thread_blocked, id=5696, stack(0x000000d7f9d00000,0x000000d7fa700000) (10240K)]
  0x000002d30cb4eff0 JavaThread "Thread-541"                        [_thread_in_native, id=5932, stack(0x000000d7da600000,0x000000d7da700000) (1024K)]
  0x000002d30cb4cf20 JavaThread "Thread-542"                        [_thread_in_native, id=15060, stack(0x000000d7dc000000,0x000000d7dc100000) (1024K)]
  0x000002d387b94050 JavaThread "Timer-12"                          [_thread_blocked, id=6332, stack(0x000000d7fa700000,0x000000d7fb100000) (10240K)]
  0x000002d387b95400 JavaThread "Timer-14"                          [_thread_blocked, id=14464, stack(0x000000d7fb100000,0x000000d7fbb00000) (10240K)]
  0x000002d38a8768a0 JavaThread "Monitor File Timestamp Swing Worker Thread"        [_thread_blocked, id=11580, stack(0x000000d7fbb00000,0x000000d7fc500000) (10240K)]
  0x000002d38a873420 JavaThread "Timer-15"                          [_thread_blocked, id=7732, stack(0x000000d7fc500000,0x000000d7fcf00000) (10240K)]
  0x000002d38a879d20 JavaThread "Monitor File Timestamp Swing Worker Thread"        [_thread_blocked, id=8964, stack(0x000000d7fcf00000,0x000000d7fd900000) (10240K)]
  0x000002d30cb4f680 JavaThread "Thread-858"                        [_thread_in_native, id=8956, stack(0x000000d7da800000,0x000000d7da900000) (1024K)]
  0x000002d30cb4d5b0 JavaThread "Thread-859"                        [_thread_in_native, id=6048, stack(0x000000d7dbf00000,0x000000d7dc000000) (1024K)]
  0x000002d307395ff0 JavaThread "Timer-16"                          [_thread_blocked, id=14828, stack(0x000000d7fd900000,0x000000d7fe300000) (10240K)]
  0x000002d31a7bddf0 JavaThread "Monitor File Timestamp Swing Worker Thread"        [_thread_blocked, id=12444, stack(0x000000d7fe300000,0x000000d7fed00000) (10240K)]
  0x000002d31a7be480 JavaThread "Timer-17"                          [_thread_blocked, id=14696, stack(0x000000d7fed00000,0x000000d7ff700000) (10240K)]
  0x000002d31a7bd0d0 JavaThread "Monitor File Timestamp Swing Worker Thread"        [_thread_blocked, id=6156, stack(0x000000d780000000,0x000000d780a00000) (10240K)]
  0x000002d31a7beb10 JavaThread "Timer-19"                          [_thread_blocked, id=3260, stack(0x000000d781f00000,0x000000d782900000) (10240K)]
  0x000002d31a7bc3b0 JavaThread "Monitor File Timestamp Swing Worker Thread"        [_thread_blocked, id=9768, stack(0x000000d782900000,0x000000d783300000) (10240K)]
  0x000002d38a872700 JavaThread "Thread-1390"                       [_thread_in_native, id=10856, stack(0x000000d786500000,0x000000d786600000) (1024K)]
  0x000002d38a879690 JavaThread "Thread-1391"                       [_thread_in_native, id=4408, stack(0x000000d781e00000,0x000000d781f00000) (1024K)]
  0x000002d31a7c0be0 JavaThread "Timer-27"                          [_thread_blocked, id=2736, stack(0x000000d780a00000,0x000000d781400000) (10240K)]
  0x000002d31a7c2620 JavaThread "Monitor File Timestamp Swing Worker Thread"        [_thread_blocked, id=9360, stack(0x000000d784700000,0x000000d785100000) (10240K)]
  0x000002d30cb4e2d0 JavaThread "Thread-1857"                       [_thread_in_native, id=6324, stack(0x000000d781e00000,0x000000d781f00000) (1024K)]
  0x000002d31a7c1270 JavaThread "Thread-1858"                       [_thread_in_native, id=10352, stack(0x000000d786500000,0x000000d786600000) (1024K)]
  0x000002d31a7c1f90 JavaThread "Timer-28"                          [_thread_blocked, id=9456, stack(0x000000d781400000,0x000000d781e00000) (10240K)]
  0x000002d31a7c3340 JavaThread "Monitor File Timestamp Swing Worker Thread"        [_thread_blocked, id=10016, stack(0x000000d783d00000,0x000000d784700000) (10240K)]
  0x000002d30d40f430 JavaThread "C2 CompilerThread1"         daemon [_thread_in_native, id=12500, stack(0x000000d785100000,0x000000d785200000) (1024K)]
Total: 75

Other Threads:
  0x000002d31326c2d0 VMThread "VM Thread"                           [id=3400, stack(0x000000d7dcb00000,0x000000d7dcc00000) (1024K)]
  0x000002d318d069a0 WatcherThread "VM Periodic Task Thread"        [id=10340, stack(0x000000d7dca00000,0x000000d7dcb00000) (1024K)]
  0x000002d31326d890 WorkerThread "GC Thread#0"                     [id=104, stack(0x000000d7dc500000,0x000000d7dc600000) (1024K)]
  0x000002d37f23ae10 WorkerThread "GC Thread#1"                     [id=7308, stack(0x000000d7e6f00000,0x000000d7e7000000) (1024K)]
  0x000002d37f23b8f0 WorkerThread "GC Thread#2"                     [id=13068, stack(0x000000d7e7000000,0x000000d7e7100000) (1024K)]
  0x000002d37f23c770 WorkerThread "GC Thread#3"                     [id=13668, stack(0x000000d7e7100000,0x000000d7e7200000) (1024K)]
  0x000002d312162ee0 ConcurrentGCThread "G1 Main Marker"            [id=11956, stack(0x000000d7dc600000,0x000000d7dc700000) (1024K)]
  0x000002d31326bf30 WorkerThread "G1 Conc#0"                       [id=14596, stack(0x000000d7dc700000,0x000000d7dc800000) (1024K)]
  0x000002d31a564670 ConcurrentGCThread "G1 Refine#0"               [id=14928, stack(0x000000d7dc800000,0x000000d7dc900000) (1024K)]
  0x000002d318644800 ConcurrentGCThread "G1 Service"                [id=14876, stack(0x000000d7dc900000,0x000000d7dca00000) (1024K)]
Total: 10

Threads with active compile tasks:
C2 CompilerThread0  1532547 26416       4       jdk.internal.jimage.ImageLocation::verifyName (161 bytes)
C2 CompilerThread1  1532547 26342       4       javax.swing.text.AbstractDocument$BranchElement::<init> (31 bytes)
Total: 2

VM state: not at safepoint (normal execution)

VM Mutex/Monitor currently owned by a thread: None

Heap address: 0x0000000680000000, size: 6144 MB, Compressed Oops mode: Zero based, Oop shift amount: 3

CDS archive(s) mapped at: [0x000002d33c000000-0x000002d33cc80000-0x000002d33cc80000), size 13107200, SharedBaseAddress: 0x000002d33c000000, ArchiveRelocationMode: 1.
Compressed class space mapped at: 0x000002d33d000000-0x000002d37d000000, reserved size: 1073741824
Narrow klass base: 0x000002d33c000000, Narrow klass shift: 0, Narrow klass range: 0x100000000

GC Precious Log:
 CardTable entry size: 512
 Card Set container configuration: InlinePtr #cards 4 size 8 Array Of Cards #cards 32 size 80 Howl #buckets 8 coarsen threshold 7372 Howl Bitmap #cards 1024 size 144 coarsen threshold 921 Card regions per heap region 1 cards per card region 8192
 CPUs: 4 total, 4 available
 Memory: 8033M
 Large Page Support: Disabled
 NUMA Support: Disabled
 Compressed Oops: Enabled (Zero based)
 Heap Region Size: 4M
 Heap Min Capacity: 812M
 Heap Initial Capacity: 812M
 Heap Max Capacity: 6G
 Pre-touch: Disabled
 Parallel Workers: 4
 Concurrent Workers: 1
 Concurrent Refinement Workers: 4
 Periodic GC: Disabled
 String Deduplication is enabled

Heap:
 garbage-first heap   total 831488K, used 151847K [0x0000000680000000, 0x0000000800000000)
  region size 4096K, 16 young (65536K), 1 survivors (4096K)
 Metaspace       used 90535K, committed 91328K, reserved 1179648K
  class space    used 12131K, committed 12480K, reserved 1048576K

Heap Regions: E=young(eden), S=young(survivor), O=old, HS=humongous(starts), HC=humongous(continues), CS=collection set, F=free, TAMS=top-at-mark-start, PB=parsable bottom
|   0|0x0000000680000000, 0x0000000680400000, 0x0000000680400000|100%| O|  |TAMS 0x0000000680000000| PB 0x0000000680000000| Untracked 
|   1|0x0000000680400000, 0x00000006807fff08, 0x0000000680800000| 99%| O|  |TAMS 0x0000000680400000| PB 0x0000000680400000| Untracked 
|   2|0x0000000680800000, 0x0000000680c00000, 0x0000000680c00000|100%| O|  |TAMS 0x0000000680800000| PB 0x0000000680800000| Untracked 
|   3|0x0000000680c00000, 0x0000000680fdd9a0, 0x0000000681000000| 96%| O|  |TAMS 0x0000000680c00000| PB 0x0000000680c00000| Untracked 
|   4|0x0000000681000000, 0x00000006813fbc50, 0x0000000681400000| 99%| O|  |TAMS 0x0000000681000000| PB 0x0000000681000000| Untracked 
|   5|0x0000000681400000, 0x00000006817ffff0, 0x0000000681800000| 99%| O|  |TAMS 0x0000000681400000| PB 0x0000000681400000| Untracked 
|   6|0x0000000681800000, 0x0000000681bffec8, 0x0000000681c00000| 99%| O|  |TAMS 0x0000000681800000| PB 0x0000000681800000| Untracked 
|   7|0x0000000681c00000, 0x0000000681fffff0, 0x0000000682000000| 99%| O|  |TAMS 0x0000000681c00000| PB 0x0000000681c00000| Untracked 
|   8|0x0000000682000000, 0x00000006823ffff8, 0x0000000682400000| 99%| O|  |TAMS 0x0000000682000000| PB 0x0000000682000000| Untracked 
|   9|0x0000000682400000, 0x00000006827fffe8, 0x0000000682800000| 99%| O|  |TAMS 0x0000000682400000| PB 0x0000000682400000| Untracked 
|  10|0x0000000682800000, 0x0000000682c00000, 0x0000000682c00000|100%|HS|  |TAMS 0x0000000682800000| PB 0x0000000682800000| Untracked 
|  11|0x0000000682c00000, 0x0000000683000000, 0x0000000683000000|100%|HC|  |TAMS 0x0000000682c00000| PB 0x0000000682c00000| Untracked 
|  12|0x0000000683000000, 0x0000000683400000, 0x0000000683400000|100%|HC|  |TAMS 0x0000000683000000| PB 0x0000000683000000| Untracked 
|  13|0x0000000683400000, 0x0000000683800000, 0x0000000683800000|100%|HS|  |TAMS 0x0000000683400000| PB 0x0000000683400000| Untracked 
|  14|0x0000000683800000, 0x0000000683c00000, 0x0000000683c00000|100%|HC|  |TAMS 0x0000000683800000| PB 0x0000000683800000| Untracked 
|  15|0x0000000683c00000, 0x0000000683fffd28, 0x0000000684000000| 99%| O|  |TAMS 0x0000000683c00000| PB 0x0000000683c00000| Untracked 
|  16|0x0000000684000000, 0x0000000684400000, 0x0000000684400000|100%| O|  |TAMS 0x0000000684000000| PB 0x0000000684000000| Untracked 
|  17|0x0000000684400000, 0x00000006847fed28, 0x0000000684800000| 99%| O|  |TAMS 0x0000000684400000| PB 0x0000000684400000| Untracked 
|  18|0x0000000684800000, 0x0000000684c00000, 0x0000000684c00000|100%| O|  |TAMS 0x0000000684800000| PB 0x0000000684800000| Untracked 
|  19|0x0000000684c00000, 0x0000000684c8a2a8, 0x0000000685000000| 13%| O|  |TAMS 0x0000000684c00000| PB 0x0000000684c00000| Untracked 
|  20|0x0000000685000000, 0x00000006853fffe0, 0x0000000685400000| 99%| O|  |TAMS 0x0000000685000000| PB 0x0000000685000000| Untracked 
|  21|0x0000000685400000, 0x0000000685555ad8, 0x0000000685800000| 33%| O|  |TAMS 0x0000000685400000| PB 0x0000000685400000| Untracked 
|  22|0x0000000685800000, 0x0000000685bfff78, 0x0000000685c00000| 99%| O|  |TAMS 0x0000000685800000| PB 0x0000000685800000| Untracked 
|  23|0x0000000685c00000, 0x0000000685e1dfe8, 0x0000000686000000| 52%| O|  |TAMS 0x0000000685c00000| PB 0x0000000685c00000| Untracked 
|  24|0x0000000686000000, 0x0000000686400000, 0x0000000686400000|100%|HS|  |TAMS 0x0000000686000000| PB 0x0000000686000000| Untracked 
|  25|0x0000000686400000, 0x0000000686400000, 0x0000000686800000|  0%| F|  |TAMS 0x0000000686400000| PB 0x0000000686400000| Untracked 
|  26|0x0000000686800000, 0x0000000686800000, 0x0000000686c00000|  0%| F|  |TAMS 0x0000000686800000| PB 0x0000000686800000| Untracked 
|  27|0x0000000686c00000, 0x0000000686c42cb0, 0x0000000687000000|  6%| O|  |TAMS 0x0000000686c00000| PB 0x0000000686c00000| Untracked 
|  28|0x0000000687000000, 0x0000000687000000, 0x0000000687400000|  0%| F|  |TAMS 0x0000000687000000| PB 0x0000000687000000| Untracked 
|  29|0x0000000687400000, 0x0000000687400000, 0x0000000687800000|  0%| F|  |TAMS 0x0000000687400000| PB 0x0000000687400000| Untracked 
|  30|0x0000000687800000, 0x0000000687800000, 0x0000000687c00000|  0%| F|  |TAMS 0x0000000687800000| PB 0x0000000687800000| Untracked 
|  31|0x0000000687c00000, 0x0000000687c00000, 0x0000000688000000|  0%| F|  |TAMS 0x0000000687c00000| PB 0x0000000687c00000| Untracked 
|  32|0x0000000688000000, 0x0000000688000000, 0x0000000688400000|  0%| F|  |TAMS 0x0000000688000000| PB 0x0000000688000000| Untracked 
|  33|0x0000000688400000, 0x0000000688400000, 0x0000000688800000|  0%| F|  |TAMS 0x0000000688400000| PB 0x0000000688400000| Untracked 
|  34|0x0000000688800000, 0x0000000688800000, 0x0000000688c00000|  0%| F|  |TAMS 0x0000000688800000| PB 0x0000000688800000| Untracked 
|  35|0x0000000688c00000, 0x0000000688c00000, 0x0000000689000000|  0%| F|  |TAMS 0x0000000688c00000| PB 0x0000000688c00000| Untracked 
|  36|0x0000000689000000, 0x0000000689000000, 0x0000000689400000|  0%| F|  |TAMS 0x0000000689000000| PB 0x0000000689000000| Untracked 
|  37|0x0000000689400000, 0x0000000689400000, 0x0000000689800000|  0%| F|  |TAMS 0x0000000689400000| PB 0x0000000689400000| Untracked 
|  38|0x0000000689800000, 0x0000000689800000, 0x0000000689c00000|  0%| F|  |TAMS 0x0000000689800000| PB 0x0000000689800000| Untracked 
|  39|0x0000000689c00000, 0x0000000689c00000, 0x000000068a000000|  0%| F|  |TAMS 0x0000000689c00000| PB 0x0000000689c00000| Untracked 
|  40|0x000000068a000000, 0x000000068a000000, 0x000000068a400000|  0%| F|  |TAMS 0x000000068a000000| PB 0x000000068a000000| Untracked 
|  41|0x000000068a400000, 0x000000068a400000, 0x000000068a800000|  0%| F|  |TAMS 0x000000068a400000| PB 0x000000068a400000| Untracked 
|  42|0x000000068a800000, 0x000000068a800000, 0x000000068ac00000|  0%| F|  |TAMS 0x000000068a800000| PB 0x000000068a800000| Untracked 
|  43|0x000000068ac00000, 0x000000068ac00000, 0x000000068b000000|  0%| F|  |TAMS 0x000000068ac00000| PB 0x000000068ac00000| Untracked 
|  44|0x000000068b000000, 0x000000068b000000, 0x000000068b400000|  0%| F|  |TAMS 0x000000068b000000| PB 0x000000068b000000| Untracked 
|  45|0x000000068b400000, 0x000000068b400000, 0x000000068b800000|  0%| F|  |TAMS 0x000000068b400000| PB 0x000000068b400000| Untracked 
|  46|0x000000068b800000, 0x000000068b800000, 0x000000068bc00000|  0%| F|  |TAMS 0x000000068b800000| PB 0x000000068b800000| Untracked 
|  47|0x000000068bc00000, 0x000000068bc00000, 0x000000068c000000|  0%| F|  |TAMS 0x000000068bc00000| PB 0x000000068bc00000| Untracked 
|  48|0x000000068c000000, 0x000000068c000000, 0x000000068c400000|  0%| F|  |TAMS 0x000000068c000000| PB 0x000000068c000000| Untracked 
|  49|0x000000068c400000, 0x000000068c400000, 0x000000068c800000|  0%| F|  |TAMS 0x000000068c400000| PB 0x000000068c400000| Untracked 
|  50|0x000000068c800000, 0x000000068c800000, 0x000000068cc00000|  0%| F|  |TAMS 0x000000068c800000| PB 0x000000068c800000| Untracked 
|  51|0x000000068cc00000, 0x000000068cc00000, 0x000000068d000000|  0%| F|  |TAMS 0x000000068cc00000| PB 0x000000068cc00000| Untracked 
|  52|0x000000068d000000, 0x000000068d000000, 0x000000068d400000|  0%| F|  |TAMS 0x000000068d000000| PB 0x000000068d000000| Untracked 
|  53|0x000000068d400000, 0x000000068d400000, 0x000000068d800000|  0%| F|  |TAMS 0x000000068d400000| PB 0x000000068d400000| Untracked 
|  54|0x000000068d800000, 0x000000068d800000, 0x000000068dc00000|  0%| F|  |TAMS 0x000000068d800000| PB 0x000000068d800000| Untracked 
|  55|0x000000068dc00000, 0x000000068dc00000, 0x000000068e000000|  0%| F|  |TAMS 0x000000068dc00000| PB 0x000000068dc00000| Untracked 
|  56|0x000000068e000000, 0x000000068e000000, 0x000000068e400000|  0%| F|  |TAMS 0x000000068e000000| PB 0x000000068e000000| Untracked 
|  57|0x000000068e400000, 0x000000068e400000, 0x000000068e800000|  0%| F|  |TAMS 0x000000068e400000| PB 0x000000068e400000| Untracked 
|  58|0x000000068e800000, 0x000000068e800000, 0x000000068ec00000|  0%| F|  |TAMS 0x000000068e800000| PB 0x000000068e800000| Untracked 
|  59|0x000000068ec00000, 0x000000068ec00000, 0x000000068f000000|  0%| F|  |TAMS 0x000000068ec00000| PB 0x000000068ec00000| Untracked 
|  60|0x000000068f000000, 0x000000068f000000, 0x000000068f400000|  0%| F|  |TAMS 0x000000068f000000| PB 0x000000068f000000| Untracked 
|  61|0x000000068f400000, 0x000000068f400000, 0x000000068f800000|  0%| F|  |TAMS 0x000000068f400000| PB 0x000000068f400000| Untracked 
|  62|0x000000068f800000, 0x000000068f800000, 0x000000068fc00000|  0%| F|  |TAMS 0x000000068f800000| PB 0x000000068f800000| Untracked 
|  63|0x000000068fc00000, 0x000000068fc00000, 0x0000000690000000|  0%| F|  |TAMS 0x000000068fc00000| PB 0x000000068fc00000| Untracked 
|  64|0x0000000690000000, 0x0000000690000000, 0x0000000690400000|  0%| F|  |TAMS 0x0000000690000000| PB 0x0000000690000000| Untracked 
|  65|0x0000000690400000, 0x0000000690400000, 0x0000000690800000|  0%| F|  |TAMS 0x0000000690400000| PB 0x0000000690400000| Untracked 
|  66|0x0000000690800000, 0x0000000690800000, 0x0000000690c00000|  0%| F|  |TAMS 0x0000000690800000| PB 0x0000000690800000| Untracked 
|  67|0x0000000690c00000, 0x0000000690c00000, 0x0000000691000000|  0%| F|  |TAMS 0x0000000690c00000| PB 0x0000000690c00000| Untracked 
|  68|0x0000000691000000, 0x0000000691000000, 0x0000000691400000|  0%| F|  |TAMS 0x0000000691000000| PB 0x0000000691000000| Untracked 
|  69|0x0000000691400000, 0x0000000691400000, 0x0000000691800000|  0%| F|  |TAMS 0x0000000691400000| PB 0x0000000691400000| Untracked 
|  70|0x0000000691800000, 0x0000000691800000, 0x0000000691c00000|  0%| F|  |TAMS 0x0000000691800000| PB 0x0000000691800000| Untracked 
|  71|0x0000000691c00000, 0x0000000691c00000, 0x0000000692000000|  0%| F|  |TAMS 0x0000000691c00000| PB 0x0000000691c00000| Untracked 
|  72|0x0000000692000000, 0x0000000692000000, 0x0000000692400000|  0%| F|  |TAMS 0x0000000692000000| PB 0x0000000692000000| Untracked 
|  73|0x0000000692400000, 0x0000000692400000, 0x0000000692800000|  0%| F|  |TAMS 0x0000000692400000| PB 0x0000000692400000| Untracked 
|  74|0x0000000692800000, 0x0000000692800000, 0x0000000692c00000|  0%| F|  |TAMS 0x0000000692800000| PB 0x0000000692800000| Untracked 
|  75|0x0000000692c00000, 0x0000000692c00000, 0x0000000693000000|  0%| F|  |TAMS 0x0000000692c00000| PB 0x0000000692c00000| Untracked 
|  76|0x0000000693000000, 0x0000000693000000, 0x0000000693400000|  0%| F|  |TAMS 0x0000000693000000| PB 0x0000000693000000| Untracked 
|  77|0x0000000693400000, 0x0000000693400000, 0x0000000693800000|  0%| F|  |TAMS 0x0000000693400000| PB 0x0000000693400000| Untracked 
|  78|0x0000000693800000, 0x0000000693800000, 0x0000000693c00000|  0%| F|  |TAMS 0x0000000693800000| PB 0x0000000693800000| Untracked 
|  79|0x0000000693c00000, 0x0000000693c00000, 0x0000000694000000|  0%| F|  |TAMS 0x0000000693c00000| PB 0x0000000693c00000| Untracked 
|  80|0x0000000694000000, 0x0000000694000000, 0x0000000694400000|  0%| F|  |TAMS 0x0000000694000000| PB 0x0000000694000000| Untracked 
|  81|0x0000000694400000, 0x0000000694400000, 0x0000000694800000|  0%| F|  |TAMS 0x0000000694400000| PB 0x0000000694400000| Untracked 
|  82|0x0000000694800000, 0x0000000694800000, 0x0000000694c00000|  0%| F|  |TAMS 0x0000000694800000| PB 0x0000000694800000| Untracked 
|  83|0x0000000694c00000, 0x0000000694c00000, 0x0000000695000000|  0%| F|  |TAMS 0x0000000694c00000| PB 0x0000000694c00000| Untracked 
|  84|0x0000000695000000, 0x0000000695000000, 0x0000000695400000|  0%| F|  |TAMS 0x0000000695000000| PB 0x0000000695000000| Untracked 
|  85|0x0000000695400000, 0x0000000695400000, 0x0000000695800000|  0%| F|  |TAMS 0x0000000695400000| PB 0x0000000695400000| Untracked 
|  86|0x0000000695800000, 0x0000000695800000, 0x0000000695c00000|  0%| F|  |TAMS 0x0000000695800000| PB 0x0000000695800000| Untracked 
|  87|0x0000000695c00000, 0x0000000695c00000, 0x0000000696000000|  0%| F|  |TAMS 0x0000000695c00000| PB 0x0000000695c00000| Untracked 
|  88|0x0000000696000000, 0x0000000696000000, 0x0000000696400000|  0%| F|  |TAMS 0x0000000696000000| PB 0x0000000696000000| Untracked 
|  89|0x0000000696400000, 0x0000000696400000, 0x0000000696800000|  0%| F|  |TAMS 0x0000000696400000| PB 0x0000000696400000| Untracked 
|  90|0x0000000696800000, 0x0000000696800000, 0x0000000696c00000|  0%| F|  |TAMS 0x0000000696800000| PB 0x0000000696800000| Untracked 
|  91|0x0000000696c00000, 0x0000000696c00000, 0x0000000697000000|  0%| F|  |TAMS 0x0000000696c00000| PB 0x0000000696c00000| Untracked 
|  92|0x0000000697000000, 0x0000000697000000, 0x0000000697400000|  0%| F|  |TAMS 0x0000000697000000| PB 0x0000000697000000| Untracked 
|  93|0x0000000697400000, 0x0000000697400000, 0x0000000697800000|  0%| F|  |TAMS 0x0000000697400000| PB 0x0000000697400000| Untracked 
|  94|0x0000000697800000, 0x0000000697800000, 0x0000000697c00000|  0%| F|  |TAMS 0x0000000697800000| PB 0x0000000697800000| Untracked 
|  95|0x0000000697c00000, 0x0000000697c00000, 0x0000000698000000|  0%| F|  |TAMS 0x0000000697c00000| PB 0x0000000697c00000| Untracked 
|  96|0x0000000698000000, 0x0000000698000000, 0x0000000698400000|  0%| F|  |TAMS 0x0000000698000000| PB 0x0000000698000000| Untracked 
|  97|0x0000000698400000, 0x0000000698400000, 0x0000000698800000|  0%| F|  |TAMS 0x0000000698400000| PB 0x0000000698400000| Untracked 
|  98|0x0000000698800000, 0x0000000698800000, 0x0000000698c00000|  0%| F|  |TAMS 0x0000000698800000| PB 0x0000000698800000| Untracked 
|  99|0x0000000698c00000, 0x0000000698c00000, 0x0000000699000000|  0%| F|  |TAMS 0x0000000698c00000| PB 0x0000000698c00000| Untracked 
| 100|0x0000000699000000, 0x0000000699000000, 0x0000000699400000|  0%| F|  |TAMS 0x0000000699000000| PB 0x0000000699000000| Untracked 
| 101|0x0000000699400000, 0x0000000699400000, 0x0000000699800000|  0%| F|  |TAMS 0x0000000699400000| PB 0x0000000699400000| Untracked 
| 102|0x0000000699800000, 0x0000000699800000, 0x0000000699c00000|  0%| F|  |TAMS 0x0000000699800000| PB 0x0000000699800000| Untracked 
| 103|0x0000000699c00000, 0x0000000699c00000, 0x000000069a000000|  0%| F|  |TAMS 0x0000000699c00000| PB 0x0000000699c00000| Untracked 
| 104|0x000000069a000000, 0x000000069a000000, 0x000000069a400000|  0%| F|  |TAMS 0x000000069a000000| PB 0x000000069a000000| Untracked 
| 105|0x000000069a400000, 0x000000069a400000, 0x000000069a800000|  0%| F|  |TAMS 0x000000069a400000| PB 0x000000069a400000| Untracked 
| 106|0x000000069a800000, 0x000000069a800000, 0x000000069ac00000|  0%| F|  |TAMS 0x000000069a800000| PB 0x000000069a800000| Untracked 
| 107|0x000000069ac00000, 0x000000069ac00000, 0x000000069b000000|  0%| F|  |TAMS 0x000000069ac00000| PB 0x000000069ac00000| Untracked 
| 108|0x000000069b000000, 0x000000069b000000, 0x000000069b400000|  0%| F|  |TAMS 0x000000069b000000| PB 0x000000069b000000| Untracked 
| 109|0x000000069b400000, 0x000000069b400000, 0x000000069b800000|  0%| F|  |TAMS 0x000000069b400000| PB 0x000000069b400000| Untracked 
| 110|0x000000069b800000, 0x000000069b800000, 0x000000069bc00000|  0%| F|  |TAMS 0x000000069b800000| PB 0x000000069b800000| Untracked 
| 111|0x000000069bc00000, 0x000000069bc00000, 0x000000069c000000|  0%| F|  |TAMS 0x000000069bc00000| PB 0x000000069bc00000| Untracked 
| 112|0x000000069c000000, 0x000000069c000000, 0x000000069c400000|  0%| F|  |TAMS 0x000000069c000000| PB 0x000000069c000000| Untracked 
| 113|0x000000069c400000, 0x000000069c400000, 0x000000069c800000|  0%| F|  |TAMS 0x000000069c400000| PB 0x000000069c400000| Untracked 
| 114|0x000000069c800000, 0x000000069c800000, 0x000000069cc00000|  0%| F|  |TAMS 0x000000069c800000| PB 0x000000069c800000| Untracked 
| 115|0x000000069cc00000, 0x000000069cc00000, 0x000000069d000000|  0%| F|  |TAMS 0x000000069cc00000| PB 0x000000069cc00000| Untracked 
| 116|0x000000069d000000, 0x000000069d000000, 0x000000069d400000|  0%| F|  |TAMS 0x000000069d000000| PB 0x000000069d000000| Untracked 
| 117|0x000000069d400000, 0x000000069d400000, 0x000000069d800000|  0%| F|  |TAMS 0x000000069d400000| PB 0x000000069d400000| Untracked 
| 118|0x000000069d800000, 0x000000069d800000, 0x000000069dc00000|  0%| F|  |TAMS 0x000000069d800000| PB 0x000000069d800000| Untracked 
| 119|0x000000069dc00000, 0x000000069dc00000, 0x000000069e000000|  0%| F|  |TAMS 0x000000069dc00000| PB 0x000000069dc00000| Untracked 
| 120|0x000000069e000000, 0x000000069e000000, 0x000000069e400000|  0%| F|  |TAMS 0x000000069e000000| PB 0x000000069e000000| Untracked 
| 121|0x000000069e400000, 0x000000069e400000, 0x000000069e800000|  0%| F|  |TAMS 0x000000069e400000| PB 0x000000069e400000| Untracked 
| 122|0x000000069e800000, 0x000000069e800000, 0x000000069ec00000|  0%| F|  |TAMS 0x000000069e800000| PB 0x000000069e800000| Untracked 
| 123|0x000000069ec00000, 0x000000069ec00000, 0x000000069f000000|  0%| F|  |TAMS 0x000000069ec00000| PB 0x000000069ec00000| Untracked 
| 124|0x000000069f000000, 0x000000069f000000, 0x000000069f400000|  0%| F|  |TAMS 0x000000069f000000| PB 0x000000069f000000| Untracked 
| 125|0x000000069f400000, 0x000000069f400000, 0x000000069f800000|  0%| F|  |TAMS 0x000000069f400000| PB 0x000000069f400000| Untracked 
| 126|0x000000069f800000, 0x000000069f800000, 0x000000069fc00000|  0%| F|  |TAMS 0x000000069f800000| PB 0x000000069f800000| Untracked 
| 127|0x000000069fc00000, 0x000000069fc00000, 0x00000006a0000000|  0%| F|  |TAMS 0x000000069fc00000| PB 0x000000069fc00000| Untracked 
| 128|0x00000006a0000000, 0x00000006a0000000, 0x00000006a0400000|  0%| F|  |TAMS 0x00000006a0000000| PB 0x00000006a0000000| Untracked 
| 129|0x00000006a0400000, 0x00000006a0400000, 0x00000006a0800000|  0%| F|  |TAMS 0x00000006a0400000| PB 0x00000006a0400000| Untracked 
| 130|0x00000006a0800000, 0x00000006a0800000, 0x00000006a0c00000|  0%| F|  |TAMS 0x00000006a0800000| PB 0x00000006a0800000| Untracked 
| 131|0x00000006a0c00000, 0x00000006a0c00000, 0x00000006a1000000|  0%| F|  |TAMS 0x00000006a0c00000| PB 0x00000006a0c00000| Untracked 
| 132|0x00000006a1000000, 0x00000006a1000000, 0x00000006a1400000|  0%| F|  |TAMS 0x00000006a1000000| PB 0x00000006a1000000| Untracked 
| 133|0x00000006a1400000, 0x00000006a1400000, 0x00000006a1800000|  0%| F|  |TAMS 0x00000006a1400000| PB 0x00000006a1400000| Untracked 
| 134|0x00000006a1800000, 0x00000006a1800000, 0x00000006a1c00000|  0%| F|  |TAMS 0x00000006a1800000| PB 0x00000006a1800000| Untracked 
| 135|0x00000006a1c00000, 0x00000006a1c00000, 0x00000006a2000000|  0%| F|  |TAMS 0x00000006a1c00000| PB 0x00000006a1c00000| Untracked 
| 136|0x00000006a2000000, 0x00000006a2000000, 0x00000006a2400000|  0%| F|  |TAMS 0x00000006a2000000| PB 0x00000006a2000000| Untracked 
| 137|0x00000006a2400000, 0x00000006a2400000, 0x00000006a2800000|  0%| F|  |TAMS 0x00000006a2400000| PB 0x00000006a2400000| Untracked 
| 138|0x00000006a2800000, 0x00000006a2800000, 0x00000006a2c00000|  0%| F|  |TAMS 0x00000006a2800000| PB 0x00000006a2800000| Untracked 
| 139|0x00000006a2c00000, 0x00000006a2c00000, 0x00000006a3000000|  0%| F|  |TAMS 0x00000006a2c00000| PB 0x00000006a2c00000| Untracked 
| 140|0x00000006a3000000, 0x00000006a3000000, 0x00000006a3400000|  0%| F|  |TAMS 0x00000006a3000000| PB 0x00000006a3000000| Untracked 
| 141|0x00000006a3400000, 0x00000006a3400000, 0x00000006a3800000|  0%| F|  |TAMS 0x00000006a3400000| PB 0x00000006a3400000| Untracked 
| 142|0x00000006a3800000, 0x00000006a3800000, 0x00000006a3c00000|  0%| F|  |TAMS 0x00000006a3800000| PB 0x00000006a3800000| Untracked 
| 143|0x00000006a3c00000, 0x00000006a3c00000, 0x00000006a4000000|  0%| F|  |TAMS 0x00000006a3c00000| PB 0x00000006a3c00000| Untracked 
| 144|0x00000006a4000000, 0x00000006a4000000, 0x00000006a4400000|  0%| F|  |TAMS 0x00000006a4000000| PB 0x00000006a4000000| Untracked 
| 145|0x00000006a4400000, 0x00000006a4400000, 0x00000006a4800000|  0%| F|  |TAMS 0x00000006a4400000| PB 0x00000006a4400000| Untracked 
| 146|0x00000006a4800000, 0x00000006a4800000, 0x00000006a4c00000|  0%| F|  |TAMS 0x00000006a4800000| PB 0x00000006a4800000| Untracked 
| 147|0x00000006a4c00000, 0x00000006a4c00000, 0x00000006a5000000|  0%| F|  |TAMS 0x00000006a4c00000| PB 0x00000006a4c00000| Untracked 
| 148|0x00000006a5000000, 0x00000006a5000000, 0x00000006a5400000|  0%| F|  |TAMS 0x00000006a5000000| PB 0x00000006a5000000| Untracked 
| 149|0x00000006a5400000, 0x00000006a5400000, 0x00000006a5800000|  0%| F|  |TAMS 0x00000006a5400000| PB 0x00000006a5400000| Untracked 
| 150|0x00000006a5800000, 0x00000006a5800000, 0x00000006a5c00000|  0%| F|  |TAMS 0x00000006a5800000| PB 0x00000006a5800000| Untracked 
| 151|0x00000006a5c00000, 0x00000006a5c00000, 0x00000006a6000000|  0%| F|  |TAMS 0x00000006a5c00000| PB 0x00000006a5c00000| Untracked 
| 152|0x00000006a6000000, 0x00000006a6000000, 0x00000006a6400000|  0%| F|  |TAMS 0x00000006a6000000| PB 0x00000006a6000000| Untracked 
| 153|0x00000006a6400000, 0x00000006a6400000, 0x00000006a6800000|  0%| F|  |TAMS 0x00000006a6400000| PB 0x00000006a6400000| Untracked 
| 154|0x00000006a6800000, 0x00000006a6800000, 0x00000006a6c00000|  0%| F|  |TAMS 0x00000006a6800000| PB 0x00000006a6800000| Untracked 
| 155|0x00000006a6c00000, 0x00000006a6c00000, 0x00000006a7000000|  0%| F|  |TAMS 0x00000006a6c00000| PB 0x00000006a6c00000| Untracked 
| 156|0x00000006a7000000, 0x00000006a7000000, 0x00000006a7400000|  0%| F|  |TAMS 0x00000006a7000000| PB 0x00000006a7000000| Untracked 
| 157|0x00000006a7400000, 0x00000006a7400000, 0x00000006a7800000|  0%| F|  |TAMS 0x00000006a7400000| PB 0x00000006a7400000| Untracked 
| 158|0x00000006a7800000, 0x00000006a7800000, 0x00000006a7c00000|  0%| F|  |TAMS 0x00000006a7800000| PB 0x00000006a7800000| Untracked 
| 159|0x00000006a7c00000, 0x00000006a7c00000, 0x00000006a8000000|  0%| F|  |TAMS 0x00000006a7c00000| PB 0x00000006a7c00000| Untracked 
| 160|0x00000006a8000000, 0x00000006a8000000, 0x00000006a8400000|  0%| F|  |TAMS 0x00000006a8000000| PB 0x00000006a8000000| Untracked 
| 161|0x00000006a8400000, 0x00000006a8400000, 0x00000006a8800000|  0%| F|  |TAMS 0x00000006a8400000| PB 0x00000006a8400000| Untracked 
| 162|0x00000006a8800000, 0x00000006a8800000, 0x00000006a8c00000|  0%| F|  |TAMS 0x00000006a8800000| PB 0x00000006a8800000| Untracked 
| 163|0x00000006a8c00000, 0x00000006a8c00000, 0x00000006a9000000|  0%| F|  |TAMS 0x00000006a8c00000| PB 0x00000006a8c00000| Untracked 
| 164|0x00000006a9000000, 0x00000006a9000000, 0x00000006a9400000|  0%| F|  |TAMS 0x00000006a9000000| PB 0x00000006a9000000| Untracked 
| 165|0x00000006a9400000, 0x00000006a9400000, 0x00000006a9800000|  0%| F|  |TAMS 0x00000006a9400000| PB 0x00000006a9400000| Untracked 
| 166|0x00000006a9800000, 0x00000006a9800000, 0x00000006a9c00000|  0%| F|  |TAMS 0x00000006a9800000| PB 0x00000006a9800000| Untracked 
| 167|0x00000006a9c00000, 0x00000006a9c00000, 0x00000006aa000000|  0%| F|  |TAMS 0x00000006a9c00000| PB 0x00000006a9c00000| Untracked 
| 168|0x00000006aa000000, 0x00000006aa000000, 0x00000006aa400000|  0%| F|  |TAMS 0x00000006aa000000| PB 0x00000006aa000000| Untracked 
| 169|0x00000006aa400000, 0x00000006aa400000, 0x00000006aa800000|  0%| F|  |TAMS 0x00000006aa400000| PB 0x00000006aa400000| Untracked 
| 170|0x00000006aa800000, 0x00000006aa800000, 0x00000006aac00000|  0%| F|  |TAMS 0x00000006aa800000| PB 0x00000006aa800000| Untracked 
| 171|0x00000006aac00000, 0x00000006aac00000, 0x00000006ab000000|  0%| F|  |TAMS 0x00000006aac00000| PB 0x00000006aac00000| Untracked 
| 172|0x00000006ab000000, 0x00000006ab000000, 0x00000006ab400000|  0%| F|  |TAMS 0x00000006ab000000| PB 0x00000006ab000000| Untracked 
| 173|0x00000006ab400000, 0x00000006ab400000, 0x00000006ab800000|  0%| F|  |TAMS 0x00000006ab400000| PB 0x00000006ab400000| Untracked 
| 174|0x00000006ab800000, 0x00000006ab800000, 0x00000006abc00000|  0%| F|  |TAMS 0x00000006ab800000| PB 0x00000006ab800000| Untracked 
| 175|0x00000006abc00000, 0x00000006abc00000, 0x00000006ac000000|  0%| F|  |TAMS 0x00000006abc00000| PB 0x00000006abc00000| Untracked 
| 176|0x00000006ac000000, 0x00000006ac000000, 0x00000006ac400000|  0%| F|  |TAMS 0x00000006ac000000| PB 0x00000006ac000000| Untracked 
| 177|0x00000006ac400000, 0x00000006ac400000, 0x00000006ac800000|  0%| F|  |TAMS 0x00000006ac400000| PB 0x00000006ac400000| Untracked 
| 178|0x00000006ac800000, 0x00000006ac800000, 0x00000006acc00000|  0%| F|  |TAMS 0x00000006ac800000| PB 0x00000006ac800000| Untracked 
| 179|0x00000006acc00000, 0x00000006acc00000, 0x00000006ad000000|  0%| F|  |TAMS 0x00000006acc00000| PB 0x00000006acc00000| Untracked 
| 180|0x00000006ad000000, 0x00000006ad000000, 0x00000006ad400000|  0%| F|  |TAMS 0x00000006ad000000| PB 0x00000006ad000000| Untracked 
| 181|0x00000006ad400000, 0x00000006ad400000, 0x00000006ad800000|  0%| F|  |TAMS 0x00000006ad400000| PB 0x00000006ad400000| Untracked 
| 182|0x00000006ad800000, 0x00000006ad831540, 0x00000006adc00000|  4%| S|CS|TAMS 0x00000006ad800000| PB 0x00000006ad800000| Complete 
| 183|0x00000006adc00000, 0x00000006adc00000, 0x00000006ae000000|  0%| F|  |TAMS 0x00000006adc00000| PB 0x00000006adc00000| Untracked 
| 184|0x00000006ae000000, 0x00000006ae000000, 0x00000006ae400000|  0%| F|  |TAMS 0x00000006ae000000| PB 0x00000006ae000000| Untracked 
| 185|0x00000006ae400000, 0x00000006ae400000, 0x00000006ae800000|  0%| F|  |TAMS 0x00000006ae400000| PB 0x00000006ae400000| Untracked 
| 186|0x00000006ae800000, 0x00000006ae800000, 0x00000006aec00000|  0%| F|  |TAMS 0x00000006ae800000| PB 0x00000006ae800000| Untracked 
| 187|0x00000006aec00000, 0x00000006aec00000, 0x00000006af000000|  0%| F|  |TAMS 0x00000006aec00000| PB 0x00000006aec00000| Untracked 
| 188|0x00000006af000000, 0x00000006af176fe0, 0x00000006af400000| 36%| E|  |TAMS 0x00000006af000000| PB 0x00000006af000000| Complete 
| 189|0x00000006af400000, 0x00000006af800000, 0x00000006af800000|100%| E|CS|TAMS 0x00000006af400000| PB 0x00000006af400000| Complete 
| 190|0x00000006af800000, 0x00000006afc00000, 0x00000006afc00000|100%| E|CS|TAMS 0x00000006af800000| PB 0x00000006af800000| Complete 
| 191|0x00000006afc00000, 0x00000006b0000000, 0x00000006b0000000|100%| E|CS|TAMS 0x00000006afc00000| PB 0x00000006afc00000| Complete 
| 192|0x00000006b0000000, 0x00000006b0400000, 0x00000006b0400000|100%| E|CS|TAMS 0x00000006b0000000| PB 0x00000006b0000000| Complete 
| 193|0x00000006b0400000, 0x00000006b0800000, 0x00000006b0800000|100%| E|CS|TAMS 0x00000006b0400000| PB 0x00000006b0400000| Complete 
| 194|0x00000006b0800000, 0x00000006b0c00000, 0x00000006b0c00000|100%| E|CS|TAMS 0x00000006b0800000| PB 0x00000006b0800000| Complete 
| 195|0x00000006b0c00000, 0x00000006b1000000, 0x00000006b1000000|100%| E|CS|TAMS 0x00000006b0c00000| PB 0x00000006b0c00000| Complete 
| 196|0x00000006b1000000, 0x00000006b1400000, 0x00000006b1400000|100%| E|CS|TAMS 0x00000006b1000000| PB 0x00000006b1000000| Complete 
| 197|0x00000006b1400000, 0x00000006b1800000, 0x00000006b1800000|100%| E|CS|TAMS 0x00000006b1400000| PB 0x00000006b1400000| Complete 
| 198|0x00000006b1800000, 0x00000006b1c00000, 0x00000006b1c00000|100%| E|CS|TAMS 0x00000006b1800000| PB 0x00000006b1800000| Complete 
| 199|0x00000006b1c00000, 0x00000006b2000000, 0x00000006b2000000|100%| E|CS|TAMS 0x00000006b1c00000| PB 0x00000006b1c00000| Complete 
| 200|0x00000006b2000000, 0x00000006b2400000, 0x00000006b2400000|100%| E|CS|TAMS 0x00000006b2000000| PB 0x00000006b2000000| Complete 
| 201|0x00000006b2400000, 0x00000006b2800000, 0x00000006b2800000|100%| E|CS|TAMS 0x00000006b2400000| PB 0x00000006b2400000| Complete 
| 202|0x00000006b2800000, 0x00000006b2c00000, 0x00000006b2c00000|100%| E|CS|TAMS 0x00000006b2800000| PB 0x00000006b2800000| Complete 

Card table byte_map: [0x000002d332a40000,0x000002d333640000] _byte_map_base: 0x000002d32f640000

Marking Bits: (CMBitMap*) 0x000002d317374fa0
 Bits: [0x000002d333640000, 0x000002d339640000)

Polling page: 0x000002d310520000

Metaspace:

Usage:
  Non-class:     76.57 MB used.
      Class:     11.85 MB used.
       Both:     88.41 MB used.

Virtual space:
  Non-class space:      128.00 MB reserved,      77.00 MB ( 60%) committed,  2 nodes.
      Class space:        1.00 GB reserved,      12.19 MB (  1%) committed,  1 nodes.
             Both:        1.12 GB reserved,      89.19 MB (  8%) committed. 

Chunk freelists:
   Non-Class:  2.25 MB
       Class:  3.68 MB
        Both:  5.93 MB

MaxMetaspaceSize: unlimited
CompressedClassSpaceSize: 1.00 GB
Initial GC threshold: 21.00 MB
Current GC threshold: 147.94 MB
CDS: on
 - commit_granule_bytes: 65536.
 - commit_granule_words: 8192.
 - virtual_space_node_default_size: 8388608.
 - enlarge_chunks_in_place: 1.
 - use_allocation_guard: 0.


Internal statistics:

num_allocs_failed_limit: 6.
num_arena_births: 1082.
num_arena_deaths: 0.
num_vsnodes_births: 3.
num_vsnodes_deaths: 0.
num_space_committed: 1419.
num_space_uncommitted: 0.
num_chunks_returned_to_freelist: 6.
num_chunks_taken_from_freelist: 3558.
num_chunk_merges: 3.
num_chunk_splits: 2558.
num_chunks_enlarged: 1849.
num_inconsistent_stats: 0.

CodeHeap 'non-profiled nmethods': size=120000Kb used=17926Kb max_used=17926Kb free=102073Kb
 bounds [0x000002d32a910000, 0x000002d32baa0000, 0x000002d331e40000]
CodeHeap 'profiled nmethods': size=120000Kb used=23948Kb max_used=31337Kb free=96051Kb
 bounds [0x000002d322e40000, 0x000002d324ce0000, 0x000002d32a370000]
CodeHeap 'non-nmethods': size=5760Kb used=2272Kb max_used=2396Kb free=3487Kb
 bounds [0x000002d32a370000, 0x000002d32a5e0000, 0x000002d32a910000]
 total_blobs=12516 nmethods=11320 adapters=1096
 compilation: enabled
              stopped_count=0, restarted_count=0
 full_count=0

Compilation events (20 events):
Event: 1531.832 Thread 0x000002d31a69a740 nmethod 26231 0x000002d32ba43790 code [0x000002d32ba43920, 0x000002d32ba439f0]
Event: 1531.833 Thread 0x000002d31a69a740 26235   !   3       com.jidesoft.grid.TreeTableModel::getRowCount (41 bytes)
Event: 1531.833 Thread 0x000002d31a69a740 nmethod 26235 0x000002d323bdf210 code [0x000002d323bdf400, 0x000002d323bdf8a8]
Event: 1531.834 Thread 0x000002d31a69a740 26237       3       com.jidesoft.grid.SortableTreeTableModel::getSortingColumns (41 bytes)
Event: 1531.834 Thread 0x000002d31a69a740 nmethod 26237 0x000002d323bde990 code [0x000002d323bdeb80, 0x000002d323bdf030]
Event: 1531.836 Thread 0x000002d30d40f430 nmethod 26182 0x000002d32ba43a90 code [0x000002d32ba43d60, 0x000002d32ba44580]
Event: 1531.836 Thread 0x000002d30d40f430 26183       4       javax.swing.event.TableModelEvent::<init> (28 bytes)
Event: 1531.837 Thread 0x000002d30d40f430 nmethod 26183 0x000002d32ba44b90 code [0x000002d32ba44d20, 0x000002d32ba44ee0]
Event: 1531.837 Thread 0x000002d31a69a740 26238   !   3       com.jidesoft.chart.model.DefaultChartModel::getPoint (46 bytes)
Event: 1531.837 Thread 0x000002d30d40f430 26181       4       ui.dlg.c.c.E::Ot (20 bytes)
Event: 1531.838 Thread 0x000002d31a69a740 nmethod 26238 0x000002d323bde010 code [0x000002d323bde200, 0x000002d323bde7b0]
Event: 1531.838 Thread 0x000002d31a69a740 26239   !   3       com.jidesoft.chart.model.DefaultChartModel::getPointCount (42 bytes)
Event: 1531.838 Thread 0x000002d31a69a740 nmethod 26239 0x000002d323bdd790 code [0x000002d323bdd980, 0x000002d323bdde08]
Event: 1531.838 Thread 0x000002d31a69a740 26240       3       com.jidesoft.range.CategoryRange::position (74 bytes)
Event: 1531.839 Thread 0x000002d31a69a740 nmethod 26240 0x000002d323bdc890 code [0x000002d323bdcae0, 0x000002d323bdd428]
Event: 1531.839 Thread 0x000002d31a69a740 26241       1       com.jidesoft.chart.model.AxisExtent::getMax (5 bytes)
Event: 1531.839 Thread 0x000002d31a69a740 nmethod 26241 0x000002d32ba44f90 code [0x000002d32ba45120, 0x000002d32ba451e8]
Event: 1531.841 Thread 0x000002d30d40f430 nmethod 26181 0x000002d32ba45290 code [0x000002d32ba45480, 0x000002d32ba45b20]
Event: 1531.841 Thread 0x000002d30d40f430 26236       4       com.jidesoft.grid.StyledTableCellRenderer::firePropertyChange (1 bytes)
Event: 1531.841 Thread 0x000002d30d40f430 nmethod 26236 0x000002d32ba45f10 code [0x000002d32ba460a0, 0x000002d32ba46128]

GC Heap History (20 events):
Event: 1407.851 GC heap before
{Heap before GC invocations=128 (full 36):
 garbage-first heap   total 831488K, used 176013K [0x0000000680000000, 0x0000000800000000)
  region size 4096K, 20 young (81920K), 0 survivors (0K)
 Metaspace       used 90132K, committed 90880K, reserved 1179648K
  class space    used 12072K, committed 12416K, reserved 1048576K
}
Event: 1407.853 GC heap after
{Heap after GC invocations=129 (full 36):
 garbage-first heap   total 831488K, used 94483K [0x0000000680000000, 0x0000000800000000)
  region size 4096K, 1 young (4096K), 1 survivors (4096K)
 Metaspace       used 90132K, committed 90880K, reserved 1179648K
  class space    used 12072K, committed 12416K, reserved 1048576K
}
Event: 1409.035 GC heap before
{Heap before GC invocations=129 (full 36):
 garbage-first heap   total 831488K, used 94483K [0x0000000680000000, 0x0000000800000000)
  region size 4096K, 2 young (8192K), 1 survivors (4096K)
 Metaspace       used 90132K, committed 90880K, reserved 1179648K
  class space    used 12072K, committed 12416K, reserved 1048576K
}
Event: 1409.095 GC heap after
{Heap after GC invocations=130 (full 37):
 garbage-first heap   total 831488K, used 93899K [0x0000000680000000, 0x0000000800000000)
  region size 4096K, 0 young (0K), 0 survivors (0K)
 Metaspace       used 90132K, committed 90880K, reserved 1179648K
  class space    used 12072K, committed 12416K, reserved 1048576K
}
Event: 1426.624 GC heap before
{Heap before GC invocations=130 (full 37):
 garbage-first heap   total 831488K, used 175819K [0x0000000680000000, 0x0000000800000000)
  region size 4096K, 20 young (81920K), 0 survivors (0K)
 Metaspace       used 90176K, committed 90944K, reserved 1179648K
  class space    used 12072K, committed 12416K, reserved 1048576K
}
Event: 1426.626 GC heap after
{Heap after GC invocations=131 (full 37):
 garbage-first heap   total 831488K, used 95105K [0x0000000680000000, 0x0000000800000000)
  region size 4096K, 1 young (4096K), 1 survivors (4096K)
 Metaspace       used 90176K, committed 90944K, reserved 1179648K
  class space    used 12072K, committed 12416K, reserved 1048576K
}
Event: 1429.524 GC heap before
{Heap before GC invocations=131 (full 37):
 garbage-first heap   total 831488K, used 168833K [0x0000000680000000, 0x0000000800000000)
  region size 4096K, 20 young (81920K), 1 survivors (4096K)
 Metaspace       used 90185K, committed 90944K, reserved 1179648K
  class space    used 12072K, committed 12416K, reserved 1048576K
}
Event: 1429.526 GC heap after
{Heap after GC invocations=132 (full 37):
 garbage-first heap   total 831488K, used 94798K [0x0000000680000000, 0x0000000800000000)
  region size 4096K, 1 young (4096K), 1 survivors (4096K)
 Metaspace       used 90185K, committed 90944K, reserved 1179648K
  class space    used 12072K, committed 12416K, reserved 1048576K
}
Event: 1449.227 GC heap before
{Heap before GC invocations=132 (full 37):
 garbage-first heap   total 831488K, used 119374K [0x0000000680000000, 0x0000000800000000)
  region size 4096K, 8 young (32768K), 1 survivors (4096K)
 Metaspace       used 90190K, committed 90944K, reserved 1179648K
  class space    used 12072K, committed 12416K, reserved 1048576K
}
Event: 1449.289 GC heap after
{Heap after GC invocations=133 (full 38):
 garbage-first heap   total 831488K, used 94123K [0x0000000680000000, 0x0000000800000000)
  region size 4096K, 0 young (0K), 0 survivors (0K)
 Metaspace       used 90190K, committed 90944K, reserved 1179648K
  class space    used 12072K, committed 12416K, reserved 1048576K
}
Event: 1489.286 GC heap before
{Heap before GC invocations=133 (full 38):
 garbage-first heap   total 831488K, used 167851K [0x0000000680000000, 0x0000000800000000)
  region size 4096K, 19 young (77824K), 0 survivors (0K)
 Metaspace       used 90193K, committed 90944K, reserved 1179648K
  class space    used 12072K, committed 12416K, reserved 1048576K
}
Event: 1489.345 GC heap after
{Heap after GC invocations=134 (full 39):
 garbage-first heap   total 831488K, used 94197K [0x0000000680000000, 0x0000000800000000)
  region size 4096K, 0 young (0K), 0 survivors (0K)
 Metaspace       used 90193K, committed 90944K, reserved 1179648K
  class space    used 12072K, committed 12416K, reserved 1048576K
}
Event: 1511.150 GC heap before
{Heap before GC invocations=134 (full 39):
 garbage-first heap   total 831488K, used 176117K [0x0000000680000000, 0x0000000800000000)
  region size 4096K, 20 young (81920K), 0 survivors (0K)
 Metaspace       used 90198K, committed 90944K, reserved 1179648K
  class space    used 12072K, committed 12416K, reserved 1048576K
}
Event: 1511.152 GC heap after
{Heap after GC invocations=135 (full 39):
 garbage-first heap   total 831488K, used 94527K [0x0000000680000000, 0x0000000800000000)
  region size 4096K, 1 young (4096K), 1 survivors (4096K)
 Metaspace       used 90198K, committed 90944K, reserved 1179648K
  class space    used 12072K, committed 12416K, reserved 1048576K
}
Event: 1514.693 GC heap before
{Heap before GC invocations=135 (full 39):
 garbage-first heap   total 831488K, used 172351K [0x0000000680000000, 0x0000000800000000)
  region size 4096K, 20 young (81920K), 1 survivors (4096K)
 Metaspace       used 90216K, committed 90944K, reserved 1179648K
  class space    used 12072K, committed 12416K, reserved 1048576K
}
Event: 1514.697 GC heap after
{Heap after GC invocations=136 (full 39):
 garbage-first heap   total 831488K, used 95584K [0x0000000680000000, 0x0000000800000000)
  region size 4096K, 1 young (4096K), 1 survivors (4096K)
 Metaspace       used 90216K, committed 90944K, reserved 1179648K
  class space    used 12072K, committed 12416K, reserved 1048576K
}
Event: 1529.541 GC heap before
{Heap before GC invocations=136 (full 39):
 garbage-first heap   total 831488K, used 152928K [0x0000000680000000, 0x0000000800000000)
  region size 4096K, 16 young (65536K), 1 survivors (4096K)
 Metaspace       used 90216K, committed 90944K, reserved 1179648K
  class space    used 12072K, committed 12416K, reserved 1048576K
}
Event: 1529.599 GC heap after
{Heap after GC invocations=137 (full 40):
 garbage-first heap   total 831488K, used 94305K [0x0000000680000000, 0x0000000800000000)
  region size 4096K, 0 young (0K), 0 survivors (0K)
 Metaspace       used 90216K, committed 90944K, reserved 1179648K
  class space    used 12072K, committed 12416K, reserved 1048576K
}
Event: 1530.072 GC heap before
{Heap before GC invocations=137 (full 40):
 garbage-first heap   total 831488K, used 176225K [0x0000000680000000, 0x0000000800000000)
  region size 4096K, 20 young (81920K), 0 survivors (0K)
 Metaspace       used 90216K, committed 90944K, reserved 1179648K
  class space    used 12072K, committed 12416K, reserved 1048576K
}
Event: 1530.074 GC heap after
{Heap after GC invocations=138 (full 40):
 garbage-first heap   total 831488K, used 94503K [0x0000000680000000, 0x0000000800000000)
  region size 4096K, 1 young (4096K), 1 survivors (4096K)
 Metaspace       used 90216K, committed 90944K, reserved 1179648K
  class space    used 12072K, committed 12416K, reserved 1048576K
}

Dll operation events (20 events):
Event: 0.826 Loaded shared library C:\Appz\AMDDesignTools\2025.2\Vivado\lib\win64.o\xv_simtcltasks.dll
Event: 0.845 Loaded shared library C:\Appz\AMDDesignTools\2025.2\Vivado\lib\win64.o\xv_ipservicestasks.dll
Event: 0.846 Loaded shared library C:\Appz\AMDDesignTools\2025.2\Vivado\lib\win64.o\xv_vivadotasks.dll
Event: 0.847 Loaded shared library C:\Appz\AMDDesignTools\2025.2\Vivado\lib\win64.o\xv_board.dll
Event: 0.849 Loaded shared library C:\Appz\AMDDesignTools\2025.2\Vivado\lib\win64.o\xv_boarddep.dll
Event: 0.850 Loaded shared library C:\Appz\AMDDesignTools\2025.2\Vivado\lib\win64.o\xv_boardcommontasks.dll
Event: 0.851 Loaded shared library C:\Appz\AMDDesignTools\2025.2\Vivado\lib\win64.o\xv_ptgen.dll
Event: 0.852 Loaded shared library C:\Appz\AMDDesignTools\2025.2\Vivado\lib\win64.o\xv_ip.dll
Event: 0.853 Loaded shared library C:\Appz\AMDDesignTools\2025.2\Vivado\lib\win64.o\xv_mig.dll
Event: 0.856 Loaded shared library C:\Appz\AMDDesignTools\2025.2\Vivado\lib\win64.o\xv_implflow.dll
Event: 0.857 Loaded shared library C:\Appz\AMDDesignTools\2025.2\Vivado\lib\win64.o\xv_xhubtasks.dll
Event: 0.907 Loaded shared library C:\Appz\AMDDesignTools\2025.2\Vivado\lib\win64.o\xv_iptasks.dll
Event: 0.908 Loaded shared library C:\Appz\AMDDesignTools\2025.2\Vivado\lib\win64.o\xv_synth.dll
Event: 0.910 Loaded shared library C:\Appz\AMDDesignTools\2025.2\Vivado\lib\win64.o\xv_blockmodel.dll
Event: 2.131 Loaded shared library C:\Appz\AMDDesignTools\2025.2\Vivado\tps\win64\jre21.0.5_11\bin\verify.dll
Event: 2.206 Loaded shared library C:\Appz\AMDDesignTools\2025.2\Vivado\tps\win64\jre21.0.5_11\bin\freetype.dll
Event: 2.208 Loaded shared library C:\Appz\AMDDesignTools\2025.2\Vivado\tps\win64\jre21.0.5_11\bin\fontmanager.dll
Event: 6.667 Loaded shared library C:\Appz\AMDDesignTools\2025.2\Vivado\lib\win64.o\xv_xhub.dll
Event: 12.928 Loaded shared library C:\Appz\AMDDesignTools\2025.2\Vivado\tps\win64\jre21.0.5_11\bin\management.dll
Event: 12.932 Loaded shared library C:\Appz\AMDDesignTools\2025.2\Vivado\tps\win64\jre21.0.5_11\bin\management_ext.dll

Deoptimization events (20 events):
Event: 1531.799 Thread 0x000002d37dab5030 Uncommon trap: trap_request=0xffffffc6 fr.pc=0x000002d32b7bcb04 relative=0x0000000000000144
Event: 1531.799 Thread 0x000002d37dab5030 Uncommon trap: reason=bimorphic_or_optimized_type_check action=maybe_recompile pc=0x000002d32b7bcb04 method=com.jidesoft.grid.TableModelWrapperImpl.getConverterContextAt(II)Lcom/jidesoft/converter/ConverterContext; @ 41 c2
Event: 1531.799 Thread 0x000002d37dab5030 DEOPT PACKING pc=0x000002d32b7bcb04 sp=0x000000d7e5afd3e0
Event: 1531.799 Thread 0x000002d37dab5030 DEOPT UNPACKING pc=0x000002d32a3c46a2 sp=0x000000d7e5afd368 mode 2
Event: 1531.832 Thread 0x000002d37dab5030 Uncommon trap: trap_request=0xffffffde fr.pc=0x000002d32b03b6fc relative=0x000000000000215c
Event: 1531.832 Thread 0x000002d37dab5030 Uncommon trap: reason=class_check action=maybe_recompile pc=0x000002d32b03b6fc method=com.jidesoft.grid.TreeTableModel.b(Ljava/util/List;Lcom/jidesoft/grid/Row;)V @ 13 c2
Event: 1531.832 Thread 0x000002d37dab5030 DEOPT PACKING pc=0x000002d32b03b6fc sp=0x000000d7e5afd840
Event: 1531.832 Thread 0x000002d37dab5030 DEOPT UNPACKING pc=0x000002d32a3c46a2 sp=0x000000d7e5afd838 mode 2
Event: 1531.832 Thread 0x000002d37dab5030 Uncommon trap: trap_request=0xffffffde fr.pc=0x000002d32b03b6fc relative=0x000000000000215c
Event: 1531.832 Thread 0x000002d37dab5030 Uncommon trap: reason=class_check action=maybe_recompile pc=0x000002d32b03b6fc method=com.jidesoft.grid.TreeTableModel.b(Ljava/util/List;Lcom/jidesoft/grid/Row;)V @ 13 c2
Event: 1531.832 Thread 0x000002d37dab5030 DEOPT PACKING pc=0x000002d32b03b6fc sp=0x000000d7e5afd7b0
Event: 1531.832 Thread 0x000002d37dab5030 DEOPT UNPACKING pc=0x000002d32a3c46a2 sp=0x000000d7e5afd7a8 mode 2
Event: 1531.832 Thread 0x000002d37dab5030 Uncommon trap: trap_request=0xffffffde fr.pc=0x000002d32b03b6fc relative=0x000000000000215c
Event: 1531.832 Thread 0x000002d37dab5030 Uncommon trap: reason=class_check action=maybe_recompile pc=0x000002d32b03b6fc method=com.jidesoft.grid.TreeTableModel.b(Ljava/util/List;Lcom/jidesoft/grid/Row;)V @ 13 c2
Event: 1531.832 Thread 0x000002d37dab5030 DEOPT PACKING pc=0x000002d32b03b6fc sp=0x000000d7e5afd720
Event: 1531.832 Thread 0x000002d37dab5030 DEOPT UNPACKING pc=0x000002d32a3c46a2 sp=0x000000d7e5afd718 mode 2
Event: 1531.832 Thread 0x000002d37dab5030 Uncommon trap: trap_request=0xffffffde fr.pc=0x000002d32b03b6fc relative=0x000000000000215c
Event: 1531.832 Thread 0x000002d37dab5030 Uncommon trap: reason=class_check action=maybe_recompile pc=0x000002d32b03b6fc method=com.jidesoft.grid.TreeTableModel.b(Ljava/util/List;Lcom/jidesoft/grid/Row;)V @ 13 c2
Event: 1531.832 Thread 0x000002d37dab5030 DEOPT PACKING pc=0x000002d32b03b6fc sp=0x000000d7e5afd720
Event: 1531.832 Thread 0x000002d37dab5030 DEOPT UNPACKING pc=0x000002d32a3c46a2 sp=0x000000d7e5afd718 mode 2

Classes loaded (20 events):
Event: 830.718 Loading class jdk/internal/access/JavaObjectInputFilterAccess
Event: 830.719 Loading class jdk/internal/access/JavaObjectInputFilterAccess done
Event: 1068.581 Loading class sun/awt/datatransfer/ClipboardTransferable
Event: 1068.581 Loading class sun/awt/datatransfer/ClipboardTransferable done
Event: 1068.600 Loading class java/util/AbstractMap$SimpleEntry
Event: 1068.601 Loading class java/util/AbstractMap$SimpleEntry done
Event: 1068.611 Loading class sun/awt/datatransfer/ClipboardTransferable$DataFactory
Event: 1068.611 Loading class sun/awt/datatransfer/ClipboardTransferable$DataFactory done
Event: 1068.611 Loading class sun/datatransfer/DataFlavorUtil$DataFlavorComparator
Event: 1068.612 Loading class sun/datatransfer/DataFlavorUtil$DataFlavorComparator done
Event: 1068.612 Loading class sun/datatransfer/DataFlavorUtil$RMI
Event: 1068.612 Loading class sun/datatransfer/DataFlavorUtil$RMI done
Event: 1068.612 Loading class java/rmi/Remote
Event: 1068.612 Loading class java/rmi/Remote done
Event: 1068.612 Loading class java/rmi/MarshalledObject
Event: 1068.613 Loading class java/rmi/MarshalledObject done
Event: 1167.243 Loading class javax/swing/plaf/basic/BasicOptionPaneUI$Actions
Event: 1167.243 Loading class javax/swing/plaf/basic/BasicOptionPaneUI$Actions done
Event: 1376.175 Loading class javax/swing/JList$4
Event: 1376.175 Loading class javax/swing/JList$4 done

Classes unloaded (0 events):
No events

Classes redefined (0 events):
No events

Internal exceptions (20 events):
Event: 859.989 Thread 0x000002d31a7bca40 Exception <a 'java/lang/InterruptedException'{0x00000006b1185660}: sleep interrupted> (0x00000006b1185660) 
thrown [s\src\hotspot\share\prims\jvm.cpp, line 3074]
Event: 863.591 Thread 0x000002d31a7c0be0 Exception <a 'java/lang/InterruptedException'{0x00000006b2978940}: sleep interrupted> (0x00000006b2978940) 
thrown [s\src\hotspot\share\prims\jvm.cpp, line 3052]
Event: 922.869 Thread 0x000002d31a7c3340 Exception <a 'java/lang/InterruptedException'{0x00000006b0fa6a28}: sleep interrupted> (0x00000006b0fa6a28) 
thrown [s\src\hotspot\share\prims\jvm.cpp, line 3074]
Event: 925.882 Thread 0x000002d31a7c0550 Exception <a 'java/lang/InterruptedException'{0x00000006b2555498}: sleep interrupted> (0x00000006b2555498) 
thrown [s\src\hotspot\share\prims\jvm.cpp, line 3052]
Event: 1068.610 Thread 0x000002d37dab5030 Exception <a 'java/lang/NoSuchMethodError'{0x00000006add77f18}: 'void java.lang.invoke.DirectMethodHandle$Holder.invokeSpecial(java.lang.Object, java.lang.Object, java.lang.Object, java.lang.Object, java.lang.Object)'> (0x00000006add77f18) 
thrown [s\src\hotspot\share\interpreter\linkResolver.cpp, line 773]
Event: 1070.469 Thread 0x000002d31a7c3340 Exception <a 'java/lang/InterruptedException'{0x00000006b2b71140}: sleep interrupted> (0x00000006b2b71140) 
thrown [s\src\hotspot\share\prims\jvm.cpp, line 3074]
Event: 1076.306 Thread 0x000002d37dab5030 Exception <a 'java/lang/NoSuchMethodError'{0x00000006ae548630}: 'java.lang.Object java.lang.invoke.DirectMethodHandle$Holder.invokeSpecial(java.lang.Object, java.lang.Object, java.lang.Object, int, java.lang.Object, java.lang.Object)'> (0x00000006ae548630) 
thrown [s\src\hotspot\share\interpreter\linkResolver.cpp, line 773]
Event: 1076.306 Thread 0x000002d37dab5030 Exception <a 'java/lang/NoSuchMethodError'{0x00000006ae54beb0}: 'java.lang.Object java.lang.invoke.Invokers$Holder.linkToTargetMethod(java.lang.Object, int, java.lang.Object, java.lang.Object, java.lang.Object)'> (0x00000006ae54beb0) 
thrown [s\src\hotspot\share\interpreter\linkResolver.cpp, line 773]
Event: 1078.318 Thread 0x000002d31a7c0be0 Exception <a 'java/lang/InterruptedException'{0x00000006b0964b50}: sleep interrupted> (0x00000006b0964b50) 
thrown [s\src\hotspot\share\prims\jvm.cpp, line 3052]
Event: 1118.556 Thread 0x000002d31a7c3340 Exception <a 'java/lang/InterruptedException'{0x00000006aedc29d8}: sleep interrupted> (0x00000006aedc29d8) 
thrown [s\src\hotspot\share\prims\jvm.cpp, line 3074]
Event: 1122.409 Thread 0x000002d31a7c0550 Exception <a 'java/lang/InterruptedException'{0x00000006b071d0d8}: sleep interrupted> (0x00000006b071d0d8) 
thrown [s\src\hotspot\share\prims\jvm.cpp, line 3052]
Event: 1167.232 Thread 0x000002d37dab5030 Implicit null exception at 0x000002d32b13e84c to 0x000002d32b13f5c0
Event: 1167.232 Thread 0x000002d37dab5030 Implicit null exception at 0x000002d32ab12720 to 0x000002d32ab12f2c
Event: 1178.908 Thread 0x000002d31a7c3340 Exception <a 'java/lang/InterruptedException'{0x00000006afc74808}: sleep interrupted> (0x00000006afc74808) 
thrown [s\src\hotspot\share\prims\jvm.cpp, line 3074]
Event: 1182.519 Thread 0x000002d31a7c0be0 Exception <a 'java/lang/InterruptedException'{0x00000006afec6930}: sleep interrupted> (0x00000006afec6930) 
thrown [s\src\hotspot\share\prims\jvm.cpp, line 3052]
Event: 1425.963 Thread 0x000002d31a7c3340 Exception <a 'java/lang/InterruptedException'{0x00000006b004c140}: sleep interrupted> (0x00000006b004c140) 
thrown [s\src\hotspot\share\prims\jvm.cpp, line 3074]
Event: 1428.636 Thread 0x000002d31a7c3340 Exception <a 'java/lang/InterruptedException'{0x00000006b105d0e0}: sleep interrupted> (0x00000006b105d0e0) 
thrown [s\src\hotspot\share\prims\jvm.cpp, line 3052]
Event: 1511.555 Thread 0x000002d31a7c1f90 Exception <a 'java/lang/InterruptedException'{0x00000006b214c560}: sleep interrupted> (0x00000006b214c560) 
thrown [s\src\hotspot\share\prims\jvm.cpp, line 3074]
Event: 1514.746 Thread 0x000002d31a7444f0 Exception <a 'java/lang/InterruptedException'{0x00000006b24007a0}: sleep interrupted> (0x00000006b24007a0) 
thrown [s\src\hotspot\share\prims\jvm.cpp, line 3052]
Event: 1531.791 Thread 0x000002d37dab5030 Implicit null exception at 0x000002d32ad8224d to 0x000002d32ad828cc

ZGC Phase Switch (0 events):
No events

VM Operations (20 events):
Event: 1503.607 Executing VM operation: RendezvousGCThreads
Event: 1503.607 Executing VM operation: RendezvousGCThreads done
Event: 1507.609 Executing VM operation: Cleanup
Event: 1507.609 Executing VM operation: Cleanup done
Event: 1511.150 Executing VM operation: G1CollectForAllocation (G1 Evacuation Pause)
Event: 1511.152 Executing VM operation: G1CollectForAllocation (G1 Evacuation Pause) done
Event: 1513.152 Executing VM operation: Cleanup
Event: 1513.152 Executing VM operation: Cleanup done
Event: 1514.152 Executing VM operation: Cleanup
Event: 1514.152 Executing VM operation: Cleanup done
Event: 1514.693 Executing VM operation: G1CollectForAllocation (G1 Evacuation Pause)
Event: 1514.697 Executing VM operation: G1CollectForAllocation (G1 Evacuation Pause) done
Event: 1516.697 Executing VM operation: Cleanup
Event: 1516.697 Executing VM operation: Cleanup done
Event: 1529.541 Executing VM operation: G1CollectFull (System.gc())
Event: 1529.600 Executing VM operation: G1CollectFull (System.gc()) done
Event: 1530.072 Executing VM operation: G1CollectForAllocation (G1 Evacuation Pause)
Event: 1530.074 Executing VM operation: G1CollectForAllocation (G1 Evacuation Pause) done
Event: 1531.074 Executing VM operation: Cleanup
Event: 1531.074 Executing VM operation: Cleanup done

Memory protections (0 events):
No events

Nmethod flushes (20 events):
Event: 1489.318 Thread 0x000002d31326c2d0 flushing  nmethod 0x000002d322fa8590
Event: 1489.318 Thread 0x000002d31326c2d0 flushing  nmethod 0x000002d3237b6e10
Event: 1489.318 Thread 0x000002d31326c2d0 flushing  nmethod 0x000002d3239c7c90
Event: 1489.318 Thread 0x000002d31326c2d0 flushing  nmethod 0x000002d32400ef90
Event: 1489.318 Thread 0x000002d31326c2d0 flushing  nmethod 0x000002d324683990
Event: 1489.318 Thread 0x000002d31326c2d0 flushing  nmethod 0x000002d324688c10
Event: 1489.318 Thread 0x000002d31326c2d0 flushing  nmethod 0x000002d32498e290
Event: 1489.318 Thread 0x000002d31326c2d0 flushing  nmethod 0x000002d323bfe110
Event: 1489.318 Thread 0x000002d31326c2d0 flushing  nmethod 0x000002d324465e10
Event: 1489.318 Thread 0x000002d31326c2d0 flushing  nmethod 0x000002d324467e90
Event: 1489.318 Thread 0x000002d31326c2d0 flushing  nmethod 0x000002d3249d5590
Event: 1489.318 Thread 0x000002d31326c2d0 flushing  nmethod 0x000002d322e4ad90
Event: 1489.318 Thread 0x000002d31326c2d0 flushing  nmethod 0x000002d3232fb890
Event: 1489.318 Thread 0x000002d31326c2d0 flushing  nmethod 0x000002d323995b90
Event: 1489.318 Thread 0x000002d31326c2d0 flushing  nmethod 0x000002d32488d410
Event: 1529.571 Thread 0x000002d31326c2d0 flushing  nmethod 0x000002d324335690
Event: 1529.571 Thread 0x000002d31326c2d0 flushing osr nmethod 0x000002d3238f5510
Event: 1529.571 Thread 0x000002d31326c2d0 flushing  nmethod 0x000002d3244acd10
Event: 1529.571 Thread 0x000002d31326c2d0 flushing  nmethod 0x000002d324bb6810
Event: 1529.571 Thread 0x000002d31326c2d0 flushing  nmethod 0x000002d324538690

Events (20 events):
Event: 1526.027 Thread 0x000002d37dab5030 Thread added: 0x000002d31a7bf1a0
Event: 1526.028 Thread 0x000002d31a7bf1a0 Thread exited: 0x000002d31a7bf1a0
Event: 1526.676 Thread 0x000002d37dab5030 Thread added: 0x000002d31a7bf1a0
Event: 1526.677 Thread 0x000002d31a7bf1a0 Thread exited: 0x000002d31a7bf1a0
Event: 1527.678 Thread 0x000002d37dab5030 Thread added: 0x000002d31a7bf1a0
Event: 1527.681 Thread 0x000002d31a7bf1a0 Thread exited: 0x000002d31a7bf1a0
Event: 1528.679 Thread 0x000002d37dab5030 Thread added: 0x000002d31a7bf1a0
Event: 1528.681 Thread 0x000002d31a7bf1a0 Thread exited: 0x000002d31a7bf1a0
Event: 1529.539 Thread 0x000002d37f1f1840 Thread added: 0x000002d31a7bf1a0
Event: 1529.541 Thread 0x000002d31a7bf1a0 Thread added: 0x000002d31a7c39d0
Event: 1529.541 Thread 0x000002d31a7c39d0 Thread exited: 0x000002d31a7c39d0
Event: 1529.601 Thread 0x000002d31a7bf1a0 Thread exited: 0x000002d31a7bf1a0
Event: 1529.680 Thread 0x000002d37dab5030 Thread added: 0x000002d31a7bf1a0
Event: 1529.681 Thread 0x000002d31a7bf1a0 Thread exited: 0x000002d31a7bf1a0
Event: 1530.682 Thread 0x000002d37dab5030 Thread added: 0x000002d31a7bf1a0
Event: 1530.683 Thread 0x000002d31a7bf1a0 Thread exited: 0x000002d31a7bf1a0
Event: 1531.626 Thread 0x000002d37dab5030 Thread added: 0x000002d31a7bf1a0
Event: 1531.755 Thread 0x000002d31a69a740 Thread added: 0x000002d30d40f430
Event: 1531.827 Thread 0x000002d37dab5030 Thread added: 0x000002d308316ab0
Event: 1531.828 Thread 0x000002d308316ab0 Thread exited: 0x000002d308316ab0


Dynamic libraries:
0x00007ff7a92c0000 - 0x00007ff7a92c8000 	C:\Appz\AMDDesignTools\2025.2\Vivado\bin\unwrapped\win64.o\vivado.exe
0x00007ff8f31e0000 - 0x00007ff8f3447000 	C:\windows\SYSTEM32\ntdll.dll
0x00007ff8f1d20000 - 0x00007ff8f1de9000 	C:\windows\System32\KERNEL32.DLL
0x00007ff8f0800000 - 0x00007ff8f0bf1000 	C:\windows\System32\KERNELBASE.dll
0x00007ff8efac0000 - 0x00007ff8efc0b000 	C:\windows\System32\ucrtbase.dll
0x00007ff8b5540000 - 0x00007ff8b55c8000 	C:\windows\SYSTEM32\MSVCP140.dll
0x00007ff8b5510000 - 0x00007ff8b552e000 	C:\windows\SYSTEM32\VCRUNTIME140.dll
0x00007ff8b5530000 - 0x00007ff8b553b000 	C:\windows\SYSTEM32\VCRUNTIME140_1.dll
0x00007ff8d43f0000 - 0x00007ff8d4423000 	C:\Appz\AMDDesignTools\2025.2\Vivado\lib\win64.o\xv_commonmain.dll
0x00007ff860e90000 - 0x00007ff86264a000 	C:\Appz\AMDDesignTools\2025.2\Vivado\lib\win64.o\xv_common.dll
0x00007ff8f2840000 - 0x00007ff8f2a05000 	C:\windows\System32\USER32.dll
0x00007ff8ecbe0000 - 0x00007ff8ecbec000 	C:\Appz\AMDDesignTools\2025.2\Vivado\lib\win64.o\xv_commonversion.dll
0x00007ff8f0f50000 - 0x00007ff8f0f77000 	C:\windows\System32\win32u.dll
0x00007ff8f0f80000 - 0x00007ff8f0fab000 	C:\windows\System32\GDI32.dll
0x00007ff8f0e20000 - 0x00007ff8f0f4b000 	C:\windows\System32\gdi32full.dll
0x00007ff8f0d70000 - 0x00007ff8f0e13000 	C:\windows\System32\msvcp_win.dll
0x00007ff8f1910000 - 0x00007ff8f19cb000 	C:\windows\System32\ADVAPI32.dll
0x00007ff89d4f0000 - 0x00007ff89d749000 	C:\Appz\AMDDesignTools\2025.2\Vivado\lib\win64.o\xv_commonxillic.dll
0x00007ff8f1860000 - 0x00007ff8f1909000 	C:\windows\System32\msvcrt.dll
0x00007ff8f1c70000 - 0x00007ff8f1ce4000 	C:\windows\System32\WS2_32.dll
0x00007ff8f2690000 - 0x00007ff8f2737000 	C:\windows\System32\sechost.dll
0x00007ff8f2570000 - 0x00007ff8f2688000 	C:\windows\System32\RPCRT4.dll
0x00007ff8f2a10000 - 0x00007ff8f316f000 	C:\windows\System32\SHELL32.dll
0x00007ff8e6110000 - 0x00007ff8e613a000 	C:\Appz\AMDDesignTools\2025.2\Vivado\lib\win64.o\boost_filesystem.dll
0x00007ff8efca0000 - 0x00007ff8efe0a000 	C:\windows\System32\wintypes.dll
0x00007ff8f1ff0000 - 0x00007ff8f2372000 	C:\windows\System32\combase.dll
0x00007ff8efc10000 - 0x00007ff8efc91000 	C:\windows\System32\WINTRUST.dll
0x00007ff866a80000 - 0x00007ff8671cb000 	C:\Appz\AMDDesignTools\2025.2\Vivado\tps\win64\python-3.13.0\python313.dll
0x00007ff8bf300000 - 0x00007ff8bf4c5000 	C:\Appz\AMDDesignTools\2025.2\Vivado\lib\win64.o\tcl86t.dll
0x00007ff8eb870000 - 0x00007ff8eb87a000 	C:\windows\SYSTEM32\WSOCK32.dll
0x00007ff8b6500000 - 0x00007ff8b6788000 	C:\windows\SYSTEM32\WININET.dll
0x00007ff8e94d0000 - 0x00007ff8e95f7000 	C:\windows\SYSTEM32\WINHTTP.dll
0x00007ff8e61d0000 - 0x00007ff8e61ea000 	C:\windows\SYSTEM32\NETAPI32.dll
0x00007ff8e1aa0000 - 0x00007ff8e1c7d000 	C:\windows\SYSTEM32\urlmon.dll
0x00007ff8efe10000 - 0x00007ff8f0674000 	C:\windows\System32\windows.storage.dll
0x00007ff85d250000 - 0x00007ff85e2de000 	C:\Appz\AMDDesignTools\2025.2\Vivado\lib\win64.o\xv_isl_iostreams.dll
0x00007ff879db0000 - 0x00007ff87a0c6000 	C:\Appz\AMDDesignTools\2025.2\Vivado\lib\win64.o\libXil_lmgr11.dll
0x00007ff8a8d00000 - 0x00007ff8a8e44000 	C:\Appz\AMDDesignTools\2025.2\Vivado\lib\win64.o\boost_regex.dll
0x00007ff8f2740000 - 0x00007ff8f282e000 	C:\windows\System32\COMDLG32.dll
0x00007ff8ef9b0000 - 0x00007ff8ef9da000 	C:\windows\SYSTEM32\bcrypt.dll
0x00007ff8f1e40000 - 0x00007ff8f1f37000 	C:\windows\System32\shcore.dll
0x00007ff8f1f40000 - 0x00007ff8f1fa7000 	C:\windows\System32\SHLWAPI.dll
0x00007ff8f19e0000 - 0x00007ff8f1ab7000 	C:\windows\System32\OLEAUT32.dll
0x00007ff8f1ac0000 - 0x00007ff8f1c55000 	C:\windows\System32\ole32.dll
0x00007ff8f0680000 - 0x00007ff8f07f7000 	C:\windows\System32\CRYPT32.dll
0x00007ff8d43b0000 - 0x00007ff8d43d7000 	C:\Appz\AMDDesignTools\2025.2\Vivado\lib\win64.o\boost_thread.dll
0x00007ff8ddec0000 - 0x00007ff8ddeda000 	C:\Appz\AMDDesignTools\2025.2\Vivado\lib\win64.o\boost_date_time.dll
0x00007ff848000000 - 0x00007ff848dab000 	C:\Appz\AMDDesignTools\2025.2\Vivado\lib\win64.o\xv_common_protobuf.dll
0x00007ff8d4250000 - 0x00007ff8d4271000 	C:\Appz\AMDDesignTools\2025.2\Vivado\lib\win64.o\boost_iostreams.dll
0x00007ff8bf000000 - 0x00007ff8bf096000 	C:\Appz\AMDDesignTools\2025.2\Vivado\lib\win64.o\boost_program_options.dll
0x00007ff8d2d90000 - 0x00007ff8d2db5000 	C:\Appz\AMDDesignTools\2025.2\Vivado\lib\win64.o\xv_isl_sysinfo.dll
0x00007ff8ea160000 - 0x00007ff8ea170000 	C:\Appz\AMDDesignTools\2025.2\Vivado\lib\win64.o\xv_boost_xilinx.dll
0x00007ff8d4390000 - 0x00007ff8d43ac000 	C:\Appz\AMDDesignTools\2025.2\Vivado\lib\win64.o\librdiconfig.dll
0x00007ff8605c0000 - 0x00007ff860a72000 	C:\Appz\AMDDesignTools\2025.2\Vivado\lib\win64.o\xv_COIN-all.dll
0x00007ff8bec00000 - 0x00007ff8bec97000 	C:\Appz\AMDDesignTools\2025.2\Vivado\lib\win64.o\libhdxml.dll
0x00007ff8460e0000 - 0x00007ff847ff7000 	C:\Appz\AMDDesignTools\2025.2\Vivado\lib\win64.o\gurobi90.dll
0x00007ff8d2200000 - 0x00007ff8d221d000 	C:\Appz\AMDDesignTools\2025.2\Vivado\lib\win64.o\pthreadVC2.dll
0x00007ff8beb80000 - 0x00007ff8bebf8000 	C:\Appz\AMDDesignTools\2025.2\Vivado\lib\win64.o\xv_lmx.dll
0x00007ff8f2460000 - 0x00007ff8f24d2000 	C:\windows\System32\WLDAP32.dll
0x00007ff8f19d0000 - 0x00007ff8f19d8000 	C:\windows\System32\Normaliz.dll
0x00007ff8aa120000 - 0x00007ff8aa1d2000 	C:\Appz\AMDDesignTools\2025.2\Vivado\lib\win64.o\libzstd.dll
0x00007ff8a8c70000 - 0x00007ff8a8cf2000 	C:\Appz\AMDDesignTools\2025.2\Vivado\lib\win64.o\libhdlpsolve.dll
0x00007ff8cf520000 - 0x00007ff8cf544000 	C:\Appz\AMDDesignTools\2025.2\Vivado\lib\win64.o\librdizlib.dll
0x00007ff8eee10000 - 0x00007ff8eee42000 	C:\windows\SYSTEM32\USERENV.dll
0x00007ff8acd90000 - 0x00007ff8acdc6000 	C:\windows\SYSTEM32\VCOMP140.DLL
0x00007ff8c5dc0000 - 0x00007ff8c5dea000 	C:\Appz\AMDDesignTools\2025.2\Vivado\lib\win64.o\zlib1.dll
0x00007ff8e7c20000 - 0x00007ff8e7c2b000 	C:\windows\SYSTEM32\VERSION.dll
0x00007ff869ae0000 - 0x00007ff869d8d000 	C:\Appz\AMDDesignTools\2025.2\Vivado\lib\win64.o\xerces-c_3_3.dll
0x00007ff8e17d0000 - 0x00007ff8e1a94000 	C:\windows\SYSTEM32\iertutil.dll
0x00007ff8d21e0000 - 0x00007ff8d21fc000 	C:\Appz\AMDDesignTools\2025.2\Vivado\lib\win64.o\xv_isl_iosutils.dll
0x00007ff8e6750000 - 0x00007ff8e6804000 	C:\windows\WinSxS\amd64_microsoft.windows.common-controls_6595b64144ccf1df_5.82.26100.8037_none_87ebc5097a2f9e52\COMCTL32.dll
0x00007ff8e96a0000 - 0x00007ff8e96c3000 	C:\windows\SYSTEM32\dhcpcsvc.DLL
0x00007ff8e17a0000 - 0x00007ff8e17c9000 	C:\windows\SYSTEM32\srvcli.dll
0x00007ff8ee140000 - 0x00007ff8ee14d000 	C:\windows\SYSTEM32\netutils.dll
0x00007ff8eeb30000 - 0x00007ff8eeb77000 	C:\windows\SYSTEM32\LOGONCLI.DLL
0x00007ff8eed60000 - 0x00007ff8eedcb000 	C:\windows\SYSTEM32\MSWSOCK.DLL
0x00007ff8ee0f0000 - 0x00007ff8ee10c000 	C:\windows\SYSTEM32\SAMCLI.DLL
0x00007ff8f1fb0000 - 0x00007ff8f1fe1000 	C:\windows\System32\IMM32.DLL
0x00007ff8ef1c0000 - 0x00007ff8ef1d3000 	C:\windows\SYSTEM32\MSASN1.dll
0x00007ff8ef160000 - 0x00007ff8ef17b000 	C:\windows\SYSTEM32\CRYPTSP.dll
0x00007ff8ee770000 - 0x00007ff8ee7a9000 	C:\windows\system32\rsaenh.dll
0x00007ff8ef140000 - 0x00007ff8ef14c000 	C:\windows\SYSTEM32\CRYPTBASE.dll
0x00007ff8ee810000 - 0x00007ff8ee82b000 	C:\windows\SYSTEM32\kernel.appcore.dll
0x00007ff8f0cc0000 - 0x00007ff8f0d65000 	C:\windows\System32\bcryptPrimitives.dll
0x00007ff8f1cf0000 - 0x00007ff8f1d10000 	C:\windows\System32\imagehlp.dll
0x00007ff85feb0000 - 0x00007ff8605b4000 	C:\Appz\AMDDesignTools\2025.2\Vivado\lib\win64.o\xv_commontasks.dll
0x00007ff845bd0000 - 0x00007ff8460d0600 	C:\Appz\AMDDesignTools\2025.2\Vivado\lib\win64.o\xv_sio.dll
0x00007ff844e40000 - 0x00007ff845bcf000 	C:\Appz\AMDDesignTools\2025.2\Vivado\tps\win64\jre21.0.5_11\bin\server\jvm.dll
0x00007ff8edf00000 - 0x00007ff8edf33000 	C:\windows\SYSTEM32\IPHLPAPI.DLL
0x00007ff8ef920000 - 0x00007ff8ef97e000 	C:\windows\SYSTEM32\POWRPROF.dll
0x00007ff8be690000 - 0x00007ff8be6c5000 	C:\windows\SYSTEM32\WINMM.dll
0x00007ff8ef900000 - 0x00007ff8ef914000 	C:\windows\SYSTEM32\UMPDC.dll
0x00007ff8eedd0000 - 0x00007ff8eee00000 	C:\windows\SYSTEM32\gpapi.dll
0x00007ff8dca40000 - 0x00007ff8dca7b000 	C:\Windows\System32\cryptnet.dll
0x00007ff8ef9e0000 - 0x00007ff8efa09000 	C:\windows\SYSTEM32\profapi.dll
0x00007ff8ecde0000 - 0x00007ff8ecdee000 	C:\windows\SYSTEM32\WINNSI.DLL
0x00007ff8f1190000 - 0x00007ff8f119a000 	C:\windows\System32\NSI.dll
0x00007ff8eeab0000 - 0x00007ff8eeaf9000 	C:\windows\SYSTEM32\SspiCli.dll
0x00007ff8e0210000 - 0x00007ff8e0228000 	C:\windows\system32\napinsp.dll
0x00007ff8edfc0000 - 0x00007ff8ee0ea000 	C:\windows\SYSTEM32\DNSAPI.dll
0x00007ff8e0a40000 - 0x00007ff8e0a52000 	C:\windows\System32\winrnr.dll
0x00007ff8e0a60000 - 0x00007ff8e0a82000 	C:\windows\system32\nlansp_c.dll
0x00007ff8e0a20000 - 0x00007ff8e0a36000 	C:\windows\system32\wshbth.dll
0x00007ff8e7590000 - 0x00007ff8e75ab000 	C:\windows\SYSTEM32\wkscli.dll
0x00007ff8dc770000 - 0x00007ff8dc783000 	C:\windows\SYSTEM32\cscapi.dll
0x00007ff840c00000 - 0x00007ff844e37000 	C:\Appz\AMDDesignTools\2025.2\Vivado\lib\win64.o\xv_tcltasks.dll
0x00007ff8cf5d0000 - 0x00007ff8cf6b7000 	C:\Appz\AMDDesignTools\2025.2\Vivado\lib\win64.o\xv_xhubtasks.dll
0x00007ff840060000 - 0x00007ff840bfc000 	C:\Appz\AMDDesignTools\2025.2\Vivado\lib\win64.o\xv_project.dll
0x00007ff83d220000 - 0x00007ff83e0b2000 	C:\Appz\AMDDesignTools\2025.2\Vivado\lib\win64.o\xv_power.dll
0x00007ff87a1a0000 - 0x00007ff87a4af000 	C:\Appz\AMDDesignTools\2025.2\Vivado\lib\win64.o\xv_projectvivado.dll
0x00007ff83e0c0000 - 0x00007ff840052000 	C:\Appz\AMDDesignTools\2025.2\Vivado\lib\win64.o\xv_implflow.dll
0x00007ff832e40000 - 0x00007ff833b31000 	C:\Appz\AMDDesignTools\2025.2\Vivado\lib\win64.o\xv_lopt.dll
0x00007ff839bd0000 - 0x00007ff83d217000 	C:\Appz\AMDDesignTools\2025.2\Vivado\lib\win64.o\xv_route.dll
0x00007ff832880000 - 0x00007ff832e35000 	C:\Appz\AMDDesignTools\2025.2\Vivado\lib\win64.o\xv_dfximpl.dll
0x00007ff8321b0000 - 0x00007ff832879000 	C:\Appz\AMDDesignTools\2025.2\Vivado\lib\win64.o\xv_runs.dll
0x00007ff833b40000 - 0x00007ff839bc2000 	C:\Appz\AMDDesignTools\2025.2\Vivado\lib\win64.o\xv_place.dll
0x00007ff869480000 - 0x00007ff8696e8600 	C:\Appz\AMDDesignTools\2025.2\Vivado\lib\win64.o\xv_checkpoint.dll
0x00007ff879c40000 - 0x00007ff879daf000 	C:\Appz\AMDDesignTools\2025.2\Vivado\lib\win64.o\xv_chipscope.dll
0x00007ff868000000 - 0x00007ff86828c000 	C:\Appz\AMDDesignTools\2025.2\Vivado\lib\win64.o\xv_chipscopeimpl.dll
0x00007ff8314d0000 - 0x00007ff8321a9000 	C:\Appz\AMDDesignTools\2025.2\Vivado\lib\win64.o\xv_rsb.dll
0x00007ff82d950000 - 0x00007ff82e469000 	C:\Appz\AMDDesignTools\2025.2\Vivado\lib\win64.o\xv_drc.dll
0x00007ff82bb00000 - 0x00007ff82bfe3000 	C:\Appz\AMDDesignTools\2025.2\Vivado\lib\win64.o\xv_dlyest.dll
0x00007ff82bff0000 - 0x00007ff82d944000 	C:\Appz\AMDDesignTools\2025.2\Vivado\lib\win64.o\xv_timing.dll
0x00007ff82b610000 - 0x00007ff82baf8000 	C:\Appz\AMDDesignTools\2025.2\Vivado\lib\win64.o\xv_vsta.dll
0x00007ff89e610000 - 0x00007ff89e720000 	C:\Appz\AMDDesignTools\2025.2\Vivado\lib\win64.o\xv_dsp.dll
0x00007ff828000000 - 0x00007ff8286cf000 	C:\Appz\AMDDesignTools\2025.2\Vivado\lib\win64.o\xv_memdata.dll
0x00007ff8e9d20000 - 0x00007ff8e9da3000 	C:\Appz\AMDDesignTools\2025.2\Vivado\lib\win64.o\xv_pfi.dll
0x00007ff8667f0000 - 0x00007ff866a76000 	C:\Appz\AMDDesignTools\2025.2\Vivado\lib\win64.o\xv_hip_perf_analysis.dll

dbghelp: loaded successfully - version: 4.0.5 - missing functions: none
symbol engine: initialized successfully - sym options: 0x614 - pdb path: .;C:\Appz\AMDDesignTools\2025.2\Vivado\bin\unwrapped\win64.o;C:\windows\SYSTEM32;C:\Appz\AMDDesignTools\2025.2\Vivado\lib\win64.o;C:\Appz\AMDDesignTools\2025.2\Vivado\tps\win64\python-3.13.0;C:\windows\WinSxS\amd64_microsoft.windows.common-controls_6595b64144ccf1df_5.82.26100.8037_none_87ebc5097a2f9e52;C:\Appz\AMDDesignTools\2025.2\Vivado\tps\win64\jre21.0.5_11\bin\server;C:\Appz\AMDDesignTools\2025.2\Vivado\tps\win64\jre21.0.5_11\bin;C:\windows\WinSxS\amd64_microsoft.windows.common-controls_6595b64144ccf1df_6.0.26100.8037_none_3e092faae333b53b;C:\Program Files\Siemens\Connector\PLDriveWindowsShell;C:\windows\WinSxS\amd64_microsoft.windows.gdiplus_6595b64144ccf1df_1.1.26100.8036_none_6ef439583dc61568

VM Arguments:
jvm_args: -Dsun.java2d.pmoffscreen=false -Dhttps.protocols=TLSv1,TLSv1.1,TLSv1.2 -Dsun.java2d.xrender=false -Dsun.java2d.d3d=false -Dsun.awt.nopixfmt=true -Dsun.java2d.dpiaware=true -Dsun.java2d.uiScale.enabled=false -Dswing.aatext=true -XX:-UsePerfData -Djdk.map.althashing.threshold=512 -XX:StringTableSize=4072 -XX:+UseStringDeduplication -XX:MaxGCPauseMillis=200 -XX:ParallelGCThreads=4 -XX:+ParallelRefProcEnabled --add-opens=java.desktop/javax.swing.plaf.synth=ALL-UNNAMED --add-opens=java.base/java.nio=ALL-UNNAMED --add-opens=java.desktop/sun.swing=ALL-UNNAMED --add-opens=java.desktop/javax.swing=ALL-UNNAMED --add-opens=java.desktop/javax.swing.tree=ALL-UNNAMED --add-opens=java.desktop/javax.swing.plaf.basic=ALL-UNNAMED --add-opens=java.desktop/javax.swing.plaf.synth=ALL-UNNAMED --add-opens=java.desktop/javax.swing.plaf.basic=ALL-UNNAMED --add-opens=java.desktop/javax.swing=ALL-UNNAMED --add-opens=java.desktop/javax.swing.tree=ALL-UNNAMED --add-opens=java.desktop/java.awt.event=ALL-UNNAMED --add-exports=java.desktop/javax.swing.plaf.synth=ALL-UNNAMED --add-exports=java.base/java.nio=ALL-UNNAMED --add-exports=java.desktop/sun.swing=ALL-UNNAMED --add-exports=java.desktop/javax.swing=ALL-UNNAMED --add-exports=java.desktop/javax.swing.tree=ALL-UNNAMED --add-exports=java.desktop/javax.swing.plaf.basic=ALL-UNNAMED --add-exports=java.desktop/sun.swing=ALL-UNNAMED --add-exports=java.desktop/sun.swing.table=ALL-UNNAMED --add-exports=java.desktop/sun.swing.plaf.synth=ALL-UNNAMED --add-exports=java.desktop/sun.awt.shell=ALL-UNNAMED --add-exports=java.base/sun.security.action=ALL-UNNAMED --add-exports=java.desktop/sun.font=ALL-UNNAMED -XX:NewSize=80m -XX:MaxNewSize=80m -Xms812m -Xmx6144m -Xss10m 
java_command: <unknown>
java_class_path (initial): C:/Appz/AMDDesignTools/2025.2/Vivado\lib\classes\animal-sniffer-annotations-1.21.jar;C:/Appz/AMDDesignTools/2025.2/Vivado\lib\classes\annotations-4.1.1.4.jar;C:/Appz/AMDDesignTools/2025.2/Vivado\lib\classes\antlrall.jar;C:/Appz/AMDDesignTools/2025.2/Vivado\lib\classes\apiguardian-api-1.1.0.jar;C:/Appz/AMDDesignTools/2025.2/Vivado\lib\classes\autoesl-models-1.0.0-105.jar;C:/Appz/AMDDesignTools/2025.2/Vivado\lib\classes\batik-anim-1.0.0-105.jar;C:/Appz/AMDDesignTools/2025.2/Vivado\lib\classes\batik-awt-util-1.0.0-105.jar;C:/Appz/AMDDesignTools/2025.2/Vivado\lib\classes\batik-bridge-1.0.0-105.jar;C:/Appz/AMDDesignTools/2025.2/Vivado\lib\classes\batik-codec-1.0.0-105.jar;C:/Appz/AMDDesignTools/2025.2/Vivado\lib\classes\batik-constants-1.0.0-105.jar;C:/Appz/AMDDesignTools/2025.2/Vivado\lib\classes\batik-css-1.0.0-105.jar;C:/Appz/AMDDesignTools/2025.2/Vivado\lib\classes\batik-dom-1.0.0-105.jar;C:/Appz/AMDDesignTools/2025.2/Vivado\lib\classes\batik-ext-1.0.0-105.jar;C:/Appz/AMDDesignTools/2025.2/Vivado\lib\classes\batik-gui-util-1.0.0-105.jar;C:/Appz/AMDDesignTools/2025.2/Vivado\lib\classes\batik-gvt-1.0.0-105.jar;C:/Appz/AMDDesignTools/2025.2/Vivado\lib\classes\batik-i18n-1.0.0-105.jar;C:/Appz/AMDDesignTools/2025.2/Vivado\lib\classes\batik-parser-1.0.0-105.jar;C:/Appz/AMDDesignTools/2025.2/Vivado\lib\classes\batik-script-1.0.0-105.jar;C:/Appz/AMDDesignTools/2025.2/Vivado\lib\classes\batik-svg-dom-1.0.0-105.jar;C:/Appz/AMDDesignTools/2025.2/Vivado\lib\classes\batik-svggen-1.0.0-105.jar;C:/Appz/AMDDesignTools/2025.2/Vivado\lib\classes\batik-swing-1.0.0-105.jar;C:/Appz/AMDDesignTools/2025.2/Vivado\lib\classes\batik-transcoder-1.0.0-105.jar;C:/Appz/AMDDesignTools/2025.2/Vivado\lib\classes\batik-util-1.0.0-105.jar;C:/Appz/AMDDesignTools/2025.2/Vivado\lib\classes\batik-xml-1.0.0-105.jar;C:/Appz/AMDDesignTools/2025.2/Vivado\lib\classes\checker-qual-3.12.0.jar;C:/Appz/AMDDesignTools/2025.2/Vivado\lib\classes\com.fasterxml.jackson.core.jackson-annotations_2.12.1.v20210128-1726-1.0.0-105.jar;C:/Appz/AMDDesignTools/2025.2/Vivado\lib\classes\com.fasterxml.jackson.core.jackson-core_2.12.1.v20210128-1726-1.0.0-105.jar;C:/Appz/AMDDesignTools/2025.2/Vivado\lib\classes\com.fasterxml.jackson.core.jackson-databind_2.12.1.v20210128-1726-1.0.0-105.jar;C:/Appz/AMDDesignTools/2025.2/Vivado\lib\classes\commons-collections4-4.1-3.8.0-105.jar;C:/Appz/AMDDesignTools/2025.2/Vivado\lib\classes\commons-compress-1.21-3.8.0-105.jar;C:/Appz/AMDDesignTools/2025.2/Vivado\lib\classes\commons-io-2.6.jar;C:/Appz/AMDDesignTools/2025.2/Vivado\lib\classes\commons-math-2.2-3.8.0-105.jar;C:/Appz/AMDDesignTools/2025.2/Vivado\lib\classes\DispatchProtocol-1.24.0-665.jar;C:/Appz/AMDDesignTools/2025.2/Vivado\lib\classes\error_prone_annotations-2.18.0.jar;C:/Appz/AMDDesignTools/2025.2/Vivado\lib\classes\failureaccess-1.0.1.jar;C:/Appz/AMDDesignTools/2025.2/Vivado\lib\classes\frank_frameworks-1.0.0-665.jar;C:/Appz/AMDDesignTools/2025.2/Vivado\lib\classes\grpc-api-1.54.1.jar;C:/Appz/AMDDesignTools/2025.2/Vivado\lib\classes\grpc-context-1.54.1.jar;C:/Appz/AMDDesignTools/2025.2/Vivado\lib\classes\grpc-core-1.54.1.jar;C:/Appz/AMDDesignTools/2025.2/Vivado\lib\classes\grpc-netty-shaded-1.54.1.jar;C:/Appz/AMDDesignTools/2025.2/Vivado\lib\classes\grpc-protobuf-1.54.1.jar;C:/Appz/AMDDesignTools/2025.2/Vivado\lib\classes\grpc-protobuf-lite-1.54.1.jar;C:/Appz/AMDDesignTools/2025.2/Vivado\lib\classes\grpc-stub-1.54.1.jar;C:/Appz/AMDDesignTools/2025.2/Vivado\lib\classes\gson-2.9.0.jar;C:/Appz/AMDDesignTools/2025.2/Vivado\lib\classes\guava-31.1-android.jar;C:/Appz/AMDDesignTools/2025.2/Vivado\lib\classes\help-1.24.0-409.jar;C:/Appz/AMDDesignTools/2025.2/Vivado\lib\classes\j2objc-annotations-1.3.jar;C:/Appz/AMDDesignTools/2025.2/Vivado\lib\classes\javax.annotation-api-1.3.2.jar;C:/Appz/AMDDesignTools/2025.2/Vivado\lib\classes\jaxb-api-2.3.0.jar;C:/Appz/AMDDesignTools/2025.2/Vivado\lib\classes\jericho-html-3.4-1.0.0-105.jar;C:/Appz/AMDDesignTools/2025.2/Vivado\lib\classes\jh-2.0.05-105.jar;C:/Appz/AMDDesignTools/2025.2/Vivado\lib\classes\jide-action-3.8.0-105.jar;C:/Appz/AMDDesignTools/2025.2/Vivado\lib\classes\jide-charts-3.8.0-105.jar;C:/Appz/AMDDesignTools/2025.2/Vivado\lib\classes\jide-common-3.8.0-105.jar;C:/Appz/AMDDesignTools/2025.2/Vivado\lib\classes\jide-components-3.8.0-105.jar;C:/Appz/AMDDesignTools/2025.2/Vivado\lib\classes\jide-dashboard-3.8.0-105.jar;C:/Appz/AMDDesignTools/2025.2/Vivado\lib\classes\jide-data-3.8.0-105.jar;C:/Appz/AMDDesignTools/2025.2/Vivado\lib\classes\jide-dialogs-3.8.0-105.jar;C:/Appz/AMDDesignTools/2025.2/Vivado\lib\classes\jide-diff-3.8.0-105.jar;C:/Appz/AMDDesignTools/2025.2/Vivado\lib\classes\jide-dock-3.8.0-105.jar;C:/Appz/AMDDesignTools/2025.2/Vivado\lib\classes\jide-editor-3.8.0-105.jar;C:/Appz/AMDDesignTools/2025.2/Vivado\lib\classes\jide-gantt-3.8.0-105.jar;C:/Appz/AMDDesignTools/2025.2/Vivado\lib\classes\jide-grids-3.8.0-105.jar;C:/Appz/AMDDesignTools/2025.2/Vivado\lib\classes\jide-pivot-3.8.0-105.jar;C:/Appz/AMDDesignTools/2025.2/Vivado\lib\classes\jide-plaf-jdk7-3.8.0-105.jar;C:/Appz/AMDDesignTools/2025.2/Vivado\lib\classes\jide-properties-3.8.0-105.jar;C:/Appz/AMDDesignTools/2025.2/Vivado\lib\classes\jide-shortcut-3.8.0-105.jar;C:/Appz/AMDDesignTools/2025.2/Vivado\lib\classes\jide-treemap-3.8.0-105.jar;C:/Appz/AMDDesignTools/2025.2/Vivado\lib\classes\JRCClient-1.24.0-665.jar;C:/Appz/AMDDesignTools/2025.2/Vivado\lib\classes\jsr305-3.0.2.jar;C:/Appz/AMDDesignTools/2025.2/Vivado\lib\classes\junit-jupiter-api-5.6.2.jar;C:/Appz/AMDDesignTools/2025.2/Vivado\lib\classes\junit-platform-commons-1.6.2.jar;C:/Appz/AMDDesignTools/2025.2/Vivado\lib\classes\jydocking-3.3.1-105.jar;C:/Appz/AMDDesignTools/2025.2/Vivado\lib\classes\jytable-3.3.1-105.jar;C:/Appz/AMDDesignTools/2025.2/Vivado\lib\classes\jywidgets-3.3.1-105.jar;C:/Appz/AMDDesignTools/2025.2/Vivado\lib\classes\listenablefuture-9999.0-empty-to-avoid-conflict-with-guava.jar;C:/Appz/AMDDesignTools/2025.2/Vivado\lib\classes\logback-classic-1.4.7.jar;C:/Appz/AMDDesignTools/2025.2/Vivado\lib\classes\logback-core-1.4.7.jar;C:/Appz/AMDDesignTools/2025.2/Vivado\lib\classes\lucene-core-4.10.2-3.8.0-105.jar;C:/Appz/AMDDesignTools/2025.2/Vivado\lib\classes\lucene-queryparser-4.10.2-3.8.0-105.jar;C:/Appz/AMDDesignTools/2025.2/Vivado\lib\classes\miglayout-3.7.3.1.jar;C:/Appz/AMDDesignTools/2025.2/Vivado\lib\classes\nlview_java-1.0.0-105.jar;C:/Appz/AMDDesignTools/2025.2/Vivado\lib\classes\opentest4j-1.2.0.jar;C:/Appz/AMDDesignTools/2025.2/Vivado\lib\classes\org.apache.commons.lang_2.6.0.v201404270220-1.0.0-105.jar;C:/Appz/AMDDesignTools/2025.2/Vivado\lib\classes\org.eclipse.core.commands-3.6.0-1.0.0-105.jar;C:/Appz/AMDDesignTools/2025.2/Vivado\lib\classes\org.eclipse.core.filesystem_1.7.400.v20190518-1151-1.0.0-105.jar;C:/Appz/AMDDesignTools/2025.2/Vivado\lib\classes\org.eclipse.core.jobs_3.10.400.v20190506-1457-1.0.0-105.jar;C:/Appz/AMDDesignTools/2025.2/Vivado\lib\classes\org.eclipse.core.resources_3.13.400.v20190505-1655-1.0.0-105.jar;C:/Appz/AMDDesignTools/2025.2/Vivado\lib\classes\org.eclipse.emf.common_2.18.0.v20191225-1014-1.0.0-105.jar;C:/Appz/AMDDesignTools/2025.2/Vivado\lib\classes\org.eclipse.emf.ecore.xmi_2.16.0.v20190528-0725-1.0.0-105.jar;C:/Appz/AMDDesignTools/2025.2/Vivado\lib\classes\org.eclipse.emf.ecore_2.21.0.v20200127-1342-1.0.0-105.jar;C:/Appz/AMDDesignTools/2025.2/Vivado\lib\classes\org.eclipse.equinox.common_3.11.0.v20200206-0817-1.0.0-105.jar;C:/Appz/AMDDesignTools/2025.2/Vivado\lib\classes\org.eclipse.equinox.registry_3.8.400.v20190516-1504-1.0.0-105.jar;C:/Appz/AMDDesignTools/2025.2/Vivado\lib\classes\org.eclipse.xtext.util_2.18.0.v20190603-1042-1.0.0-105.jar;C:/Appz/AMDDesignTools/2025.2/Vivado\lib\classes\perfmark-api-0.25.0.jar;C:/Appz/AMDDesignTools/2025.2/Vivado\lib\classes\picocli-4.1.2.jar;C:/Appz/AMDDesignTools/2025.2/Vivado\lib\classes\planAhead.jar;C:/Appz/AMDDesignTools/2025.2/Vivado\lib\classes\poi-4.1.1-3.8.0-105.jar;C:/Appz/AMDDesignTools/2025.2/Vivado\lib\classes\poi-ooxml-4.1.1-3.8.0-105.jar;C:/Appz/AMDDesignTools/2025.2/Vivado\lib\classes\poi-ooxml-schemas-4.1.1-3.8.0-105.jar;C:/Appz/AMDDesignTools/2025.2/Vivado\lib\classes\proto-google-common-protos-2.9.0.jar;C:/Appz/AMDDesignTools/2025.2/Vivado\lib\classes\protobuf-java-3.21.12.jar;C:/Appz/AMDDesignTools/2025.2/Vivado\lib\classes\protobuf-java-util-3.21.12.jar;C:/Appz/AMDDesignTools/2025.2/Vivado\lib\classes\RuleService-1.24.0-665.jar;C:/Appz/AMDDesignTools/2025.2/Vivado\lib\classes\slf4j-api-2.0.7.jar;C:/Appz/AMDDesignTools/2025.2/Vivado\lib\classes\swingx-core-1.6.2-105.jar;C:/Appz/AMDDesignTools/2025.2/Vivado\lib\classes\synthetica-3.3.1-105.jar;C:/Appz/AMDDesignTools/2025.2/Vivado\lib\classes\syntheticaAddons-3.3.1-105.jar;C:/Appz/AMDDesignTools/2025.2/Vivado\lib\classes\syntheticaDark-3.3.1-105.jar;C:/Appz/AMDDesignTools/2025.2/Vivado\lib\classes\syntheticaPlain-3.3.1-105.jar;C:/Appz/AMDDesignTools/2025.2/Vivado\lib\classes\syntheticaPlainAddon-3.3.1-105.jar;C:/Appz/AMDDesignTools/2025.2/Vivado\lib\classes\va-shared-1.0.0-665.jar;C:/Appz/AMDDesignTools/2025.2/Vivado\lib\classes\VlmGUI.jar;C:/Appz/AMDDesignTools/2025.2/Vivado\lib\classes\xml-apis-ext-1.0.0-105.jar;C:/Appz/AMDDesignTools/2025.2/Vivado\lib\classes\xmlbeans-3.1.0-3.8.0-105.jar;C:/Appz/AMDDesignTools/2025.2/Vivado\lib\classes\xmlgraphics-commons-1.0.0-105.jar;C:/Appz/AMDDesignTools/2025.2/Vivado\lib\classes\yfiles-for-java-swing-3.3.0-105.jar;C:/Appz/AMDDesignTools/2025.2/Vivado\lib\classes\windows\gluegen-rt-95.0.4638.69.jar;C:/Appz/AMDDesignTools/2025.2/Vivado\lib\classes\windows\gluegen-rt-natives-windows-amd64-95.0.4638.69.jar;C:/Appz/AMDDesignTools/2025.2/Vivado\lib\classes\windows\javafx-swt-21.0.5.jar;C:/Appz/AMDDesignTools/2025.2/Vivado\lib\classes\windows\javafx.base-21.0.5.jar;C:/Appz/AMDDesignTools/2025.2/Vivado\lib\classes\windows\javafx.controls-21.0.5.jar;C:/Appz/AMDDesignTools/2025.2/Vivado\lib\classes\windows\javafx.fxml-21.0.5.jar;C:/Appz/AMDDesignTools/2025.2/Vivado\lib\classes\windows\javafx.graphics-21.0.5.jar;C:/Appz/AMDDesignTools/2025.2/Vivado\lib\classes\windows\javafx.media-21.0.5.jar;C:/Appz/AMDDesignTools/2025.2/Vivado\lib\classes\windows\javafx.swing-21.0.5.jar;C:/Appz/AMDDesignTools/2025.2/Vivado\lib\classes\windows\javafx.web-21.0.5.jar;C:/Appz/AMDDesignTools/2025.2/Vivado\lib\classes\windows\jogl-all-95.0.4638.69.jar;C:/Appz/AMDDesignTools/2025.2/Vivado\lib\classes\windows\jogl-all-natives-windows-amd64-95.0.4638.69.jar
Launcher Type: generic

[Global flags]
     intx CICompilerCount                          = 3                                         {product} {ergonomic}
     uint ConcGCThreads                            = 1                                         {product} {ergonomic}
     uint G1ConcRefinementThreads                  = 4                                         {product} {ergonomic}
   size_t G1HeapRegionSize                         = 4194304                                   {product} {ergonomic}
    uintx GCDrainStackTargetSize                   = 64                                        {product} {ergonomic}
   size_t InitialHeapSize                          = 851443712                                 {product} {command line}
   size_t MarkStackSize                            = 4194304                                   {product} {ergonomic}
    uintx MaxGCPauseMillis                         = 200                                       {product} {command line}
   size_t MaxHeapSize                              = 6442450944                                {product} {command line}
   size_t MaxNewSize                               = 83886080                                  {product} {command line}
   size_t MinHeapDeltaBytes                        = 4194304                                   {product} {ergonomic}
   size_t MinHeapSize                              = 851443712                                 {product} {command line}
   size_t NewSize                                  = 83886080                                  {product} {command line}
    uintx NonNMethodCodeHeapSize                   = 5832780                                {pd product} {ergonomic}
    uintx NonProfiledCodeHeapSize                  = 122912730                              {pd product} {ergonomic}
     uint ParallelGCThreads                        = 4                                         {product} {command line}
     bool ParallelRefProcEnabled                   = true                                      {product} {command line}
    uintx ProfiledCodeHeapSize                     = 122912730                              {pd product} {ergonomic}
    uintx ReservedCodeCacheSize                    = 251658240                              {pd product} {ergonomic}
     bool SegmentedCodeCache                       = true                                      {product} {ergonomic}
   size_t SoftMaxHeapSize                          = 6442450944                             {manageable} {ergonomic}
    uintx StringTableSize                          = 4072                                      {product} {command line}
     intx ThreadStackSize                          = 10240                                  {pd product} {command line}
     bool UseCompressedOops                        = true                           {product lp64_product} {ergonomic}
     bool UseG1GC                                  = true                                      {product} {ergonomic}
     bool UseLargePagesIndividualAllocation        = false                                  {pd product} {ergonomic}
     bool UsePerfData                              = false                                     {product} {command line}
     bool UseStringDeduplication                   = true                                      {product} {command line}

Logging:
Log output configuration:
 #0: stdout all=warning uptime,level,tags foldmultilines=false
 #1: stderr all=off uptime,level,tags foldmultilines=false

Environment Variables:
PATH=C:/Appz/AMDDesignTools/2025.2/Vivado\tps\win64\python-3.13.0;C:/Appz/AMDDesignTools/2025.2/Vivado\tps\win64\python-3.13.0\bin;C:/Appz/AMDDesignTools/2025.2/Vivado\tps\win64\python-3.13.0\lib;C:/Appz/AMDDesignTools/2025.2/Vivado\tps\win64\python-3.13.0\lib\site-packages;C:/Appz/AMDDesignTools/2025.2/Vivado\gnuwin\bin;C:/Appz/AMDDesignTools/2025.2/Vivado\gnu\microblaze\nt\bin;C:/Appz/AMDDesignTools/2025.2/Vivado/bin;C:/Appz/AMDDesignTools/2025.2/Vivado\tps\win64;C:/Appz/AMDDesignTools/2025.2/Vivado/tps/win64/java-cef-95.0.4638.69/bin/lib/win64;C:/Appz/AMDDesignTools/2025.2/Vivado/tps/win64/javafx-sdk-21.0.5/lib;C:/Appz/AMDDesignTools/2025.2/Vivado/tps/win64/javafx-sdk-21.0.5/bin;C:/Appz/AMDDesignTools/2025.2/Vivado/lib/win64.o;C:/Appz/AMDDesignTools/2025.2/Vivado/tps/win64/jre21.0.5_11/bin/server;C:/Appz/AMDDesignTools/2025.2/Vivado/tps/win64/jre21.0.5_11/bin;C:/Appz/AMDDesignTools/2025.2/Vitis/bin;C:/Appz/AMDDesignTools/2025.2/Vivado/ids_lite/ISE/bin/nt64;C:/Appz/AMDDesignTools/2025.2/Vivado/ids_lite/ISE/lib/nt64;C:\windows\system32;C:\windows;C:\windows\System32\Wbem;C:\windows\System32\WindowsPowerShell\v1.0\;C:\windows\System32\OpenSSH\;C:\Appz\Doxygen\bin;C:\Appz\Python3;C:\Appz\Python3\Scripts;C:\Appz\PuTTY\;C:\Program Files\MATLAB\R2025b\runtime\win64;C:\Program Files\MATLAB\R2025b\bin;C:\Program Files\Microsoft VS Code\bin;C:\Program Files\dotnet\;C:\Appz\iverilog\bin;C:\Appz\iverilog\gtkwave\bin;C:\Appz\ghdl\bin;C:\Program Files\Git\cmd;C:\Program Files\TortoiseGit\bin;C:\Users\270925\AppData\Local\Microsoft\WindowsApps;C:\Users\270925\AppData\Local\gitkraken\bin;C:/Appz/AMDDesignTools/2025.2/Vivado\tps\mingw\6.2.0\win64.o\nt\bin;C:/Appz/AMDDesignTools/2025.2/Vivado\tps\mingw\6.2.0\win64.o\nt\libexec\gcc\x86_64-w64-mingw32\6.2.0
USERNAME=270925
OS=Windows_NT
PROCESSOR_IDENTIFIER=Intel64 Family 6 Model 158 Stepping 11, GenuineIntel
TMP=C:\Users\270925\AppData\Local\Temp
TEMP=C:\Users\270925\AppData\Local\Temp




Periodic native trim disabled

---------------  S Y S T E M  ---------------

OS:
 Windows 11 , 64 bit Build 26100 (10.0.26100.7920)
OS uptime: 0 days 2:34 hours
Hyper-V role detected

CPU: total 4 (initial active 4) (4 cores per cpu, 1 threads per core) family 6 model 158 stepping 11 microcode 0xde, cx8, cmov, fxsr, mmx, 3dnowpref, sse, sse2, sse3, ssse3, sse4.1, sse4.2, popcnt, lzcnt, tsc, tscinvbit, avx, avx2, erms, clmul, bmi1, bmi2, adx, fma, vzeroupper, clflush, clflushopt, hv, rdtscp, f16c
Processor Information for all 4 processors :
  Max Mhz: 3600, Current Mhz: 3600, Mhz Limit: 3600

Memory: 4k page, system-wide physical 8033M (2204M free)
TotalPageFile size 11105M (AvailPageFile size 3050M)
current process WorkingSet (physical memory assigned to process): 1022M, peak: 1118M
current process commit charge ("private bytes"): 1714M, peak: 1718M

vm_info: OpenJDK 64-Bit Server VM (21.0.5+11-LTS) for windows-amd64 JRE (21.0.5+11-LTS), built on 2024-10-15T00:00:00Z by "admin" with MS VC++ 17.7 (VS2022)

END.
