#-----------------------------------------------------------
# Vivado v2025.2 (64-bit)
# SW Build 6299465 on Fri Nov 14 19:35:11 GMT 2025
# IP Build 6300035 on Fri Nov 14 10:48:45 MST 2025
# SharedData Build 6298862 on Thu Nov 13 04:50:51 MST 2025
# Start of session at: Wed Apr 22 16:34:52 2026
# Process ID         : 6012
# Current directory  : C:/Users/270925/Desktop/DE1_Uloha6/digi_safe
# Command line       : vivado.exe -gui_launcher_event rodinguilauncherevent13388 C:\Users\270925\Desktop\DE1_Uloha6\digi_safe\digi_safe.xpr
# Log file           : C:/Users/270925/Desktop/DE1_Uloha6/digi_safe/vivado.log
# Journal file       : C:/Users/270925/Desktop/DE1_Uloha6/digi_safe\vivado.jou
# Running On         : PC-637
# Platform           : Windows Server 2016 or Windows 10
# Operating System   : 26200
# Processor Detail   : Intel(R) Core(TM) i3-9100 CPU @ 3.60GHz
# CPU Frequency      : 3600 MHz
# CPU Physical cores : 4
# CPU Logical cores  : 4
# Host memory        : 8423 MB
# Swap memory        : 3221 MB
# Total Virtual      : 11645 MB
# Available Virtual  : 4878 MB
#-----------------------------------------------------------
start_gui
open_project C:/Users/270925/Desktop/DE1_Uloha6/digi_safe/digi_safe.xpr
WARNING: [Board 49-26] cannot add Board Part digilentinc.com:arty-s7-25:part0:1.1 available at C:/Appz/AMDDesignTools/2025.2/data/boards/board_files\arty-s7-25\E.0\board.xml as part xc7s25csga324-1 specified in board_part file is either invalid or not available
WARNING: [Board 49-26] cannot add Board Part digilentinc.com:arty-s7-50:part0:1.1 available at C:/Appz/AMDDesignTools/2025.2/data/boards/board_files\arty-s7-50\B.0\board.xml as part xc7s50csga324-1 specified in board_part file is either invalid or not available
WARNING: [Board 49-26] cannot add Board Part digilentinc.com:arty-z7-10:part0:1.1 available at C:/Appz/AMDDesignTools/2025.2/data/boards/board_files\arty-z7-10\A.0\board.xml as part xc7z010clg400-1 specified in board_part file is either invalid or not available
WARNING: [Board 49-26] cannot add Board Part digilentinc.com:arty-z7-20:part0:1.1 available at C:/Appz/AMDDesignTools/2025.2/data/boards/board_files\arty-z7-20\A.0\board.xml as part xc7z020clg400-1 specified in board_part file is either invalid or not available
WARNING: [Board 49-26] cannot add Board Part digilentinc.com:cmod-s7-25:part0:1.0 available at C:/Appz/AMDDesignTools/2025.2/data/boards/board_files\cmod-s7-25\B.0\board.xml as part xc7s25csga225-1 specified in board_part file is either invalid or not available
WARNING: [Board 49-26] cannot add Board Part digilentinc.com:cora-z7-07s:part0:1.1 available at C:/Appz/AMDDesignTools/2025.2/data/boards/board_files\cora-z7-07s\B.0\board.xml as part xc7z007sclg400-1 specified in board_part file is either invalid or not available
WARNING: [Board 49-26] cannot add Board Part digilentinc.com:cora-z7-10:part0:1.1 available at C:/Appz/AMDDesignTools/2025.2/data/boards/board_files\cora-z7-10\B.0\board.xml as part xc7z010clg400-1 specified in board_part file is either invalid or not available
WARNING: [Board 49-26] cannot add Board Part digilentinc.com:eclypse-z7:part0:1.0 available at C:/Appz/AMDDesignTools/2025.2/data/boards/board_files\eclypse-z7\A.0\board.xml as part xc7z020clg484-1 specified in board_part file is either invalid or not available
WARNING: [Board 49-26] cannot add Board Part digilentinc.com:eclypse-z7:part0:1.1 available at C:/Appz/AMDDesignTools/2025.2/data/boards/board_files\eclypse-z7\B.0\board.xml as part xc7z020clg484-1 specified in board_part file is either invalid or not available
WARNING: [Board 49-26] cannot add Board Part digilentinc.com:genesys2:part0:1.1 available at C:/Appz/AMDDesignTools/2025.2/data/boards/board_files\genesys2\H\board.xml as part xc7k325tffg900-2 specified in board_part file is either invalid or not available
WARNING: [Board 49-26] cannot add Board Part digilentinc.com:gzu_3eg:part0:1.0 available at C:/Appz/AMDDesignTools/2025.2/data/boards/board_files\genesys-zu-3eg\B.0\board.xml as part xczu3eg-sfvc784-1-e specified in board_part file is either invalid or not available
WARNING: [Board 49-26] cannot add Board Part digilentinc.com:gzu_3eg:part0:1.1 available at C:/Appz/AMDDesignTools/2025.2/data/boards/board_files\genesys-zu-3eg\D.0\board.xml as part xczu3eg-sfvc784-1-e specified in board_part file is either invalid or not available
WARNING: [Board 49-26] cannot add Board Part digilentinc.com:gzu_5ev:part0:1.1 available at C:/Appz/AMDDesignTools/2025.2/data/boards/board_files\genesys-zu-5ev\C.0\board.xml as part xczu5ev-sfvc784-1-e specified in board_part file is either invalid or not available
WARNING: [Board 49-26] cannot add Board Part digilentinc.com:sword:part0:1.0 available at C:/Appz/AMDDesignTools/2025.2/data/boards/board_files\sword\C.0\board.xml as part xc7k325tffg900-2 specified in board_part file is either invalid or not available
WARNING: [Board 49-26] cannot add Board Part digilentinc.com:zedboard:part0:1.1 available at C:/Appz/AMDDesignTools/2025.2/data/boards/board_files\zedboard\1.3\board.xml as part xc7z020clg484-1 specified in board_part file is either invalid or not available
WARNING: [Board 49-26] cannot add Board Part digilentinc.com:zybo-z7-10:part0:1.2 available at C:/Appz/AMDDesignTools/2025.2/data/boards/board_files\zybo-z7-10\A.0\board.xml as part xc7z010clg400-1 specified in board_part file is either invalid or not available
WARNING: [Board 49-26] cannot add Board Part digilentinc.com:zybo-z7-20:part0:1.2 available at C:/Appz/AMDDesignTools/2025.2/data/boards/board_files\zybo-z7-20\A.0\board.xml as part xc7z020clg400-1 specified in board_part file is either invalid or not available
WARNING: [Board 49-26] cannot add Board Part digilentinc.com:zybo:part0:1.0 available at C:/Appz/AMDDesignTools/2025.2/data/boards/board_files\zybo\B.3\board.xml as part xc7z010clg400-1 specified in board_part file is either invalid or not available
WARNING: [Board 49-26] cannot add Board Part digilentinc.com:zybo:part0:2.0 available at C:/Appz/AMDDesignTools/2025.2/data/boards/board_files\zybo\B.4\board.xml as part xc7z010clg400-1 specified in board_part file is either invalid or not available
WARNING: [Board 49-26] cannot add Board Part xilinx.com:emb-plus-vpr-4616:part0:1.0 available at C:/Appz/AMDDesignTools/2025.2/data/xhub/boards\XilinxBoardStore\boards\Xilinx\emb-plus-vpr-4616\1.0\board.xml as part xcve2302-sfva784-2mp-e-s specified in board_part file is either invalid or not available
WARNING: [Board 49-26] cannot add Board Part xilinx.com:emb-plus-vpr-4616:part0:1.1 available at C:/Appz/AMDDesignTools/2025.2/data/xhub/boards\XilinxBoardStore\boards\Xilinx\emb-plus-vpr-4616\1.1\board.xml as part xcve2302-sfva784-2mp-e-s specified in board_part file is either invalid or not available
WARNING: [Board 49-26] cannot add Board Part xilinx.com:k24c:part0:1.0 available at C:/Appz/AMDDesignTools/2025.2/data/xhub/boards\XilinxBoardStore\boards\Xilinx\k24c\1.0\board.xml as part xck24-ubva530-2lv-c specified in board_part file is either invalid or not available
WARNING: [Board 49-26] cannot add Board Part xilinx.com:k24c:part0:1.1 available at C:/Appz/AMDDesignTools/2025.2/data/xhub/boards\XilinxBoardStore\boards\Xilinx\k24c\1.1\board.xml as part xck24-ubva530-2lv-c specified in board_part file is either invalid or not available
WARNING: [Board 49-26] cannot add Board Part xilinx.com:k24i:part0:1.0 available at C:/Appz/AMDDesignTools/2025.2/data/xhub/boards\XilinxBoardStore\boards\Xilinx\k24i\1.0\board.xml as part xck24-ubva530-2lvi-i specified in board_part file is either invalid or not available
WARNING: [Board 49-26] cannot add Board Part xilinx.com:k26c:part0:1.2 available at C:/Appz/AMDDesignTools/2025.2/data/xhub/boards\XilinxBoardStore\boards\Xilinx\k26c\1.2\board.xml as part xck26-sfvc784-2lv-c specified in board_part file is either invalid or not available
WARNING: [Board 49-26] cannot add Board Part xilinx.com:k26c:part0:1.3 available at C:/Appz/AMDDesignTools/2025.2/data/xhub/boards\XilinxBoardStore\boards\Xilinx\k26c\1.3\board.xml as part xck26-sfvc784-2lv-c specified in board_part file is either invalid or not available
WARNING: [Board 49-26] cannot add Board Part xilinx.com:k26c:part0:1.4 available at C:/Appz/AMDDesignTools/2025.2/data/xhub/boards\XilinxBoardStore\boards\Xilinx\k26c\1.4\board.xml as part xck26-sfvc784-2lv-c specified in board_part file is either invalid or not available
WARNING: [Board 49-26] cannot add Board Part xilinx.com:k26i:part0:1.2 available at C:/Appz/AMDDesignTools/2025.2/data/xhub/boards\XilinxBoardStore\boards\Xilinx\k26i\1.2\board.xml as part xck26-sfvc784-2lvi-i specified in board_part file is either invalid or not available
WARNING: [Board 49-26] cannot add Board Part xilinx.com:k26i:part0:1.3 available at C:/Appz/AMDDesignTools/2025.2/data/xhub/boards\XilinxBoardStore\boards\Xilinx\k26i\1.3\board.xml as part xck26-sfvc784-2lvi-i specified in board_part file is either invalid or not available
WARNING: [Board 49-26] cannot add Board Part xilinx.com:k26i:part0:1.4 available at C:/Appz/AMDDesignTools/2025.2/data/xhub/boards\XilinxBoardStore\boards\Xilinx\k26i\1.4\board.xml as part xck26-sfvc784-2lvi-i specified in board_part file is either invalid or not available
WARNING: [Board 49-26] cannot add Board Part xilinx.com:kc705:part0:1.6 available at C:/Appz/AMDDesignTools/2025.2/data/xhub/boards\XilinxBoardStore\boards\Xilinx\kc705\1.6\board.xml as part xc7k325tffg900-2 specified in board_part file is either invalid or not available
WARNING: [Board 49-26] cannot add Board Part xilinx.com:kc705:part0:1.7 available at C:/Appz/AMDDesignTools/2025.2/data/xhub/boards\XilinxBoardStore\boards\Xilinx\kc705\1.7\board.xml as part xc7k325tffg900-2 specified in board_part file is either invalid or not available
WARNING: [Board 49-26] cannot add Board Part xilinx.com:kcu105:part0:1.6 available at C:/Appz/AMDDesignTools/2025.2/data/xhub/boards\XilinxBoardStore\boards\Xilinx\kcu105\1.6\board.xml as part xcku040-ffva1156-2-e specified in board_part file is either invalid or not available
WARNING: [Board 49-26] cannot add Board Part xilinx.com:kcu105:part0:1.7 available at C:/Appz/AMDDesignTools/2025.2/data/xhub/boards\XilinxBoardStore\boards\Xilinx\kcu105\1.7\board.xml as part xcku040-ffva1156-2-e specified in board_part file is either invalid or not available
WARNING: [Board 49-26] cannot add Board Part xilinx.com:kcu116:part0:1.4 available at C:/Appz/AMDDesignTools/2025.2/data/xhub/boards\XilinxBoardStore\boards\Xilinx\kcu116\1.4\board.xml as part xcku5p-ffvb676-2-e specified in board_part file is either invalid or not available
WARNING: [Board 49-26] cannot add Board Part xilinx.com:kcu116:part0:1.5 available at C:/Appz/AMDDesignTools/2025.2/data/xhub/boards\XilinxBoardStore\boards\Xilinx\kcu116\1.5\board.xml as part xcku5p-ffvb676-2-e specified in board_part file is either invalid or not available
WARNING: [Board 49-26] cannot add Board Part xilinx.com:kcu1500:part0:1.2 available at C:/Appz/AMDDesignTools/2025.2/data/xhub/boards\XilinxBoardStore\boards\Xilinx\kcu1500\1.2\board.xml as part xcku115-flvb2104-2-e specified in board_part file is either invalid or not available
WARNING: [Board 49-26] cannot add Board Part xilinx.com:kd240_som:part0:1.0 available at C:/Appz/AMDDesignTools/2025.2/data/xhub/boards\XilinxBoardStore\boards\Xilinx\kd240_som\1.0\board.xml as part xck24-ubva530-2lv-c specified in board_part file is either invalid or not available
WARNING: [Board 49-26] cannot add Board Part xilinx.com:kd240_som:part0:1.1 available at C:/Appz/AMDDesignTools/2025.2/data/xhub/boards\XilinxBoardStore\boards\Xilinx\kd240_som\1.1\board.xml as part xck24-ubva530-2lv-c specified in board_part file is either invalid or not available
WARNING: [Board 49-26] cannot add Board Part xilinx.com:kr260_som:part0:1.0 available at C:/Appz/AMDDesignTools/2025.2/data/xhub/boards\XilinxBoardStore\boards\Xilinx\kr260_som\1.0\board.xml as part xck26-sfvc784-2lv-c specified in board_part file is either invalid or not available
WARNING: [Board 49-26] cannot add Board Part xilinx.com:kr260_som:part0:1.1 available at C:/Appz/AMDDesignTools/2025.2/data/xhub/boards\XilinxBoardStore\boards\Xilinx\kr260_som\1.1\board.xml as part xck26-sfvc784-2lv-c specified in board_part file is either invalid or not available
WARNING: [Board 49-26] cannot add Board Part xilinx.com:kv260_som:part0:1.2 available at C:/Appz/AMDDesignTools/2025.2/data/xhub/boards\XilinxBoardStore\boards\Xilinx\kv260_som\1.2\board.xml as part xck26-sfvc784-2lv-c specified in board_part file is either invalid or not available
WARNING: [Board 49-26] cannot add Board Part xilinx.com:kv260_som:part0:1.3 available at C:/Appz/AMDDesignTools/2025.2/data/xhub/boards\XilinxBoardStore\boards\Xilinx\kv260_som\1.3\board.xml as part xck26-sfvc784-2lv-c specified in board_part file is either invalid or not available
WARNING: [Board 49-26] cannot add Board Part xilinx.com:kv260_som:part0:1.4 available at C:/Appz/AMDDesignTools/2025.2/data/xhub/boards\XilinxBoardStore\boards\Xilinx\kv260_som\1.4\board.xml as part xck26-sfvc784-2lv-c specified in board_part file is either invalid or not available
WARNING: [Board 49-26] cannot add Board Part xilinx.com:scu35:part0:1.0 available at C:/Appz/AMDDesignTools/2025.2/data/xhub/boards\XilinxBoardStore\boards\Xilinx\scu35\1.0\board.xml as part xcsu35p-sbvb625-2-e specified in board_part file is either invalid or not available
WARNING: [Board 49-26] cannot add Board Part xilinx.com:sp701:part0:1.0 available at C:/Appz/AMDDesignTools/2025.2/data/xhub/boards\XilinxBoardStore\boards\Xilinx\sp701\1.0\board.xml as part xc7s100fgga676-2 specified in board_part file is either invalid or not available
WARNING: [Board 49-26] cannot add Board Part xilinx.com:sp701:part0:1.1 available at C:/Appz/AMDDesignTools/2025.2/data/xhub/boards\XilinxBoardStore\boards\Xilinx\sp701\1.1\board.xml as part xc7s100fgga676-2 specified in board_part file is either invalid or not available
INFO: [filemgmt 56-3] Default IP Output Path : Could not find the directory 'C:/Users/270925/Desktop/DE1_Uloha6/digi_safe/digi_safe.gen/sources_1'.
WARNING: [Board 49-26] cannot add Board Part xilinx.com:v80:part0:1.0 available at C:/Appz/AMDDesignTools/2025.2/data/xhub/boards\XilinxBoardStore\boards\Xilinx\v80\1.0\board.xml as part xcv80-lsva4737-2mhp-e-s specified in board_part file is either invalid or not available
WARNING: [Board 49-26] cannot add Board Part xilinx.com:vc707:part0:1.4 available at C:/Appz/AMDDesignTools/2025.2/data/xhub/boards\XilinxBoardStore\boards\Xilinx\vc707\1.4\board.xml as part xc7vx485tffg1761-2 specified in board_part file is either invalid or not available
WARNING: [Board 49-26] cannot add Board Part xilinx.com:vc707:part0:1.5 available at C:/Appz/AMDDesignTools/2025.2/data/xhub/boards\XilinxBoardStore\boards\Xilinx\vc707\1.5\board.xml as part xc7vx485tffg1761-2 specified in board_part file is either invalid or not available
WARNING: [Board 49-26] cannot add Board Part xilinx.com:vc709:part0:1.8 available at C:/Appz/AMDDesignTools/2025.2/data/xhub/boards\XilinxBoardStore\boards\Xilinx\vc709\1.8\board.xml as part xc7vx690tffg1761-2 specified in board_part file is either invalid or not available
WARNING: [Board 49-26] cannot add Board Part xilinx.com:vck190:part0:2.2 available at C:/Appz/AMDDesignTools/2025.2/data/xhub/boards\XilinxBoardStore\boards\Xilinx\vck190\production\2.2\board.xml as part xcvc1902-vsva2197-2mp-e-s specified in board_part file is either invalid or not available
WARNING: [Board 49-26] cannot add Board Part xilinx.com:vck190:part0:3.0 available at C:/Appz/AMDDesignTools/2025.2/data/xhub/boards\XilinxBoardStore\boards\Xilinx\vck190\production\3.0\board.xml as part xcvc1902-vsva2197-2mp-e-s specified in board_part file is either invalid or not available
WARNING: [Board 49-26] cannot add Board Part xilinx.com:vck190:part0:3.1 available at C:/Appz/AMDDesignTools/2025.2/data/xhub/boards\XilinxBoardStore\boards\Xilinx\vck190\production\3.1\board.xml as part xcvc1902-vsva2197-2mp-e-s specified in board_part file is either invalid or not available
WARNING: [Board 49-26] cannot add Board Part xilinx.com:vck190:part0:3.2 available at C:/Appz/AMDDesignTools/2025.2/data/xhub/boards\XilinxBoardStore\boards\Xilinx\vck190\production\3.2\board.xml as part xcvc1902-vsva2197-2mp-e-s specified in board_part file is either invalid or not available
WARNING: [Board 49-26] cannot add Board Part xilinx.com:vck190:part0:3.3 available at C:/Appz/AMDDesignTools/2025.2/data/xhub/boards\XilinxBoardStore\boards\Xilinx\vck190\production\3.3\board.xml as part xcvc1902-vsva2197-2mp-e-s specified in board_part file is either invalid or not available
WARNING: [Board 49-26] cannot add Board Part xilinx.com:vck190:part0:3.4 available at C:/Appz/AMDDesignTools/2025.2/data/xhub/boards\XilinxBoardStore\boards\Xilinx\vck190\production\3.4\board.xml as part xcvc1902-vsva2197-2mp-e-s specified in board_part file is either invalid or not available
WARNING: [Board 49-26] cannot add Board Part xilinx.com:vck190_newl:part0:1.0 available at C:/Appz/AMDDesignTools/2025.2/data/xhub/boards\XilinxBoardStore\boards\Xilinx\vck190_newl\production\1.0\board.xml as part xcvc1902-vsva2197-2mp-e-s specified in board_part file is either invalid or not available
WARNING: [Board 49-26] cannot add Board Part xilinx.com:vck190_newl:part0:1.1 available at C:/Appz/AMDDesignTools/2025.2/data/xhub/boards\XilinxBoardStore\boards\Xilinx\vck190_newl\production\1.1\board.xml as part xcvc1902-vsva2197-2mp-e-s specified in board_part file is either invalid or not available
WARNING: [Board 49-26] cannot add Board Part xilinx.com:vck190_newl:part0:1.2 available at C:/Appz/AMDDesignTools/2025.2/data/xhub/boards\XilinxBoardStore\boards\Xilinx\vck190_newl\production\1.2\board.xml as part xcvc1902-vsva2197-2mp-e-s specified in board_part file is either invalid or not available
WARNING: [Board 49-26] cannot add Board Part xilinx.com:vck190_newl:part0:1.3 available at C:/Appz/AMDDesignTools/2025.2/data/xhub/boards\XilinxBoardStore\boards\Xilinx\vck190_newl\production\1.3\board.xml as part xcvc1902-vsva2197-2mp-e-s specified in board_part file is either invalid or not available
WARNING: [Board 49-26] cannot add Board Part xilinx.com:vcu108:part0:1.6 available at C:/Appz/AMDDesignTools/2025.2/data/xhub/boards\XilinxBoardStore\boards\Xilinx\vcu108\1.6\board.xml as part xcvu095-ffva2104-2-e specified in board_part file is either invalid or not available
WARNING: [Board 49-26] cannot add Board Part xilinx.com:vcu108:part0:1.7 available at C:/Appz/AMDDesignTools/2025.2/data/xhub/boards\XilinxBoardStore\boards\Xilinx\vcu108\1.7\board.xml as part xcvu095-ffva2104-2-e specified in board_part file is either invalid or not available
WARNING: [Board 49-26] cannot add Board Part xilinx.com:vcu110:part0:1.4 available at C:/Appz/AMDDesignTools/2025.2/data/xhub/boards\XilinxBoardStore\boards\Xilinx\vcu110\1.4\board.xml as part xcvu190-flgc2104-2-e specified in board_part file is either invalid or not available
WARNING: [Board 49-26] cannot add Board Part xilinx.com:vcu118:part0:2.0 available at C:/Appz/AMDDesignTools/2025.2/data/xhub/boards\XilinxBoardStore\boards\Xilinx\vcu118\2.0\board.xml as part xcvu9p-flga2104-2l-e specified in board_part file is either invalid or not available
WARNING: [Board 49-26] cannot add Board Part xilinx.com:vcu118:part0:2.3 available at C:/Appz/AMDDesignTools/2025.2/data/xhub/boards\XilinxBoardStore\boards\Xilinx\vcu118\2.3\board.xml as part xcvu9p-flga2104-2l-e specified in board_part file is either invalid or not available
WARNING: [Board 49-26] cannot add Board Part xilinx.com:vcu118:part0:2.4 available at C:/Appz/AMDDesignTools/2025.2/data/xhub/boards\XilinxBoardStore\boards\Xilinx\vcu118\2.4\board.xml as part xcvu9p-flga2104-2l-e specified in board_part file is either invalid or not available
WARNING: [Board 49-26] cannot add Board Part xilinx.com:vcu128:part0:1.0 available at C:/Appz/AMDDesignTools/2025.2/data/xhub/boards\XilinxBoardStore\boards\Xilinx\vcu128\production\1.0\board.xml as part xcvu37p-fsvh2892-2l-e specified in board_part file is either invalid or not available
WARNING: [Board 49-26] cannot add Board Part xilinx.com:vcu129:part0:1.0 available at C:/Appz/AMDDesignTools/2025.2/data/xhub/boards\XilinxBoardStore\boards\Xilinx\vcu129\production\1.0\board.xml as part xcvu29p-fsga2577-2l-e specified in board_part file is either invalid or not available
WARNING: [Board 49-26] cannot add Board Part xilinx.com:vcu1525:part0:1.3 available at C:/Appz/AMDDesignTools/2025.2/data/xhub/boards\XilinxBoardStore\boards\Xilinx\vcu1525\1.3\board.xml as part xcvu9p-fsgd2104-2l-e specified in board_part file is either invalid or not available
WARNING: [Board 49-26] cannot add Board Part xilinx.com:vek280:part0:1.0 available at C:/Appz/AMDDesignTools/2025.2/data/xhub/boards\XilinxBoardStore\boards\Xilinx\vek280\production\1.0\board.xml as part xcve2802-vsvh1760-2mp-e-s specified in board_part file is either invalid or not available
WARNING: [Board 49-26] cannot add Board Part xilinx.com:vek280:part0:1.1 available at C:/Appz/AMDDesignTools/2025.2/data/xhub/boards\XilinxBoardStore\boards\Xilinx\vek280\production\1.1\board.xml as part xcve2802-vsvh1760-2mp-e-s specified in board_part file is either invalid or not available
WARNING: [Board 49-26] cannot add Board Part xilinx.com:vek280:part0:1.2 available at C:/Appz/AMDDesignTools/2025.2/data/xhub/boards\XilinxBoardStore\boards\Xilinx\vek280\production\1.2\board.xml as part xcve2802-vsvh1760-2mp-e-s specified in board_part file is either invalid or not available
WARNING: [Board 49-26] cannot add Board Part xilinx.com:vek385:part0:1.0 available at C:/Appz/AMDDesignTools/2025.2/data/xhub/boards\XilinxBoardStore\boards\Xilinx\vek385\1.0\board.xml as part xc2ve3858-ssva2112-2mp-e-s specified in board_part file is either invalid or not available
WARNING: [Board 49-26] cannot add Board Part xilinx.com:vek385:part0:1.1 available at C:/Appz/AMDDesignTools/2025.2/data/xhub/boards\XilinxBoardStore\boards\Xilinx\vek385\1.1\board.xml as part xc2ve3858-ssva2112-2mp-e-s specified in board_part file is either invalid or not available
WARNING: [Board 49-26] cannot add Board Part xilinx.com:vek385_1:part0:1.0 available at C:/Appz/AMDDesignTools/2025.2/data/xhub/boards\XilinxBoardStore\boards\Xilinx\vek385_2\1.0\board.xml as part xc2ve3858-ssva2112-2mp-e-s specified in board_part file is either invalid or not available
WARNING: [Board 49-26] cannot add Board Part xilinx.com:vermeo_t1_mpsoc:part0:1.0 available at C:/Appz/AMDDesignTools/2025.2/data/xhub/boards\XilinxBoardStore\boards\Xilinx\vermeo_t1_mpsoc\1.0\board.xml as part xczu19eg-ffvd1760-2l-e specified in board_part file is either invalid or not available
WARNING: [Board 49-26] cannot add Board Part xilinx.com:vermeo_t1_rfsoc:part0:1.0 available at C:/Appz/AMDDesignTools/2025.2/data/xhub/boards\XilinxBoardStore\boards\Xilinx\vermeo_t1_rfsoc\1.0\board.xml as part xczu21dr-ffvd1156-2l-e specified in board_part file is either invalid or not available
WARNING: [Board 49-26] cannot add Board Part xilinx.com:vhk158:part0:1.0 available at C:/Appz/AMDDesignTools/2025.2/data/xhub/boards\XilinxBoardStore\boards\Xilinx\vhk158\production\1.0\board.xml as part xcvh1582-vsva3697-2mp-e-s specified in board_part file is either invalid or not available
WARNING: [Board 49-26] cannot add Board Part xilinx.com:vhk158:part0:1.1 available at C:/Appz/AMDDesignTools/2025.2/data/xhub/boards\XilinxBoardStore\boards\Xilinx\vhk158\production\1.1\board.xml as part xcvh1582-vsva3697-2mp-e-s specified in board_part file is either invalid or not available
WARNING: [Board 49-26] cannot add Board Part xilinx.com:vhk158:part0:1.2 available at C:/Appz/AMDDesignTools/2025.2/data/xhub/boards\XilinxBoardStore\boards\Xilinx\vhk158\production\1.2\board.xml as part xcvh1582-vsva3697-2mp-e-s specified in board_part file is either invalid or not available
WARNING: [Board 49-26] cannot add Board Part xilinx.com:vmk180:part0:2.2 available at C:/Appz/AMDDesignTools/2025.2/data/xhub/boards\XilinxBoardStore\boards\Xilinx\vmk180\production\2.2\board.xml as part xcvm1802-vsva2197-2mp-e-s specified in board_part file is either invalid or not available
WARNING: [Board 49-26] cannot add Board Part xilinx.com:vmk180:part0:3.0 available at C:/Appz/AMDDesignTools/2025.2/data/xhub/boards\XilinxBoardStore\boards\Xilinx\vmk180\production\3.0\board.xml as part xcvm1802-vsva2197-2mp-e-s specified in board_part file is either invalid or not available
WARNING: [Board 49-26] cannot add Board Part xilinx.com:vmk180:part0:3.1 available at C:/Appz/AMDDesignTools/2025.2/data/xhub/boards\XilinxBoardStore\boards\Xilinx\vmk180\production\3.1\board.xml as part xcvm1802-vsva2197-2mp-e-s specified in board_part file is either invalid or not available
WARNING: [Board 49-26] cannot add Board Part xilinx.com:vmk180:part0:3.2 available at C:/Appz/AMDDesignTools/2025.2/data/xhub/boards\XilinxBoardStore\boards\Xilinx\vmk180\production\3.2\board.xml as part xcvm1802-vsva2197-2mp-e-s specified in board_part file is either invalid or not available
WARNING: [Board 49-26] cannot add Board Part xilinx.com:vmk180:part0:3.3 available at C:/Appz/AMDDesignTools/2025.2/data/xhub/boards\XilinxBoardStore\boards\Xilinx\vmk180\production\3.3\board.xml as part xcvm1802-vsva2197-2mp-e-s specified in board_part file is either invalid or not available
WARNING: [Board 49-26] cannot add Board Part xilinx.com:vmk180_newl:part0:1.0 available at C:/Appz/AMDDesignTools/2025.2/data/xhub/boards\XilinxBoardStore\boards\Xilinx\vmk180_newl\production\1.0\board.xml as part xcvm1802-vsva2197-2mp-e-s specified in board_part file is either invalid or not available
WARNING: [Board 49-26] cannot add Board Part xilinx.com:vmk180_newl:part0:1.1 available at C:/Appz/AMDDesignTools/2025.2/data/xhub/boards\XilinxBoardStore\boards\Xilinx\vmk180_newl\production\1.1\board.xml as part xcvm1802-vsva2197-2mp-e-s specified in board_part file is either invalid or not available
WARNING: [Board 49-26] cannot add Board Part xilinx.com:vpk120:part0:1.0 available at C:/Appz/AMDDesignTools/2025.2/data/xhub/boards\XilinxBoardStore\boards\Xilinx\vpk120\production\1.0\board.xml as part xcvp1202-vsva2785-2mp-e-s specified in board_part file is either invalid or not available
WARNING: [Board 49-26] cannot add Board Part xilinx.com:vpk120:part0:1.1 available at C:/Appz/AMDDesignTools/2025.2/data/xhub/boards\XilinxBoardStore\boards\Xilinx\vpk120\production\1.1\board.xml as part xcvp1202-vsva2785-2mp-e-s specified in board_part file is either invalid or not available
WARNING: [Board 49-26] cannot add Board Part xilinx.com:vpk120:part0:1.2 available at C:/Appz/AMDDesignTools/2025.2/data/xhub/boards\XilinxBoardStore\boards\Xilinx\vpk120\production\1.2\board.xml as part xcvp1202-vsva2785-2mp-e-s specified in board_part file is either invalid or not available
WARNING: [Board 49-26] cannot add Board Part xilinx.com:vpk180:part0:1.0 available at C:/Appz/AMDDesignTools/2025.2/data/xhub/boards\XilinxBoardStore\boards\Xilinx\vpk180\production\1.0\board.xml as part xcvp1802-lsvc4072-2mp-e-s specified in board_part file is either invalid or not available
WARNING: [Board 49-26] cannot add Board Part xilinx.com:vpk180:part0:1.1 available at C:/Appz/AMDDesignTools/2025.2/data/xhub/boards\XilinxBoardStore\boards\Xilinx\vpk180\production\1.1\board.xml as part xcvp1802-lsvc4072-2mp-e-s specified in board_part file is either invalid or not available
WARNING: [Board 49-26] cannot add Board Part xilinx.com:vpk180:part0:1.2 available at C:/Appz/AMDDesignTools/2025.2/data/xhub/boards\XilinxBoardStore\boards\Xilinx\vpk180\production\1.2\board.xml as part xcvp1802-lsvc4072-2mp-e-s specified in board_part file is either invalid or not available
WARNING: [Board 49-26] cannot add Board Part xilinx.com:vrk160:part0:1.0 available at C:/Appz/AMDDesignTools/2025.2/data/xhub/boards\XilinxBoardStore\boards\Xilinx\vrk160\1.0\board.xml as part xcvr1602-vsva2488-2mp-e-s-es1 specified in board_part file is either invalid or not available
WARNING: [Board 49-26] cannot add Board Part xilinx.com:vrk160:part0:1.1 available at C:/Appz/AMDDesignTools/2025.2/data/xhub/boards\XilinxBoardStore\boards\Xilinx\vrk160\1.1\board.xml as part xcvr1602-vsva2488-2mp-e-s-es1 specified in board_part file is either invalid or not available
WARNING: [Board 49-26] cannot add Board Part xilinx.com:zc702:part0:1.4 available at C:/Appz/AMDDesignTools/2025.2/data/xhub/boards\XilinxBoardStore\boards\Xilinx\zc702\1.4\board.xml as part xc7z020clg484-1 specified in board_part file is either invalid or not available
WARNING: [Board 49-26] cannot add Board Part xilinx.com:zc706:part0:1.4 available at C:/Appz/AMDDesignTools/2025.2/data/xhub/boards\XilinxBoardStore\boards\Xilinx\zc706\1.4\board.xml as part xc7z045ffg900-2 specified in board_part file is either invalid or not available
WARNING: [Board 49-26] cannot add Board Part xilinx.com:zc706:part0:1.5 available at C:/Appz/AMDDesignTools/2025.2/data/xhub/boards\XilinxBoardStore\boards\Xilinx\zc706\1.5\board.xml as part xc7z045ffg900-2 specified in board_part file is either invalid or not available
WARNING: [Board 49-26] cannot add Board Part xilinx.com:zcu102:part0:3.3 available at C:/Appz/AMDDesignTools/2025.2/data/xhub/boards\XilinxBoardStore\boards\Xilinx\zcu102\3.3\board.xml as part xczu9eg-ffvb1156-2-e specified in board_part file is either invalid or not available
INFO: [Common 17-14] Message 'Board 49-26' appears 100 times and further instances of the messages will be disabled. Use the Tcl command set_msg_config to change the current settings.
Scanning sources...
Finished scanning sources
INFO: [IP_Flow 19-234] Refreshing IP repositories
INFO: [IP_Flow 19-1704] No user IP repositories specified
INFO: [IP_Flow 19-2313] Loaded Vivado IP repository 'C:/Appz/AMDDesignTools/2025.2/Vivado/data/ip'.
open_project: Time (s): cpu = 00:00:19 ; elapsed = 00:00:10 . Memory (MB): peak = 1647.676 ; gain = 227.953
update_compile_order -fileset sources_1
launch_runs impl_1 -to_step write_bitstream -jobs 2
[Wed Apr 22 16:35:24 2026] Launched synth_1...
Run output will be captured here: C:/Users/270925/Desktop/DE1_Uloha6/digi_safe/digi_safe.runs/synth_1/runme.log
[Wed Apr 22 16:35:24 2026] Launched impl_1...
Run output will be captured here: C:/Users/270925/Desktop/DE1_Uloha6/digi_safe/digi_safe.runs/impl_1/runme.log
reset_run synth_1
WARNING: [Vivado 12-1017] Problems encountered:
1. Failed to delete one or more files in run directory C:/Users/270925/Desktop/DE1_Uloha6/digi_safe/digi_safe.runs/synth_1

launch_runs impl_1 -to_step write_bitstream -jobs 2
[Wed Apr 22 16:36:23 2026] Launched synth_1...
Run output will be captured here: C:/Users/270925/Desktop/DE1_Uloha6/digi_safe/digi_safe.runs/synth_1/runme.log
[Wed Apr 22 16:36:24 2026] Launched impl_1...
Run output will be captured here: C:/Users/270925/Desktop/DE1_Uloha6/digi_safe/digi_safe.runs/impl_1/runme.log
open_hw_manager
connect_hw_server -allow_non_jtag
INFO: [Labtools 27-2285] Connecting to hw_server url TCP:localhost:3121
INFO: [Labtools 27-2222] Launching hw_server...
INFO: [Labtools 27-2221] Launch Output:

****** Xilinx hw_server v2025.2
  **** Build date : Oct 28 2025 at 10:03:13
    ** Copyright 1986-2022 Xilinx, Inc. All Rights Reserved.


INFO: [Labtools 27-3415] Connecting to cs_server url TCP:localhost:0
INFO: [Labtools 27-3417] Launching cs_server...
INFO: [Labtools 27-2221] Launch Output:


******** Xilinx cs_server v2025.2.0
  ****** Build date   : Nov 14 2025-00:16:52
    **** Build number : 2025.2.1763075812
      ** Copyright 2017-2022 Xilinx, Inc. All Rights Reserved.
      ** Copyright 2022-2026 Advanced Micro Devices, Inc. All Rights Reserved.



connect_hw_server: Time (s): cpu = 00:00:05 ; elapsed = 00:00:07 . Memory (MB): peak = 1713.684 ; gain = 20.078
open_hw_target
INFO: [Labtoolstcl 44-466] Opening hw_target localhost:3121/xilinx_tcf/Digilent/210292AD2E0EA
set_property PROGRAM.FILE {C:/Users/270925/Desktop/DE1_Uloha6/digi_safe/digi_safe.runs/impl_1/digi_safe.bit} [get_hw_devices xc7a50t_0]
current_hw_device [get_hw_devices xc7a50t_0]
refresh_hw_device -update_hw_probes false [lindex [get_hw_devices xc7a50t_0] 0]
INFO: [Labtools 27-1434] Device xc7a50t (JTAG device index = 0) is programmed with a design that has no supported soft debug core(s) in it.
set_property PROBES.FILE {} [get_hw_devices xc7a50t_0]
set_property FULL_PROBES.FILE {} [get_hw_devices xc7a50t_0]
set_property PROGRAM.FILE {C:/Users/270925/Desktop/DE1_Uloha6/digi_safe/digi_safe.runs/impl_1/digi_safe.bit} [get_hw_devices xc7a50t_0]
program_hw_devices [get_hw_devices xc7a50t_0]
INFO: [Labtools 27-3164] End of startup status: HIGH
refresh_hw_device [lindex [get_hw_devices xc7a50t_0] 0]
INFO: [Labtools 27-1434] Device xc7a50t (JTAG device index = 0) is programmed with a design that has no supported soft debug core(s) in it.
close_hw_manager
reset_run synth_1
INFO: [Project 1-1161] Replacing file C:/Users/270925/Desktop/DE1_Uloha6/digi_safe/digi_safe.srcs/utils_1/imports/synth_1/debounce_counter_top.dcp with file C:/Users/270925/Desktop/DE1_Uloha6/digi_safe/digi_safe.runs/synth_1/digi_safe.dcp
launch_runs impl_1 -to_step write_bitstream -jobs 2
[Wed Apr 22 16:46:07 2026] Launched synth_1...
Run output will be captured here: C:/Users/270925/Desktop/DE1_Uloha6/digi_safe/digi_safe.runs/synth_1/runme.log
[Wed Apr 22 16:46:07 2026] Launched impl_1...
Run output will be captured here: C:/Users/270925/Desktop/DE1_Uloha6/digi_safe/digi_safe.runs/impl_1/runme.log
reset_run impl_1 -prev_step 
launch_runs impl_1 -to_step write_bitstream -jobs 2
[Wed Apr 22 16:48:34 2026] Launched impl_1...
Run output will be captured here: C:/Users/270925/Desktop/DE1_Uloha6/digi_safe/digi_safe.runs/impl_1/runme.log
reset_run impl_1 -prev_step 
launch_runs impl_1 -to_step write_bitstream -jobs 2
[Wed Apr 22 16:48:47 2026] Launched impl_1...
Run output will be captured here: C:/Users/270925/Desktop/DE1_Uloha6/digi_safe/digi_safe.runs/impl_1/runme.log
reset_run synth_1
INFO: [Project 1-1161] Replacing file C:/Users/270925/Desktop/DE1_Uloha6/digi_safe/digi_safe.srcs/utils_1/imports/synth_1/debounce_counter_top.dcp with file C:/Users/270925/Desktop/DE1_Uloha6/digi_safe/digi_safe.runs/synth_1/digi_safe.dcp
launch_runs impl_1 -to_step write_bitstream -jobs 2
[Wed Apr 22 16:50:28 2026] Launched synth_1...
Run output will be captured here: C:/Users/270925/Desktop/DE1_Uloha6/digi_safe/digi_safe.runs/synth_1/runme.log
[Wed Apr 22 16:50:28 2026] Launched impl_1...
Run output will be captured here: C:/Users/270925/Desktop/DE1_Uloha6/digi_safe/digi_safe.runs/impl_1/runme.log
open_hw_manager
connect_hw_server -allow_non_jtag
INFO: [Labtools 27-2285] Connecting to hw_server url TCP:localhost:3121
INFO: [Labtools 27-2222] Launching hw_server...
INFO: [Labtools 27-2221] Launch Output:

****** Xilinx hw_server v2025.2
  **** Build date : Oct 28 2025 at 10:03:13
    ** Copyright 1986-2022 Xilinx, Inc. All Rights Reserved.


INFO: [Labtools 27-3415] Connecting to cs_server url TCP:localhost:0
INFO: [Labtools 27-3417] Launching cs_server...
INFO: [Labtools 27-2221] Launch Output:


******** Xilinx cs_server v2025.2.0
  ****** Build date   : Nov 14 2025-00:16:52
    **** Build number : 2025.2.1763075812
      ** Copyright 2017-2022 Xilinx, Inc. All Rights Reserved.
      ** Copyright 2022-2026 Advanced Micro Devices, Inc. All Rights Reserved.



connect_hw_server: Time (s): cpu = 00:00:01 ; elapsed = 00:00:08 . Memory (MB): peak = 1797.941 ; gain = 0.000
open_hw_target
INFO: [Labtoolstcl 44-466] Opening hw_target localhost:3121/xilinx_tcf/Digilent/210292AD2E0EA
set_property PROGRAM.FILE {C:/Users/270925/Desktop/DE1_Uloha6/digi_safe/digi_safe.runs/impl_1/digi_safe.bit} [get_hw_devices xc7a50t_0]
current_hw_device [get_hw_devices xc7a50t_0]
refresh_hw_device -update_hw_probes false [lindex [get_hw_devices xc7a50t_0] 0]
INFO: [Labtools 27-1434] Device xc7a50t (JTAG device index = 0) is programmed with a design that has no supported soft debug core(s) in it.
set_property PROBES.FILE {} [get_hw_devices xc7a50t_0]
set_property FULL_PROBES.FILE {} [get_hw_devices xc7a50t_0]
set_property PROGRAM.FILE {C:/Users/270925/Desktop/DE1_Uloha6/digi_safe/digi_safe.runs/impl_1/digi_safe.bit} [get_hw_devices xc7a50t_0]
program_hw_devices [get_hw_devices xc7a50t_0]
INFO: [Labtools 27-3164] End of startup status: HIGH
refresh_hw_device [lindex [get_hw_devices xc7a50t_0] 0]
INFO: [Labtools 27-1434] Device xc7a50t (JTAG device index = 0) is programmed with a design that has no supported soft debug core(s) in it.
close_hw_manager
launch_simulation
Command: launch_simulation 
INFO: [Vivado 12-25911] Executing simulation for 'XSim' simulator
INFO: [Vivado 12-28535] Process started - Wed Apr 22 16:54:08 2026

INFO: [Vivado 12-12493] Simulation top is 'cfg_tb_digi_safe'
INFO: [Vivado 12-5682] Launching behavioral simulation in 'C:/Users/270925/Desktop/DE1_Uloha6/digi_safe/digi_safe.sim/sim_1/behav/xsim'
INFO: [SIM-utils-51] Simulation object is 'sim_1'
INFO: [SIM-utils-72] Using boost library from 'C:/Appz/AMDDesignTools/2025.2/Vivado/tps/boost_1_72_0'
INFO: [SIM-utils-54] Inspecting design source files for 'cfg_tb_digi_safe' in fileset 'sim_1'...
INFO: [USF-XSim-97] Finding global include files...
INFO: [USF-XSim-98] Fetching design files from 'sim_1'...
INFO: [USF-XSim-2] XSim::Compile design
INFO: [USF-XSim-61] Executing 'COMPILE and ANALYZE' step in 'C:/Users/270925/Desktop/DE1_Uloha6/digi_safe/digi_safe.sim/sim_1/behav/xsim'
"xvhdl --incr --relax -prj cfg_tb_digi_safe_vhdl.prj"
INFO: [VRFC 10-163] Analyzing VHDL file "C:/Users/270925/Desktop/DE1_Uloha6/digi_safe/digi_safe.srcs/sources_1/imports/new/clk_en.vhd" into library xil_defaultlib
INFO: [VRFC 10-3107] analyzing entity 'clk_en'
INFO: [VRFC 10-163] Analyzing VHDL file "C:/Users/270925/Desktop/DE1_Uloha6/digi_safe/digi_safe.srcs/sources_1/new/digi_safe.vhd" into library xil_defaultlib
INFO: [VRFC 10-3107] analyzing entity 'digi_safe'
INFO: [VRFC 10-163] Analyzing VHDL file "C:/Users/270925/Desktop/DE1_Uloha6/digi_safe/digi_safe.srcs/sources_1/imports/DE1/display/display.srcs/sources_1/new/display_driver.vhd" into library xil_defaultlib
INFO: [VRFC 10-3107] analyzing entity 'display_driver'
INFO: [VRFC 10-163] Analyzing VHDL file "C:/Users/270925/Desktop/DE1_Uloha6/digi_safe/digi_safe.srcs/sources_1/new/safe_control_logic.vhd" into library xil_defaultlib
INFO: [VRFC 10-3107] analyzing entity 'safe_control_logic'
INFO: [VRFC 10-163] Analyzing VHDL file "C:/Users/270925/Desktop/DE1_Uloha6/digi_safe/digi_safe.srcs/sim_1/new/digi_safe_tb.vhd" into library xil_defaultlib
INFO: [VRFC 10-3107] analyzing entity 'tb_digi_safe'
INFO: [USF-XSim-69] 'compile' step finished in '2' seconds
INFO: [USF-XSim-3] XSim::Elaborate design
INFO: [USF-XSim-61] Executing 'ELABORATE' step in 'C:/Users/270925/Desktop/DE1_Uloha6/digi_safe/digi_safe.sim/sim_1/behav/xsim'
"xelab --incr --debug typical --relax --mt 2 -L xil_defaultlib -L secureip --snapshot cfg_tb_digi_safe_behav xil_defaultlib.cfg_tb_digi_safe -log elaborate.log"
Vivado Simulator v2025.2
Copyright 1986-2022 Xilinx, Inc. All Rights Reserved.
Copyright 2022-2025 Advanced Micro Devices, Inc. All Rights Reserved.
Running: C:/Appz/AMDDesignTools/2025.2/Vivado/bin/unwrapped/win64.o/xelab.exe --incr --debug typical --relax --mt 2 -L xil_defaultlib -L secureip --snapshot cfg_tb_digi_safe_behav xil_defaultlib.cfg_tb_digi_safe -log elaborate.log 
Using 2 slave threads.
Starting static elaboration
Completed static elaboration
Starting simulation data flow analysis
Completed simulation data flow analysis
Time Resolution for simulation is 1ps
Compiling package std.standard
Compiling package std.textio
Compiling package ieee.std_logic_1164
Compiling package ieee.numeric_std
Compiling architecture behavioral of entity xil_defaultlib.clk_en [\clk_en(g_max=200000)\]
Compiling architecture behavioral of entity xil_defaultlib.debounce [debounce_default]
Compiling architecture behavioral of entity xil_defaultlib.safe_control_logic [safe_control_logic_default]
Compiling architecture behavioral of entity xil_defaultlib.clk_en [\clk_en(g_max=100000)\]
Compiling architecture behavioral of entity xil_defaultlib.display_driver [display_driver_default]
Compiling architecture behavioral of entity xil_defaultlib.bin2seg [bin2seg_default]
Compiling architecture structural of entity xil_defaultlib.digi_safe [digi_safe_default]
Compiling architecture tb of entity xil_defaultlib.tb_digi_safe [tb_digi_safe_cfg_tb_digi_safe]
Built simulation snapshot cfg_tb_digi_safe_behav
INFO: [USF-XSim-69] 'elaborate' step finished in '3' seconds
INFO: [USF-XSim-4] XSim::Simulate design
INFO: [USF-XSim-61] Executing 'SIMULATE' step in 'C:/Users/270925/Desktop/DE1_Uloha6/digi_safe/digi_safe.sim/sim_1/behav/xsim'
INFO: [USF-XSim-98] *** Running xsim
   with args "cfg_tb_digi_safe_behav -key {Behavioral:sim_1:Functional:cfg_tb_digi_safe} -tclbatch {cfg_tb_digi_safe.tcl} -log {simulate.log}"
INFO: [USF-XSim-8] Loading simulator feature
Time resolution is 1 ps
source cfg_tb_digi_safe.tcl
# set curr_wave [current_wave_config]
# if { [string length $curr_wave] == 0 } {
#   if { [llength [get_objects]] > 0} {
#     add_wave /
#     set_property needs_save false [current_wave_config]
#   } else {
#      send_msg_id Add_Wave-1 WARNING "No top level signals found. Simulator will start without a wave window. If you want to open a wave window go to 'File->New Waveform Configuration' or type 'create_wave_config' in the TCL console."
#   }
# }
# run 1000ns
INFO: [USF-XSim-96] XSim completed. Design snapshot 'cfg_tb_digi_safe_behav' loaded.
INFO: [USF-XSim-97] XSim simulation ran for 1000ns
launch_simulation: Time (s): cpu = 00:00:07 ; elapsed = 00:00:11 . Memory (MB): peak = 1815.105 ; gain = 13.270
WARNING: [filemgmt 56-199] Attempt to get parsing info during refresh. "On-the-fly" syntax checking information may be incorrect. [C:\Users\270925\Desktop\DE1_Uloha6\digi_safe\digi_safe.srcs\sources_1\new\digi_safe.vhd:]
WARNING: [filemgmt 56-199] Attempt to get parsing info during refresh. "On-the-fly" syntax checking information may be incorrect. [C:\Users\270925\Desktop\DE1_Uloha6\digi_safe\digi_safe.srcs\sources_1\imports\DE1\segment\segment.srcs\sources_1\new\bin2seg.vhd:]
WARNING: [filemgmt 56-199] Attempt to get parsing info during refresh. "On-the-fly" syntax checking information may be incorrect. [C:\Users\270925\Desktop\DE1_Uloha6\digi_safe\digi_safe.srcs\sim_1\new\digi_safe_tb.vhd:]
WARNING: [filemgmt 56-199] Attempt to get parsing info during refresh. "On-the-fly" syntax checking information may be incorrect. [C:\Users\270925\Desktop\DE1_Uloha6\digi_safe\digi_safe.srcs\sources_1\imports\new\clk_en.vhd:]
WARNING: [filemgmt 56-199] Attempt to get parsing info during refresh. "On-the-fly" syntax checking information may be incorrect. [C:\Users\270925\Desktop\DE1_Uloha6\digi_safe\digi_safe.srcs\sources_1\imports\DE1\display\display.srcs\sources_1\new\display_driver.vhd:]
WARNING: [filemgmt 56-199] Attempt to get parsing info during refresh. "On-the-fly" syntax checking information may be incorrect. [C:\Users\270925\Desktop\DE1_Uloha6\digi_safe\digi_safe.srcs\sources_1\imports\DE1\segment\segment.srcs\sources_1\new\bin2seg.vhd:]
WARNING: [filemgmt 56-199] Attempt to get parsing info during refresh. "On-the-fly" syntax checking information may be incorrect. [C:\Users\270925\Desktop\DE1_Uloha6\digi_safe\digi_safe.srcs\sources_1\imports\DE1\segment\segment.srcs\sources_1\new\bin2seg.vhd:]
WARNING: [filemgmt 56-199] Attempt to get parsing info during refresh. "On-the-fly" syntax checking information may be incorrect. [C:\Users\270925\Desktop\DE1_Uloha6\digi_safe\digi_safe.srcs\sources_1\new\digi_safe.vhd:]
WARNING: [filemgmt 56-199] Attempt to get parsing info during refresh. "On-the-fly" syntax checking information may be incorrect. [C:\Users\270925\Desktop\DE1_Uloha6\digi_safe\digi_safe.srcs\sources_1\imports\DE1\segment\segment.srcs\sources_1\new\bin2seg.vhd:]
WARNING: [filemgmt 56-199] Attempt to get parsing info during refresh. "On-the-fly" syntax checking information may be incorrect. [C:\Users\270925\Desktop\DE1_Uloha6\digi_safe\digi_safe.srcs\sim_1\new\digi_safe_tb.vhd:]
WARNING: [filemgmt 56-199] Attempt to get parsing info during refresh. "On-the-fly" syntax checking information may be incorrect. [C:\Users\270925\Desktop\DE1_Uloha6\digi_safe\digi_safe.srcs\sources_1\imports\new\clk_en.vhd:]
WARNING: [filemgmt 56-199] Attempt to get parsing info during refresh. "On-the-fly" syntax checking information may be incorrect. [C:\Users\270925\Desktop\DE1_Uloha6\digi_safe\digi_safe.srcs\sources_1\imports\DE1\display\display.srcs\sources_1\new\display_driver.vhd:]
WARNING: [filemgmt 56-199] Attempt to get parsing info during refresh. "On-the-fly" syntax checking information may be incorrect. [C:\Users\270925\Desktop\DE1_Uloha6\digi_safe\digi_safe.srcs\sources_1\new\digi_safe.vhd:]
WARNING: [filemgmt 56-199] Attempt to get parsing info during refresh. "On-the-fly" syntax checking information may be incorrect. [C:\Users\270925\Desktop\DE1_Uloha6\digi_safe\digi_safe.srcs\sources_1\new\digi_safe.vhd:]
WARNING: [filemgmt 56-199] Attempt to get parsing info during refresh. "On-the-fly" syntax checking information may be incorrect. [C:\Users\270925\Desktop\DE1_Uloha6\digi_safe\digi_safe.srcs\sources_1\new\digi_safe.vhd:]
WARNING: [filemgmt 56-199] Attempt to get parsing info during refresh. "On-the-fly" syntax checking information may be incorrect. [C:\Users\270925\Desktop\DE1_Uloha6\digi_safe\digi_safe.srcs\sources_1\imports\DE1\segment\segment.srcs\sources_1\new\bin2seg.vhd:]
WARNING: [filemgmt 56-199] Attempt to get parsing info during refresh. "On-the-fly" syntax checking information may be incorrect. [C:\Users\270925\Desktop\DE1_Uloha6\digi_safe\digi_safe.srcs\sim_1\new\digi_safe_tb.vhd:]
WARNING: [filemgmt 56-199] Attempt to get parsing info during refresh. "On-the-fly" syntax checking information may be incorrect. [C:\Users\270925\Desktop\DE1_Uloha6\digi_safe\digi_safe.srcs\sources_1\imports\new\clk_en.vhd:]
WARNING: [filemgmt 56-199] Attempt to get parsing info during refresh. "On-the-fly" syntax checking information may be incorrect. [C:\Users\270925\Desktop\DE1_Uloha6\digi_safe\digi_safe.srcs\sources_1\imports\DE1\display\display.srcs\sources_1\new\display_driver.vhd:]
WARNING: [filemgmt 56-199] Attempt to get parsing info during refresh. "On-the-fly" syntax checking information may be incorrect. [C:\Users\270925\Desktop\DE1_Uloha6\digi_safe\digi_safe.srcs\sources_1\imports\DE1\display\display.srcs\sources_1\new\display_driver.vhd:]
WARNING: [filemgmt 56-199] Attempt to get parsing info during refresh. "On-the-fly" syntax checking information may be incorrect. [C:\Users\270925\Desktop\DE1_Uloha6\digi_safe\digi_safe.srcs\sources_1\imports\DE1\display\display.srcs\sources_1\new\display_driver.vhd:]
WARNING: [filemgmt 56-199] Attempt to get parsing info during refresh. "On-the-fly" syntax checking information may be incorrect. [C:\Users\270925\Desktop\DE1_Uloha6\digi_safe\digi_safe.srcs\sources_1\new\digi_safe.vhd:]
WARNING: [filemgmt 56-199] Attempt to get parsing info during refresh. "On-the-fly" syntax checking information may be incorrect. [C:\Users\270925\Desktop\DE1_Uloha6\digi_safe\digi_safe.srcs\sources_1\imports\DE1\segment\segment.srcs\sources_1\new\bin2seg.vhd:]
WARNING: [filemgmt 56-199] Attempt to get parsing info during refresh. "On-the-fly" syntax checking information may be incorrect. [C:\Users\270925\Desktop\DE1_Uloha6\digi_safe\digi_safe.srcs\sim_1\new\digi_safe_tb.vhd:]
WARNING: [filemgmt 56-199] Attempt to get parsing info during refresh. "On-the-fly" syntax checking information may be incorrect. [C:\Users\270925\Desktop\DE1_Uloha6\digi_safe\digi_safe.srcs\sources_1\imports\new\clk_en.vhd:]
WARNING: [filemgmt 56-199] Attempt to get parsing info during refresh. "On-the-fly" syntax checking information may be incorrect. [C:\Users\270925\Desktop\DE1_Uloha6\digi_safe\digi_safe.srcs\sources_1\imports\DE1\display\display.srcs\sources_1\new\display_driver.vhd:]
WARNING: [filemgmt 56-199] Attempt to get parsing info during refresh. "On-the-fly" syntax checking information may be incorrect. [C:\Users\270925\Desktop\DE1_Uloha6\digi_safe\digi_safe.srcs\sources_1\imports\new\clk_en.vhd:]
WARNING: [filemgmt 56-199] Attempt to get parsing info during refresh. "On-the-fly" syntax checking information may be incorrect. [C:\Users\270925\Desktop\DE1_Uloha6\digi_safe\digi_safe.srcs\sources_1\imports\new\clk_en.vhd:]
close_sim
INFO: [Simtcl 6-16] Simulation closed
launch_simulation
Command: launch_simulation 
INFO: [Vivado 12-25911] Executing simulation for 'XSim' simulator
INFO: [Vivado 12-28535] Process started - Wed Apr 22 16:55:48 2026

INFO: [Vivado 12-12493] Simulation top is 'cfg_tb_digi_safe'
INFO: [Vivado 12-5682] Launching behavioral simulation in 'C:/Users/270925/Desktop/DE1_Uloha6/digi_safe/digi_safe.sim/sim_1/behav/xsim'
INFO: [SIM-utils-51] Simulation object is 'sim_1'
INFO: [SIM-utils-72] Using boost library from 'C:/Appz/AMDDesignTools/2025.2/Vivado/tps/boost_1_72_0'
INFO: [SIM-utils-54] Inspecting design source files for 'cfg_tb_digi_safe' in fileset 'sim_1'...
INFO: [USF-XSim-97] Finding global include files...
INFO: [USF-XSim-98] Fetching design files from 'sim_1'...
INFO: [USF-XSim-2] XSim::Compile design
INFO: [USF-XSim-61] Executing 'COMPILE and ANALYZE' step in 'C:/Users/270925/Desktop/DE1_Uloha6/digi_safe/digi_safe.sim/sim_1/behav/xsim'
"xvhdl --incr --relax -prj cfg_tb_digi_safe_vhdl.prj"
INFO: [VRFC 10-163] Analyzing VHDL file "C:/Users/270925/Desktop/DE1_Uloha6/digi_safe/digi_safe.srcs/sources_1/new/digi_safe.vhd" into library xil_defaultlib
INFO: [VRFC 10-3107] analyzing entity 'digi_safe'
INFO: [USF-XSim-69] 'compile' step finished in '1' seconds
INFO: [USF-XSim-3] XSim::Elaborate design
INFO: [USF-XSim-61] Executing 'ELABORATE' step in 'C:/Users/270925/Desktop/DE1_Uloha6/digi_safe/digi_safe.sim/sim_1/behav/xsim'
"xelab --incr --debug typical --relax --mt 2 -L xil_defaultlib -L secureip --snapshot cfg_tb_digi_safe_behav xil_defaultlib.cfg_tb_digi_safe -log elaborate.log"
Vivado Simulator v2025.2
Copyright 1986-2022 Xilinx, Inc. All Rights Reserved.
Copyright 2022-2025 Advanced Micro Devices, Inc. All Rights Reserved.
Running: C:/Appz/AMDDesignTools/2025.2/Vivado/bin/unwrapped/win64.o/xelab.exe --incr --debug typical --relax --mt 2 -L xil_defaultlib -L secureip --snapshot cfg_tb_digi_safe_behav xil_defaultlib.cfg_tb_digi_safe -log elaborate.log 
Using 2 slave threads.
Starting static elaboration
Completed static elaboration
Starting simulation data flow analysis
Completed simulation data flow analysis
Time Resolution for simulation is 1ps
Compiling package std.standard
Compiling package std.textio
Compiling package ieee.std_logic_1164
Compiling package ieee.numeric_std
Compiling architecture behavioral of entity xil_defaultlib.clk_en [\clk_en(g_max=200000)\]
Compiling architecture behavioral of entity xil_defaultlib.debounce [debounce_default]
Compiling architecture behavioral of entity xil_defaultlib.safe_control_logic [safe_control_logic_default]
Compiling architecture behavioral of entity xil_defaultlib.clk_en [\clk_en(g_max=100000)\]
Compiling architecture behavioral of entity xil_defaultlib.display_driver [display_driver_default]
Compiling architecture behavioral of entity xil_defaultlib.bin2seg [bin2seg_default]
Compiling architecture structural of entity xil_defaultlib.digi_safe [digi_safe_default]
Compiling architecture tb of entity xil_defaultlib.tb_digi_safe [tb_digi_safe_cfg_tb_digi_safe]
Built simulation snapshot cfg_tb_digi_safe_behav
INFO: [USF-XSim-69] 'elaborate' step finished in '1' seconds
INFO: [USF-XSim-4] XSim::Simulate design
INFO: [USF-XSim-61] Executing 'SIMULATE' step in 'C:/Users/270925/Desktop/DE1_Uloha6/digi_safe/digi_safe.sim/sim_1/behav/xsim'
INFO: [USF-XSim-98] *** Running xsim
   with args "cfg_tb_digi_safe_behav -key {Behavioral:sim_1:Functional:cfg_tb_digi_safe} -tclbatch {cfg_tb_digi_safe.tcl} -log {simulate.log}"
INFO: [USF-XSim-8] Loading simulator feature
Time resolution is 1 ps
source cfg_tb_digi_safe.tcl
# set curr_wave [current_wave_config]
# if { [string length $curr_wave] == 0 } {
#   if { [llength [get_objects]] > 0} {
#     add_wave /
#     set_property needs_save false [current_wave_config]
#   } else {
#      send_msg_id Add_Wave-1 WARNING "No top level signals found. Simulator will start without a wave window. If you want to open a wave window go to 'File->New Waveform Configuration' or type 'create_wave_config' in the TCL console."
#   }
# }
# run 1000ns
INFO: [USF-XSim-96] XSim completed. Design snapshot 'cfg_tb_digi_safe_behav' loaded.
INFO: [USF-XSim-97] XSim simulation ran for 1000ns
launch_simulation: Time (s): cpu = 00:00:04 ; elapsed = 00:00:06 . Memory (MB): peak = 1837.648 ; gain = 11.531
close_sim
INFO: [Simtcl 6-16] Simulation closed
WARNING: [filemgmt 56-199] Attempt to get parsing info during refresh. "On-the-fly" syntax checking information may be incorrect. [C:\Users\270925\Desktop\DE1_Uloha6\digi_safe\digi_safe.srcs\sources_1\new\digi_safe.vhd:]
WARNING: [filemgmt 56-199] Attempt to get parsing info during refresh. "On-the-fly" syntax checking information may be incorrect. [C:\Users\270925\Desktop\DE1_Uloha6\digi_safe\digi_safe.srcs\sources_1\imports\DE1\segment\segment.srcs\sources_1\new\bin2seg.vhd:]
WARNING: [filemgmt 56-199] Attempt to get parsing info during refresh. "On-the-fly" syntax checking information may be incorrect. [C:\Users\270925\Desktop\DE1_Uloha6\digi_safe\digi_safe.srcs\sim_1\new\digi_safe_tb.vhd:]
WARNING: [filemgmt 56-199] Attempt to get parsing info during refresh. "On-the-fly" syntax checking information may be incorrect. [C:\Users\270925\Desktop\DE1_Uloha6\digi_safe\digi_safe.srcs\sources_1\imports\new\clk_en.vhd:]
WARNING: [filemgmt 56-199] Attempt to get parsing info during refresh. "On-the-fly" syntax checking information may be incorrect. [C:\Users\270925\Desktop\DE1_Uloha6\digi_safe\digi_safe.srcs\sources_1\imports\DE1\display\display.srcs\sources_1\new\display_driver.vhd:]
WARNING: [filemgmt 56-199] Attempt to get parsing info during refresh. "On-the-fly" syntax checking information may be incorrect. [C:\Users\270925\Desktop\DE1_Uloha6\digi_safe\digi_safe.srcs\sources_1\imports\DE1\display\display.srcs\sources_1\new\display_driver.vhd:]
WARNING: [filemgmt 56-199] Attempt to get parsing info during refresh. "On-the-fly" syntax checking information may be incorrect. [C:\Users\270925\Desktop\DE1_Uloha6\digi_safe\digi_safe.srcs\sources_1\imports\DE1\display\display.srcs\sources_1\new\display_driver.vhd:]
WARNING: [filemgmt 56-199] Attempt to get parsing info during refresh. "On-the-fly" syntax checking information may be incorrect. [C:\Users\270925\Desktop\DE1_Uloha6\digi_safe\digi_safe.srcs\sources_1\new\digi_safe.vhd:]
WARNING: [filemgmt 56-199] Attempt to get parsing info during refresh. "On-the-fly" syntax checking information may be incorrect. [C:\Users\270925\Desktop\DE1_Uloha6\digi_safe\digi_safe.srcs\sources_1\imports\DE1\segment\segment.srcs\sources_1\new\bin2seg.vhd:]
WARNING: [filemgmt 56-199] Attempt to get parsing info during refresh. "On-the-fly" syntax checking information may be incorrect. [C:\Users\270925\Desktop\DE1_Uloha6\digi_safe\digi_safe.srcs\sim_1\new\digi_safe_tb.vhd:]
WARNING: [filemgmt 56-199] Attempt to get parsing info during refresh. "On-the-fly" syntax checking information may be incorrect. [C:\Users\270925\Desktop\DE1_Uloha6\digi_safe\digi_safe.srcs\sources_1\imports\new\clk_en.vhd:]
WARNING: [filemgmt 56-199] Attempt to get parsing info during refresh. "On-the-fly" syntax checking information may be incorrect. [C:\Users\270925\Desktop\DE1_Uloha6\digi_safe\digi_safe.srcs\sources_1\imports\DE1\display\display.srcs\sources_1\new\display_driver.vhd:]
WARNING: [filemgmt 56-199] Attempt to get parsing info during refresh. "On-the-fly" syntax checking information may be incorrect. [C:\Users\270925\Desktop\DE1_Uloha6\digi_safe\digi_safe.srcs\sources_1\new\digi_safe.vhd:]
WARNING: [filemgmt 56-199] Attempt to get parsing info during refresh. "On-the-fly" syntax checking information may be incorrect. [C:\Users\270925\Desktop\DE1_Uloha6\digi_safe\digi_safe.srcs\sources_1\new\digi_safe.vhd:]
WARNING: [filemgmt 56-199] Attempt to get parsing info during refresh. "On-the-fly" syntax checking information may be incorrect. [C:\Users\270925\Desktop\DE1_Uloha6\digi_safe\digi_safe.srcs\sources_1\new\digi_safe.vhd:]
WARNING: [filemgmt 56-199] Attempt to get parsing info during refresh. "On-the-fly" syntax checking information may be incorrect. [C:\Users\270925\Desktop\DE1_Uloha6\digi_safe\digi_safe.srcs\sources_1\imports\DE1\segment\segment.srcs\sources_1\new\bin2seg.vhd:]
WARNING: [filemgmt 56-199] Attempt to get parsing info during refresh. "On-the-fly" syntax checking information may be incorrect. [C:\Users\270925\Desktop\DE1_Uloha6\digi_safe\digi_safe.srcs\sim_1\new\digi_safe_tb.vhd:]
WARNING: [filemgmt 56-199] Attempt to get parsing info during refresh. "On-the-fly" syntax checking information may be incorrect. [C:\Users\270925\Desktop\DE1_Uloha6\digi_safe\digi_safe.srcs\sources_1\imports\new\clk_en.vhd:]
WARNING: [filemgmt 56-199] Attempt to get parsing info during refresh. "On-the-fly" syntax checking information may be incorrect. [C:\Users\270925\Desktop\DE1_Uloha6\digi_safe\digi_safe.srcs\sources_1\imports\DE1\display\display.srcs\sources_1\new\display_driver.vhd:]
WARNING: [filemgmt 56-199] Attempt to get parsing info during refresh. "On-the-fly" syntax checking information may be incorrect. [C:\Users\270925\Desktop\DE1_Uloha6\digi_safe\digi_safe.srcs\sources_1\imports\new\clk_en.vhd:]
WARNING: [filemgmt 56-199] Attempt to get parsing info during refresh. "On-the-fly" syntax checking information may be incorrect. [C:\Users\270925\Desktop\DE1_Uloha6\digi_safe\digi_safe.srcs\sources_1\imports\new\clk_en.vhd:]
ERROR: [Common 17-180] Spawn failed: The operation completed successfully.

WARNING: [filemgmt 56-199] Attempt to get parsing info during refresh. "On-the-fly" syntax checking information may be incorrect. [C:\Users\270925\Desktop\DE1_Uloha6\digi_safe\digi_safe.srcs\sources_1\new\digi_safe.vhd:]
WARNING: [filemgmt 56-199] Attempt to get parsing info during refresh. "On-the-fly" syntax checking information may be incorrect. [C:\Users\270925\Desktop\DE1_Uloha6\digi_safe\digi_safe.srcs\sources_1\imports\DE1\segment\segment.srcs\sources_1\new\bin2seg.vhd:]
WARNING: [filemgmt 56-199] Attempt to get parsing info during refresh. "On-the-fly" syntax checking information may be incorrect. [C:\Users\270925\Desktop\DE1_Uloha6\digi_safe\digi_safe.srcs\sim_1\new\digi_safe_tb.vhd:]
WARNING: [filemgmt 56-199] Attempt to get parsing info during refresh. "On-the-fly" syntax checking information may be incorrect. [C:\Users\270925\Desktop\DE1_Uloha6\digi_safe\digi_safe.srcs\sources_1\imports\new\clk_en.vhd:]
WARNING: [filemgmt 56-199] Attempt to get parsing info during refresh. "On-the-fly" syntax checking information may be incorrect. [C:\Users\270925\Desktop\DE1_Uloha6\digi_safe\digi_safe.srcs\sources_1\imports\DE1\display\display.srcs\sources_1\new\display_driver.vhd:]
WARNING: [filemgmt 56-199] Attempt to get parsing info during refresh. "On-the-fly" syntax checking information may be incorrect. [C:\Users\270925\Desktop\DE1_Uloha6\digi_safe\digi_safe.srcs\sources_1\imports\DE1\segment\segment.srcs\sources_1\new\bin2seg.vhd:]
WARNING: [filemgmt 56-199] Attempt to get parsing info during refresh. "On-the-fly" syntax checking information may be incorrect. [C:\Users\270925\Desktop\DE1_Uloha6\digi_safe\digi_safe.srcs\sources_1\imports\DE1\segment\segment.srcs\sources_1\new\bin2seg.vhd:]
WARNING: [filemgmt 56-199] Attempt to get parsing info during refresh. "On-the-fly" syntax checking information may be incorrect. [C:\Users\270925\Desktop\DE1_Uloha6\digi_safe\digi_safe.srcs\sources_1\new\digi_safe.vhd:]
WARNING: [filemgmt 56-199] Attempt to get parsing info during refresh. "On-the-fly" syntax checking information may be incorrect. [C:\Users\270925\Desktop\DE1_Uloha6\digi_safe\digi_safe.srcs\sources_1\imports\DE1\segment\segment.srcs\sources_1\new\bin2seg.vhd:]
WARNING: [filemgmt 56-199] Attempt to get parsing info during refresh. "On-the-fly" syntax checking information may be incorrect. [C:\Users\270925\Desktop\DE1_Uloha6\digi_safe\digi_safe.srcs\sim_1\new\digi_safe_tb.vhd:]
WARNING: [filemgmt 56-199] Attempt to get parsing info during refresh. "On-the-fly" syntax checking information may be incorrect. [C:\Users\270925\Desktop\DE1_Uloha6\digi_safe\digi_safe.srcs\sources_1\imports\new\clk_en.vhd:]
WARNING: [filemgmt 56-199] Attempt to get parsing info during refresh. "On-the-fly" syntax checking information may be incorrect. [C:\Users\270925\Desktop\DE1_Uloha6\digi_safe\digi_safe.srcs\sources_1\imports\DE1\display\display.srcs\sources_1\new\display_driver.vhd:]
WARNING: [filemgmt 56-199] Attempt to get parsing info during refresh. "On-the-fly" syntax checking information may be incorrect. [C:\Users\270925\Desktop\DE1_Uloha6\digi_safe\digi_safe.srcs\sources_1\imports\DE1\display\display.srcs\sources_1\new\display_driver.vhd:]
WARNING: [filemgmt 56-199] Attempt to get parsing info during refresh. "On-the-fly" syntax checking information may be incorrect. [C:\Users\270925\Desktop\DE1_Uloha6\digi_safe\digi_safe.srcs\sources_1\imports\DE1\display\display.srcs\sources_1\new\display_driver.vhd:]
WARNING: [filemgmt 56-199] Attempt to get parsing info during refresh. "On-the-fly" syntax checking information may be incorrect. [C:\Users\270925\Desktop\DE1_Uloha6\digi_safe\digi_safe.srcs\sources_1\new\digi_safe.vhd:]
WARNING: [filemgmt 56-199] Attempt to get parsing info during refresh. "On-the-fly" syntax checking information may be incorrect. [C:\Users\270925\Desktop\DE1_Uloha6\digi_safe\digi_safe.srcs\sources_1\imports\DE1\segment\segment.srcs\sources_1\new\bin2seg.vhd:]
WARNING: [filemgmt 56-199] Attempt to get parsing info during refresh. "On-the-fly" syntax checking information may be incorrect. [C:\Users\270925\Desktop\DE1_Uloha6\digi_safe\digi_safe.srcs\sim_1\new\digi_safe_tb.vhd:]
WARNING: [filemgmt 56-199] Attempt to get parsing info during refresh. "On-the-fly" syntax checking information may be incorrect. [C:\Users\270925\Desktop\DE1_Uloha6\digi_safe\digi_safe.srcs\sources_1\imports\new\clk_en.vhd:]
WARNING: [filemgmt 56-199] Attempt to get parsing info during refresh. "On-the-fly" syntax checking information may be incorrect. [C:\Users\270925\Desktop\DE1_Uloha6\digi_safe\digi_safe.srcs\sources_1\imports\DE1\display\display.srcs\sources_1\new\display_driver.vhd:]
WARNING: [filemgmt 56-199] Attempt to get parsing info during refresh. "On-the-fly" syntax checking information may be incorrect. [C:\Users\270925\Desktop\DE1_Uloha6\digi_safe\digi_safe.srcs\sim_1\new\digi_safe_tb.vhd:]
WARNING: [filemgmt 56-199] Attempt to get parsing info during refresh. "On-the-fly" syntax checking information may be incorrect. [C:\Users\270925\Desktop\DE1_Uloha6\digi_safe\digi_safe.srcs\sim_1\new\digi_safe_tb.vhd:]
ERROR: [Common 17-180] Spawn failed: The operation completed successfully.

WARNING: [filemgmt 56-199] Attempt to get parsing info during refresh. "On-the-fly" syntax checking information may be incorrect. [C:\Users\270925\Desktop\DE1_Uloha6\digi_safe\digi_safe.srcs\sources_1\new\digi_safe.vhd:]
WARNING: [filemgmt 56-199] Attempt to get parsing info during refresh. "On-the-fly" syntax checking information may be incorrect. [C:\Users\270925\Desktop\DE1_Uloha6\digi_safe\digi_safe.srcs\sources_1\imports\DE1\segment\segment.srcs\sources_1\new\bin2seg.vhd:]
WARNING: [filemgmt 56-199] Attempt to get parsing info during refresh. "On-the-fly" syntax checking information may be incorrect. [C:\Users\270925\Desktop\DE1_Uloha6\digi_safe\digi_safe.srcs\sim_1\new\digi_safe_tb.vhd:]
WARNING: [filemgmt 56-199] Attempt to get parsing info during refresh. "On-the-fly" syntax checking information may be incorrect. [C:\Users\270925\Desktop\DE1_Uloha6\digi_safe\digi_safe.srcs\sources_1\imports\new\clk_en.vhd:]
WARNING: [filemgmt 56-199] Attempt to get parsing info during refresh. "On-the-fly" syntax checking information may be incorrect. [C:\Users\270925\Desktop\DE1_Uloha6\digi_safe\digi_safe.srcs\sources_1\imports\DE1\display\display.srcs\sources_1\new\display_driver.vhd:]
WARNING: [filemgmt 56-199] Attempt to get parsing info during refresh. "On-the-fly" syntax checking information may be incorrect. [C:\Users\270925\Desktop\DE1_Uloha6\digi_safe\digi_safe.srcs\sources_1\imports\DE1\segment\segment.srcs\sources_1\new\bin2seg.vhd:]
WARNING: [filemgmt 56-199] Attempt to get parsing info during refresh. "On-the-fly" syntax checking information may be incorrect. [C:\Users\270925\Desktop\DE1_Uloha6\digi_safe\digi_safe.srcs\sources_1\imports\DE1\segment\segment.srcs\sources_1\new\bin2seg.vhd:]
WARNING: [filemgmt 56-199] Attempt to get parsing info during refresh. "On-the-fly" syntax checking information may be incorrect. [C:\Users\270925\Desktop\DE1_Uloha6\digi_safe\digi_safe.srcs\sources_1\new\digi_safe.vhd:]
WARNING: [filemgmt 56-199] Attempt to get parsing info during refresh. "On-the-fly" syntax checking information may be incorrect. [C:\Users\270925\Desktop\DE1_Uloha6\digi_safe\digi_safe.srcs\sources_1\imports\DE1\segment\segment.srcs\sources_1\new\bin2seg.vhd:]
WARNING: [filemgmt 56-199] Attempt to get parsing info during refresh. "On-the-fly" syntax checking information may be incorrect. [C:\Users\270925\Desktop\DE1_Uloha6\digi_safe\digi_safe.srcs\sim_1\new\digi_safe_tb.vhd:]
WARNING: [filemgmt 56-199] Attempt to get parsing info during refresh. "On-the-fly" syntax checking information may be incorrect. [C:\Users\270925\Desktop\DE1_Uloha6\digi_safe\digi_safe.srcs\sources_1\imports\new\clk_en.vhd:]
WARNING: [filemgmt 56-199] Attempt to get parsing info during refresh. "On-the-fly" syntax checking information may be incorrect. [C:\Users\270925\Desktop\DE1_Uloha6\digi_safe\digi_safe.srcs\sources_1\imports\DE1\display\display.srcs\sources_1\new\display_driver.vhd:]
WARNING: [filemgmt 56-199] Attempt to get parsing info during refresh. "On-the-fly" syntax checking information may be incorrect. [C:\Users\270925\Desktop\DE1_Uloha6\digi_safe\digi_safe.srcs\sources_1\new\digi_safe.vhd:]
WARNING: [filemgmt 56-199] Attempt to get parsing info during refresh. "On-the-fly" syntax checking information may be incorrect. [C:\Users\270925\Desktop\DE1_Uloha6\digi_safe\digi_safe.srcs\sources_1\new\digi_safe.vhd:]
WARNING: [filemgmt 56-199] Attempt to get parsing info during refresh. "On-the-fly" syntax checking information may be incorrect. [C:\Users\270925\Desktop\DE1_Uloha6\digi_safe\digi_safe.srcs\sources_1\new\digi_safe.vhd:]
WARNING: [filemgmt 56-199] Attempt to get parsing info during refresh. "On-the-fly" syntax checking information may be incorrect. [C:\Users\270925\Desktop\DE1_Uloha6\digi_safe\digi_safe.srcs\sources_1\imports\DE1\segment\segment.srcs\sources_1\new\bin2seg.vhd:]
WARNING: [filemgmt 56-199] Attempt to get parsing info during refresh. "On-the-fly" syntax checking information may be incorrect. [C:\Users\270925\Desktop\DE1_Uloha6\digi_safe\digi_safe.srcs\sim_1\new\digi_safe_tb.vhd:]
WARNING: [filemgmt 56-199] Attempt to get parsing info during refresh. "On-the-fly" syntax checking information may be incorrect. [C:\Users\270925\Desktop\DE1_Uloha6\digi_safe\digi_safe.srcs\sources_1\imports\new\clk_en.vhd:]
WARNING: [filemgmt 56-199] Attempt to get parsing info during refresh. "On-the-fly" syntax checking information may be incorrect. [C:\Users\270925\Desktop\DE1_Uloha6\digi_safe\digi_safe.srcs\sources_1\imports\DE1\display\display.srcs\sources_1\new\display_driver.vhd:]
WARNING: [filemgmt 56-199] Attempt to get parsing info during refresh. "On-the-fly" syntax checking information may be incorrect. [C:\Users\270925\Desktop\DE1_Uloha6\digi_safe\digi_safe.srcs\sim_1\new\digi_safe_tb.vhd:]
WARNING: [filemgmt 56-199] Attempt to get parsing info during refresh. "On-the-fly" syntax checking information may be incorrect. [C:\Users\270925\Desktop\DE1_Uloha6\digi_safe\digi_safe.srcs\sim_1\new\digi_safe_tb.vhd:]
WARNING: [filemgmt 56-199] Attempt to get parsing info during refresh. "On-the-fly" syntax checking information may be incorrect. [C:\Users\270925\Desktop\DE1_Uloha6\digi_safe\digi_safe.srcs\sources_1\new\digi_safe.vhd:]
WARNING: [filemgmt 56-199] Attempt to get parsing info during refresh. "On-the-fly" syntax checking information may be incorrect. [C:\Users\270925\Desktop\DE1_Uloha6\digi_safe\digi_safe.srcs\sources_1\imports\DE1\segment\segment.srcs\sources_1\new\bin2seg.vhd:]
WARNING: [filemgmt 56-199] Attempt to get parsing info during refresh. "On-the-fly" syntax checking information may be incorrect. [C:\Users\270925\Desktop\DE1_Uloha6\digi_safe\digi_safe.srcs\sim_1\new\digi_safe_tb.vhd:]
WARNING: [filemgmt 56-199] Attempt to get parsing info during refresh. "On-the-fly" syntax checking information may be incorrect. [C:\Users\270925\Desktop\DE1_Uloha6\digi_safe\digi_safe.srcs\sources_1\imports\new\clk_en.vhd:]
WARNING: [filemgmt 56-199] Attempt to get parsing info during refresh. "On-the-fly" syntax checking information may be incorrect. [C:\Users\270925\Desktop\DE1_Uloha6\digi_safe\digi_safe.srcs\sources_1\imports\DE1\display\display.srcs\sources_1\new\display_driver.vhd:]
WARNING: [filemgmt 56-199] Attempt to get parsing info during refresh. "On-the-fly" syntax checking information may be incorrect. [C:\Users\270925\Desktop\DE1_Uloha6\digi_safe\digi_safe.srcs\sources_1\imports\new\clk_en.vhd:]
WARNING: [filemgmt 56-199] Attempt to get parsing info during refresh. "On-the-fly" syntax checking information may be incorrect. [C:\Users\270925\Desktop\DE1_Uloha6\digi_safe\digi_safe.srcs\sources_1\imports\new\clk_en.vhd:]
ERROR: [Common 17-180] Spawn failed: The operation completed successfully.

WARNING: [filemgmt 56-199] Attempt to get parsing info during refresh. "On-the-fly" syntax checking information may be incorrect. [C:\Users\270925\Desktop\DE1_Uloha6\digi_safe\digi_safe.srcs\sources_1\new\digi_safe.vhd:]
WARNING: [filemgmt 56-199] Attempt to get parsing info during refresh. "On-the-fly" syntax checking information may be incorrect. [C:\Users\270925\Desktop\DE1_Uloha6\digi_safe\digi_safe.srcs\sources_1\imports\DE1\segment\segment.srcs\sources_1\new\bin2seg.vhd:]
WARNING: [filemgmt 56-199] Attempt to get parsing info during refresh. "On-the-fly" syntax checking information may be incorrect. [C:\Users\270925\Desktop\DE1_Uloha6\digi_safe\digi_safe.srcs\sim_1\new\digi_safe_tb.vhd:]
WARNING: [filemgmt 56-199] Attempt to get parsing info during refresh. "On-the-fly" syntax checking information may be incorrect. [C:\Users\270925\Desktop\DE1_Uloha6\digi_safe\digi_safe.srcs\sources_1\imports\new\clk_en.vhd:]
WARNING: [filemgmt 56-199] Attempt to get parsing info during refresh. "On-the-fly" syntax checking information may be incorrect. [C:\Users\270925\Desktop\DE1_Uloha6\digi_safe\digi_safe.srcs\sources_1\imports\DE1\display\display.srcs\sources_1\new\display_driver.vhd:]
WARNING: [filemgmt 56-199] Attempt to get parsing info during refresh. "On-the-fly" syntax checking information may be incorrect. [C:\Users\270925\Desktop\DE1_Uloha6\digi_safe\digi_safe.srcs\sources_1\imports\DE1\display\display.srcs\sources_1\new\display_driver.vhd:]
WARNING: [filemgmt 56-199] Attempt to get parsing info during refresh. "On-the-fly" syntax checking information may be incorrect. [C:\Users\270925\Desktop\DE1_Uloha6\digi_safe\digi_safe.srcs\sources_1\imports\DE1\display\display.srcs\sources_1\new\display_driver.vhd:]
launch_simulation
Command: launch_simulation 
INFO: [Vivado 12-25911] Executing simulation for 'XSim' simulator
INFO: [Vivado 12-28535] Process started - Wed Apr 22 16:56:58 2026

INFO: [Vivado 12-12493] Simulation top is 'cfg_tb_digi_safe'
INFO: [Vivado 12-5682] Launching behavioral simulation in 'C:/Users/270925/Desktop/DE1_Uloha6/digi_safe/digi_safe.sim/sim_1/behav/xsim'
INFO: [SIM-utils-51] Simulation object is 'sim_1'
INFO: [SIM-utils-72] Using boost library from 'C:/Appz/AMDDesignTools/2025.2/Vivado/tps/boost_1_72_0'
INFO: [SIM-utils-54] Inspecting design source files for 'cfg_tb_digi_safe' in fileset 'sim_1'...
INFO: [USF-XSim-97] Finding global include files...
INFO: [USF-XSim-98] Fetching design files from 'sim_1'...
INFO: [USF-XSim-2] XSim::Compile design
INFO: [USF-XSim-61] Executing 'COMPILE and ANALYZE' step in 'C:/Users/270925/Desktop/DE1_Uloha6/digi_safe/digi_safe.sim/sim_1/behav/xsim'
"xvhdl --incr --relax -prj cfg_tb_digi_safe_vhdl.prj"
INFO: [VRFC 10-163] Analyzing VHDL file "C:/Users/270925/Desktop/DE1_Uloha6/digi_safe/digi_safe.srcs/sources_1/new/digi_safe.vhd" into library xil_defaultlib
INFO: [VRFC 10-3107] analyzing entity 'digi_safe'
INFO: [VRFC 10-163] Analyzing VHDL file "C:/Users/270925/Desktop/DE1_Uloha6/digi_safe/digi_safe.srcs/sim_1/new/digi_safe_tb.vhd" into library xil_defaultlib
INFO: [VRFC 10-3107] analyzing entity 'tb_digi_safe'
INFO: [USF-XSim-69] 'compile' step finished in '1' seconds
INFO: [USF-XSim-3] XSim::Elaborate design
INFO: [USF-XSim-61] Executing 'ELABORATE' step in 'C:/Users/270925/Desktop/DE1_Uloha6/digi_safe/digi_safe.sim/sim_1/behav/xsim'
"xelab --incr --debug typical --relax --mt 2 -L xil_defaultlib -L secureip --snapshot cfg_tb_digi_safe_behav xil_defaultlib.cfg_tb_digi_safe -log elaborate.log"
Vivado Simulator v2025.2
Copyright 1986-2022 Xilinx, Inc. All Rights Reserved.
Copyright 2022-2025 Advanced Micro Devices, Inc. All Rights Reserved.
Running: C:/Appz/AMDDesignTools/2025.2/Vivado/bin/unwrapped/win64.o/xelab.exe --incr --debug typical --relax --mt 2 -L xil_defaultlib -L secureip --snapshot cfg_tb_digi_safe_behav xil_defaultlib.cfg_tb_digi_safe -log elaborate.log 
Using 2 slave threads.
Starting static elaboration
Completed static elaboration
Starting simulation data flow analysis
Completed simulation data flow analysis
Time Resolution for simulation is 1ps
Compiling package std.standard
Compiling package std.textio
Compiling package ieee.std_logic_1164
Compiling package ieee.numeric_std
Compiling architecture behavioral of entity xil_defaultlib.clk_en [\clk_en(g_max=200000)\]
Compiling architecture behavioral of entity xil_defaultlib.debounce [debounce_default]
Compiling architecture behavioral of entity xil_defaultlib.safe_control_logic [safe_control_logic_default]
Compiling architecture behavioral of entity xil_defaultlib.clk_en [\clk_en(g_max=100000)\]
Compiling architecture behavioral of entity xil_defaultlib.display_driver [display_driver_default]
Compiling architecture behavioral of entity xil_defaultlib.bin2seg [bin2seg_default]
Compiling architecture structural of entity xil_defaultlib.digi_safe [digi_safe_default]
Compiling architecture tb of entity xil_defaultlib.tb_digi_safe [tb_digi_safe_cfg_tb_digi_safe]
Built simulation snapshot cfg_tb_digi_safe_behav
INFO: [USF-XSim-69] 'elaborate' step finished in '3' seconds
INFO: [USF-XSim-4] XSim::Simulate design
INFO: [USF-XSim-61] Executing 'SIMULATE' step in 'C:/Users/270925/Desktop/DE1_Uloha6/digi_safe/digi_safe.sim/sim_1/behav/xsim'
INFO: [USF-XSim-98] *** Running xsim
   with args "cfg_tb_digi_safe_behav -key {Behavioral:sim_1:Functional:cfg_tb_digi_safe} -tclbatch {cfg_tb_digi_safe.tcl} -log {simulate.log}"
INFO: [USF-XSim-8] Loading simulator feature
Time resolution is 1 ps
source cfg_tb_digi_safe.tcl
# set curr_wave [current_wave_config]
# if { [string length $curr_wave] == 0 } {
#   if { [llength [get_objects]] > 0} {
#     add_wave /
#     set_property needs_save false [current_wave_config]
#   } else {
#      send_msg_id Add_Wave-1 WARNING "No top level signals found. Simulator will start without a wave window. If you want to open a wave window go to 'File->New Waveform Configuration' or type 'create_wave_config' in the TCL console."
#   }
# }
# run 1000ns
INFO: [USF-XSim-96] XSim completed. Design snapshot 'cfg_tb_digi_safe_behav' loaded.
INFO: [USF-XSim-97] XSim simulation ran for 1000ns
launch_simulation: Time (s): cpu = 00:00:03 ; elapsed = 00:00:07 . Memory (MB): peak = 3479.426 ; gain = 0.000
close_sim
INFO: [Simtcl 6-16] Simulation closed
WARNING: [filemgmt 56-199] Attempt to get parsing info during refresh. "On-the-fly" syntax checking information may be incorrect. [C:\Users\270925\Desktop\DE1_Uloha6\digi_safe\digi_safe.srcs\sources_1\new\digi_safe.vhd:]
WARNING: [filemgmt 56-199] Attempt to get parsing info during refresh. "On-the-fly" syntax checking information may be incorrect. [C:\Users\270925\Desktop\DE1_Uloha6\digi_safe\digi_safe.srcs\sources_1\imports\DE1\segment\segment.srcs\sources_1\new\bin2seg.vhd:]
WARNING: [filemgmt 56-199] Attempt to get parsing info during refresh. "On-the-fly" syntax checking information may be incorrect. [C:\Users\270925\Desktop\DE1_Uloha6\digi_safe\digi_safe.srcs\sim_1\new\digi_safe_tb.vhd:]
WARNING: [filemgmt 56-199] Attempt to get parsing info during refresh. "On-the-fly" syntax checking information may be incorrect. [C:\Users\270925\Desktop\DE1_Uloha6\digi_safe\digi_safe.srcs\sources_1\imports\new\clk_en.vhd:]
WARNING: [filemgmt 56-199] Attempt to get parsing info during refresh. "On-the-fly" syntax checking information may be incorrect. [C:\Users\270925\Desktop\DE1_Uloha6\digi_safe\digi_safe.srcs\sources_1\imports\DE1\display\display.srcs\sources_1\new\display_driver.vhd:]
WARNING: [filemgmt 56-199] Attempt to get parsing info during refresh. "On-the-fly" syntax checking information may be incorrect. [C:\Users\270925\Desktop\DE1_Uloha6\digi_safe\digi_safe.srcs\sources_1\imports\DE1\display\display.srcs\sources_1\new\display_driver.vhd:]
WARNING: [filemgmt 56-199] Attempt to get parsing info during refresh. "On-the-fly" syntax checking information may be incorrect. [C:\Users\270925\Desktop\DE1_Uloha6\digi_safe\digi_safe.srcs\sources_1\imports\DE1\display\display.srcs\sources_1\new\display_driver.vhd:]
WARNING: [filemgmt 56-199] Attempt to get parsing info during refresh. "On-the-fly" syntax checking information may be incorrect. [C:\Users\270925\Desktop\DE1_Uloha6\digi_safe\digi_safe.srcs\sources_1\new\digi_safe.vhd:]
WARNING: [filemgmt 56-199] Attempt to get parsing info during refresh. "On-the-fly" syntax checking information may be incorrect. [C:\Users\270925\Desktop\DE1_Uloha6\digi_safe\digi_safe.srcs\sources_1\imports\DE1\segment\segment.srcs\sources_1\new\bin2seg.vhd:]
WARNING: [filemgmt 56-199] Attempt to get parsing info during refresh. "On-the-fly" syntax checking information may be incorrect. [C:\Users\270925\Desktop\DE1_Uloha6\digi_safe\digi_safe.srcs\sim_1\new\digi_safe_tb.vhd:]
WARNING: [filemgmt 56-199] Attempt to get parsing info during refresh. "On-the-fly" syntax checking information may be incorrect. [C:\Users\270925\Desktop\DE1_Uloha6\digi_safe\digi_safe.srcs\sources_1\imports\new\clk_en.vhd:]
WARNING: [filemgmt 56-199] Attempt to get parsing info during refresh. "On-the-fly" syntax checking information may be incorrect. [C:\Users\270925\Desktop\DE1_Uloha6\digi_safe\digi_safe.srcs\sources_1\imports\DE1\display\display.srcs\sources_1\new\display_driver.vhd:]
WARNING: [filemgmt 56-199] Attempt to get parsing info during refresh. "On-the-fly" syntax checking information may be incorrect. [C:\Users\270925\Desktop\DE1_Uloha6\digi_safe\digi_safe.srcs\sources_1\imports\new\clk_en.vhd:]
WARNING: [filemgmt 56-199] Attempt to get parsing info during refresh. "On-the-fly" syntax checking information may be incorrect. [C:\Users\270925\Desktop\DE1_Uloha6\digi_safe\digi_safe.srcs\sources_1\imports\new\clk_en.vhd:]
WARNING: [filemgmt 56-199] Attempt to get parsing info during refresh. "On-the-fly" syntax checking information may be incorrect. [C:\Users\270925\Desktop\DE1_Uloha6\digi_safe\digi_safe.srcs\sources_1\new\digi_safe.vhd:]
WARNING: [filemgmt 56-199] Attempt to get parsing info during refresh. "On-the-fly" syntax checking information may be incorrect. [C:\Users\270925\Desktop\DE1_Uloha6\digi_safe\digi_safe.srcs\sources_1\imports\DE1\segment\segment.srcs\sources_1\new\bin2seg.vhd:]
WARNING: [filemgmt 56-199] Attempt to get parsing info during refresh. "On-the-fly" syntax checking information may be incorrect. [C:\Users\270925\Desktop\DE1_Uloha6\digi_safe\digi_safe.srcs\sim_1\new\digi_safe_tb.vhd:]
WARNING: [filemgmt 56-199] Attempt to get parsing info during refresh. "On-the-fly" syntax checking information may be incorrect. [C:\Users\270925\Desktop\DE1_Uloha6\digi_safe\digi_safe.srcs\sources_1\imports\new\clk_en.vhd:]
WARNING: [filemgmt 56-199] Attempt to get parsing info during refresh. "On-the-fly" syntax checking information may be incorrect. [C:\Users\270925\Desktop\DE1_Uloha6\digi_safe\digi_safe.srcs\sources_1\imports\DE1\display\display.srcs\sources_1\new\display_driver.vhd:]
WARNING: [filemgmt 56-199] Attempt to get parsing info during refresh. "On-the-fly" syntax checking information may be incorrect. [C:\Users\270925\Desktop\DE1_Uloha6\digi_safe\digi_safe.srcs\sources_1\imports\DE1\segment\segment.srcs\sources_1\new\bin2seg.vhd:]
WARNING: [filemgmt 56-199] Attempt to get parsing info during refresh. "On-the-fly" syntax checking information may be incorrect. [C:\Users\270925\Desktop\DE1_Uloha6\digi_safe\digi_safe.srcs\sources_1\imports\DE1\segment\segment.srcs\sources_1\new\bin2seg.vhd:]
launch_simulation
Command: launch_simulation 
INFO: [Vivado 12-25911] Executing simulation for 'XSim' simulator
INFO: [Vivado 12-28535] Process started - Wed Apr 22 16:57:26 2026

INFO: [Vivado 12-12493] Simulation top is 'cfg_tb_digi_safe'
INFO: [Vivado 12-5682] Launching behavioral simulation in 'C:/Users/270925/Desktop/DE1_Uloha6/digi_safe/digi_safe.sim/sim_1/behav/xsim'
INFO: [SIM-utils-51] Simulation object is 'sim_1'
INFO: [SIM-utils-72] Using boost library from 'C:/Appz/AMDDesignTools/2025.2/Vivado/tps/boost_1_72_0'
INFO: [SIM-utils-54] Inspecting design source files for 'cfg_tb_digi_safe' in fileset 'sim_1'...
INFO: [USF-XSim-97] Finding global include files...
INFO: [USF-XSim-98] Fetching design files from 'sim_1'...
INFO: [USF-XSim-2] XSim::Compile design
INFO: [USF-XSim-61] Executing 'COMPILE and ANALYZE' step in 'C:/Users/270925/Desktop/DE1_Uloha6/digi_safe/digi_safe.sim/sim_1/behav/xsim'
"xvhdl --incr --relax -prj cfg_tb_digi_safe_vhdl.prj"
INFO: [VRFC 10-163] Analyzing VHDL file "C:/Users/270925/Desktop/DE1_Uloha6/digi_safe/digi_safe.srcs/sim_1/new/digi_safe_tb.vhd" into library xil_defaultlib
INFO: [VRFC 10-3107] analyzing entity 'tb_digi_safe'
INFO: [USF-XSim-69] 'compile' step finished in '2' seconds
INFO: [USF-XSim-3] XSim::Elaborate design
INFO: [USF-XSim-61] Executing 'ELABORATE' step in 'C:/Users/270925/Desktop/DE1_Uloha6/digi_safe/digi_safe.sim/sim_1/behav/xsim'
"xelab --incr --debug typical --relax --mt 2 -L xil_defaultlib -L secureip --snapshot cfg_tb_digi_safe_behav xil_defaultlib.cfg_tb_digi_safe -log elaborate.log"
Vivado Simulator v2025.2
Copyright 1986-2022 Xilinx, Inc. All Rights Reserved.
Copyright 2022-2025 Advanced Micro Devices, Inc. All Rights Reserved.
Running: C:/Appz/AMDDesignTools/2025.2/Vivado/bin/unwrapped/win64.o/xelab.exe --incr --debug typical --relax --mt 2 -L xil_defaultlib -L secureip --snapshot cfg_tb_digi_safe_behav xil_defaultlib.cfg_tb_digi_safe -log elaborate.log 
Using 2 slave threads.
Starting static elaboration
Completed static elaboration
Starting simulation data flow analysis
Completed simulation data flow analysis
Time Resolution for simulation is 1ps
Compiling package std.standard
Compiling package std.textio
Compiling package ieee.std_logic_1164
Compiling package ieee.numeric_std
Compiling architecture behavioral of entity xil_defaultlib.clk_en [\clk_en(g_max=200000)\]
Compiling architecture behavioral of entity xil_defaultlib.debounce [debounce_default]
Compiling architecture behavioral of entity xil_defaultlib.safe_control_logic [safe_control_logic_default]
Compiling architecture behavioral of entity xil_defaultlib.clk_en [\clk_en(g_max=100000)\]
Compiling architecture behavioral of entity xil_defaultlib.display_driver [display_driver_default]
Compiling architecture behavioral of entity xil_defaultlib.bin2seg [bin2seg_default]
Compiling architecture structural of entity xil_defaultlib.digi_safe [digi_safe_default]
Compiling architecture tb of entity xil_defaultlib.tb_digi_safe [tb_digi_safe_cfg_tb_digi_safe]
Built simulation snapshot cfg_tb_digi_safe_behav
INFO: [USF-XSim-69] 'elaborate' step finished in '2' seconds
INFO: [USF-XSim-4] XSim::Simulate design
INFO: [USF-XSim-61] Executing 'SIMULATE' step in 'C:/Users/270925/Desktop/DE1_Uloha6/digi_safe/digi_safe.sim/sim_1/behav/xsim'
INFO: [USF-XSim-98] *** Running xsim
   with args "cfg_tb_digi_safe_behav -key {Behavioral:sim_1:Functional:cfg_tb_digi_safe} -tclbatch {cfg_tb_digi_safe.tcl} -log {simulate.log}"
INFO: [USF-XSim-8] Loading simulator feature
Time resolution is 1 ps
source cfg_tb_digi_safe.tcl
# set curr_wave [current_wave_config]
# if { [string length $curr_wave] == 0 } {
#   if { [llength [get_objects]] > 0} {
#     add_wave /
#     set_property needs_save false [current_wave_config]
#   } else {
#      send_msg_id Add_Wave-1 WARNING "No top level signals found. Simulator will start without a wave window. If you want to open a wave window go to 'File->New Waveform Configuration' or type 'create_wave_config' in the TCL console."
#   }
# }
# run 1000ns
INFO: [USF-XSim-96] XSim completed. Design snapshot 'cfg_tb_digi_safe_behav' loaded.
INFO: [USF-XSim-97] XSim simulation ran for 1000ns
launch_simulation: Time (s): cpu = 00:00:04 ; elapsed = 00:00:07 . Memory (MB): peak = 3479.426 ; gain = 0.000
close_sim
INFO: [Simtcl 6-16] Simulation closed
WARNING: [filemgmt 56-199] Attempt to get parsing info during refresh. "On-the-fly" syntax checking information may be incorrect. [C:\Users\270925\Desktop\DE1_Uloha6\digi_safe\digi_safe.srcs\sources_1\new\digi_safe.vhd:]
WARNING: [filemgmt 56-199] Attempt to get parsing info during refresh. "On-the-fly" syntax checking information may be incorrect. [C:\Users\270925\Desktop\DE1_Uloha6\digi_safe\digi_safe.srcs\sources_1\imports\DE1\segment\segment.srcs\sources_1\new\bin2seg.vhd:]
WARNING: [filemgmt 56-199] Attempt to get parsing info during refresh. "On-the-fly" syntax checking information may be incorrect. [C:\Users\270925\Desktop\DE1_Uloha6\digi_safe\digi_safe.srcs\sim_1\new\digi_safe_tb.vhd:]
WARNING: [filemgmt 56-199] Attempt to get parsing info during refresh. "On-the-fly" syntax checking information may be incorrect. [C:\Users\270925\Desktop\DE1_Uloha6\digi_safe\digi_safe.srcs\sources_1\imports\new\clk_en.vhd:]
WARNING: [filemgmt 56-199] Attempt to get parsing info during refresh. "On-the-fly" syntax checking information may be incorrect. [C:\Users\270925\Desktop\DE1_Uloha6\digi_safe\digi_safe.srcs\sources_1\imports\DE1\display\display.srcs\sources_1\new\display_driver.vhd:]
WARNING: [filemgmt 56-199] Attempt to get parsing info during refresh. "On-the-fly" syntax checking information may be incorrect. [C:\Users\270925\Desktop\DE1_Uloha6\digi_safe\digi_safe.srcs\sources_1\imports\DE1\segment\segment.srcs\sources_1\new\bin2seg.vhd:]
WARNING: [filemgmt 56-199] Attempt to get parsing info during refresh. "On-the-fly" syntax checking information may be incorrect. [C:\Users\270925\Desktop\DE1_Uloha6\digi_safe\digi_safe.srcs\sources_1\imports\DE1\segment\segment.srcs\sources_1\new\bin2seg.vhd:]
launch_simulation
Command: launch_simulation 
INFO: [Vivado 12-25911] Executing simulation for 'XSim' simulator
INFO: [Vivado 12-28535] Process started - Wed Apr 22 16:57:58 2026

INFO: [Vivado 12-12493] Simulation top is 'cfg_tb_digi_safe'
INFO: [Vivado 12-5682] Launching behavioral simulation in 'C:/Users/270925/Desktop/DE1_Uloha6/digi_safe/digi_safe.sim/sim_1/behav/xsim'
INFO: [SIM-utils-51] Simulation object is 'sim_1'
INFO: [SIM-utils-72] Using boost library from 'C:/Appz/AMDDesignTools/2025.2/Vivado/tps/boost_1_72_0'
INFO: [SIM-utils-54] Inspecting design source files for 'cfg_tb_digi_safe' in fileset 'sim_1'...
INFO: [USF-XSim-97] Finding global include files...
INFO: [USF-XSim-98] Fetching design files from 'sim_1'...
INFO: [USF-XSim-2] XSim::Compile design
INFO: [USF-XSim-61] Executing 'COMPILE and ANALYZE' step in 'C:/Users/270925/Desktop/DE1_Uloha6/digi_safe/digi_safe.sim/sim_1/behav/xsim'
WARNING: [filemgmt 56-199] Attempt to get parsing info during refresh. "On-the-fly" syntax checking information may be incorrect. [C:\Users\270925\Desktop\DE1_Uloha6\digi_safe\digi_safe.srcs\sources_1\new\digi_safe.vhd:]
WARNING: [filemgmt 56-199] Attempt to get parsing info during refresh. "On-the-fly" syntax checking information may be incorrect. [C:\Users\270925\Desktop\DE1_Uloha6\digi_safe\digi_safe.srcs\sources_1\imports\DE1\segment\segment.srcs\sources_1\new\bin2seg.vhd:]
WARNING: [filemgmt 56-199] Attempt to get parsing info during refresh. "On-the-fly" syntax checking information may be incorrect. [C:\Users\270925\Desktop\DE1_Uloha6\digi_safe\digi_safe.srcs\sim_1\new\digi_safe_tb.vhd:]
WARNING: [filemgmt 56-199] Attempt to get parsing info during refresh. "On-the-fly" syntax checking information may be incorrect. [C:\Users\270925\Desktop\DE1_Uloha6\digi_safe\digi_safe.srcs\sources_1\imports\new\clk_en.vhd:]
WARNING: [filemgmt 56-199] Attempt to get parsing info during refresh. "On-the-fly" syntax checking information may be incorrect. [C:\Users\270925\Desktop\DE1_Uloha6\digi_safe\digi_safe.srcs\sources_1\imports\DE1\display\display.srcs\sources_1\new\display_driver.vhd:]
WARNING: [filemgmt 56-199] Attempt to get parsing info during refresh. "On-the-fly" syntax checking information may be incorrect. [C:\Users\270925\Desktop\DE1_Uloha6\digi_safe\digi_safe.srcs\sources_1\imports\new\clk_en.vhd:]
WARNING: [filemgmt 56-199] Attempt to get parsing info during refresh. "On-the-fly" syntax checking information may be incorrect. [C:\Users\270925\Desktop\DE1_Uloha6\digi_safe\digi_safe.srcs\sources_1\imports\new\clk_en.vhd:]
WARNING: [filemgmt 56-199] Attempt to get parsing info during refresh. "On-the-fly" syntax checking information may be incorrect. [C:\Users\270925\Desktop\DE1_Uloha6\digi_safe\digi_safe.srcs\sources_1\new\digi_safe.vhd:]
WARNING: [filemgmt 56-199] Attempt to get parsing info during refresh. "On-the-fly" syntax checking information may be incorrect. [C:\Users\270925\Desktop\DE1_Uloha6\digi_safe\digi_safe.srcs\sources_1\imports\DE1\segment\segment.srcs\sources_1\new\bin2seg.vhd:]
WARNING: [filemgmt 56-199] Attempt to get parsing info during refresh. "On-the-fly" syntax checking information may be incorrect. [C:\Users\270925\Desktop\DE1_Uloha6\digi_safe\digi_safe.srcs\sim_1\new\digi_safe_tb.vhd:]
WARNING: [filemgmt 56-199] Attempt to get parsing info during refresh. "On-the-fly" syntax checking information may be incorrect. [C:\Users\270925\Desktop\DE1_Uloha6\digi_safe\digi_safe.srcs\sources_1\imports\new\clk_en.vhd:]
WARNING: [filemgmt 56-199] Attempt to get parsing info during refresh. "On-the-fly" syntax checking information may be incorrect. [C:\Users\270925\Desktop\DE1_Uloha6\digi_safe\digi_safe.srcs\sources_1\imports\DE1\display\display.srcs\sources_1\new\display_driver.vhd:]
WARNING: [filemgmt 56-199] Attempt to get parsing info during refresh. "On-the-fly" syntax checking information may be incorrect. [C:\Users\270925\Desktop\DE1_Uloha6\digi_safe\digi_safe.srcs\sim_1\new\digi_safe_tb.vhd:]
WARNING: [filemgmt 56-199] Attempt to get parsing info during refresh. "On-the-fly" syntax checking information may be incorrect. [C:\Users\270925\Desktop\DE1_Uloha6\digi_safe\digi_safe.srcs\sim_1\new\digi_safe_tb.vhd:]
"xvhdl --incr --relax -prj cfg_tb_digi_safe_vhdl.prj"
INFO: [VRFC 10-163] Analyzing VHDL file "C:/Users/270925/Desktop/DE1_Uloha6/digi_safe/digi_safe.srcs/sim_1/new/digi_safe_tb.vhd" into library xil_defaultlib
INFO: [VRFC 10-3107] analyzing entity 'tb_digi_safe'
INFO: [USF-XSim-69] 'compile' step finished in '2' seconds
INFO: [USF-XSim-3] XSim::Elaborate design
INFO: [USF-XSim-61] Executing 'ELABORATE' step in 'C:/Users/270925/Desktop/DE1_Uloha6/digi_safe/digi_safe.sim/sim_1/behav/xsim'
"xelab --incr --debug typical --relax --mt 2 -L xil_defaultlib -L secureip --snapshot cfg_tb_digi_safe_behav xil_defaultlib.cfg_tb_digi_safe -log elaborate.log"
Vivado Simulator v2025.2
Copyright 1986-2022 Xilinx, Inc. All Rights Reserved.
Copyright 2022-2025 Advanced Micro Devices, Inc. All Rights Reserved.
Running: C:/Appz/AMDDesignTools/2025.2/Vivado/bin/unwrapped/win64.o/xelab.exe --incr --debug typical --relax --mt 2 -L xil_defaultlib -L secureip --snapshot cfg_tb_digi_safe_behav xil_defaultlib.cfg_tb_digi_safe -log elaborate.log 
Using 2 slave threads.
Starting static elaboration
Completed static elaboration
Starting simulation data flow analysis
Completed simulation data flow analysis
Time Resolution for simulation is 1ps
Compiling package std.standard
Compiling package std.textio
Compiling package ieee.std_logic_1164
Compiling package ieee.numeric_std
Compiling architecture behavioral of entity xil_defaultlib.clk_en [\clk_en(g_max=200000)\]
Compiling architecture behavioral of entity xil_defaultlib.debounce [debounce_default]
Compiling architecture behavioral of entity xil_defaultlib.safe_control_logic [safe_control_logic_default]
Compiling architecture behavioral of entity xil_defaultlib.clk_en [\clk_en(g_max=100000)\]
Compiling architecture behavioral of entity xil_defaultlib.display_driver [display_driver_default]
Compiling architecture behavioral of entity xil_defaultlib.bin2seg [bin2seg_default]
Compiling architecture structural of entity xil_defaultlib.digi_safe [digi_safe_default]
Compiling architecture tb of entity xil_defaultlib.tb_digi_safe [tb_digi_safe_cfg_tb_digi_safe]
Built simulation snapshot cfg_tb_digi_safe_behav
INFO: [USF-XSim-69] 'elaborate' step finished in '2' seconds
INFO: [USF-XSim-4] XSim::Simulate design
INFO: [USF-XSim-61] Executing 'SIMULATE' step in 'C:/Users/270925/Desktop/DE1_Uloha6/digi_safe/digi_safe.sim/sim_1/behav/xsim'
INFO: [USF-XSim-98] *** Running xsim
   with args "cfg_tb_digi_safe_behav -key {Behavioral:sim_1:Functional:cfg_tb_digi_safe} -tclbatch {cfg_tb_digi_safe.tcl} -log {simulate.log}"
INFO: [USF-XSim-8] Loading simulator feature
Time resolution is 1 ps
source cfg_tb_digi_safe.tcl
# set curr_wave [current_wave_config]
# if { [string length $curr_wave] == 0 } {
#   if { [llength [get_objects]] > 0} {
#     add_wave /
#     set_property needs_save false [current_wave_config]
#   } else {
#      send_msg_id Add_Wave-1 WARNING "No top level signals found. Simulator will start without a wave window. If you want to open a wave window go to 'File->New Waveform Configuration' or type 'create_wave_config' in the TCL console."
#   }
# }
# run 1000ns
INFO: [USF-XSim-96] XSim completed. Design snapshot 'cfg_tb_digi_safe_behav' loaded.
INFO: [USF-XSim-97] XSim simulation ran for 1000ns
launch_simulation: Time (s): cpu = 00:00:03 ; elapsed = 00:00:07 . Memory (MB): peak = 3479.426 ; gain = 0.000
close_sim
INFO: [Simtcl 6-16] Simulation closed
WARNING: [filemgmt 56-199] Attempt to get parsing info during refresh. "On-the-fly" syntax checking information may be incorrect. [C:\Users\270925\Desktop\DE1_Uloha6\digi_safe\digi_safe.srcs\sources_1\new\digi_safe.vhd:]
WARNING: [filemgmt 56-199] Attempt to get parsing info during refresh. "On-the-fly" syntax checking information may be incorrect. [C:\Users\270925\Desktop\DE1_Uloha6\digi_safe\digi_safe.srcs\sources_1\imports\DE1\segment\segment.srcs\sources_1\new\bin2seg.vhd:]
WARNING: [filemgmt 56-199] Attempt to get parsing info during refresh. "On-the-fly" syntax checking information may be incorrect. [C:\Users\270925\Desktop\DE1_Uloha6\digi_safe\digi_safe.srcs\sim_1\new\digi_safe_tb.vhd:]
WARNING: [filemgmt 56-199] Attempt to get parsing info during refresh. "On-the-fly" syntax checking information may be incorrect. [C:\Users\270925\Desktop\DE1_Uloha6\digi_safe\digi_safe.srcs\sources_1\imports\new\clk_en.vhd:]
WARNING: [filemgmt 56-199] Attempt to get parsing info during refresh. "On-the-fly" syntax checking information may be incorrect. [C:\Users\270925\Desktop\DE1_Uloha6\digi_safe\digi_safe.srcs\sources_1\imports\DE1\display\display.srcs\sources_1\new\display_driver.vhd:]
WARNING: [filemgmt 56-199] Attempt to get parsing info during refresh. "On-the-fly" syntax checking information may be incorrect. [C:\Users\270925\Desktop\DE1_Uloha6\digi_safe\digi_safe.srcs\sources_1\new\digi_safe.vhd:]
WARNING: [filemgmt 56-199] Attempt to get parsing info during refresh. "On-the-fly" syntax checking information may be incorrect. [C:\Users\270925\Desktop\DE1_Uloha6\digi_safe\digi_safe.srcs\sources_1\new\digi_safe.vhd:]
WARNING: [filemgmt 56-199] Attempt to get parsing info during refresh. "On-the-fly" syntax checking information may be incorrect. [C:\Users\270925\Desktop\DE1_Uloha6\digi_safe\digi_safe.srcs\sources_1\new\digi_safe.vhd:]
WARNING: [filemgmt 56-199] Attempt to get parsing info during refresh. "On-the-fly" syntax checking information may be incorrect. [C:\Users\270925\Desktop\DE1_Uloha6\digi_safe\digi_safe.srcs\sources_1\imports\DE1\segment\segment.srcs\sources_1\new\bin2seg.vhd:]
WARNING: [filemgmt 56-199] Attempt to get parsing info during refresh. "On-the-fly" syntax checking information may be incorrect. [C:\Users\270925\Desktop\DE1_Uloha6\digi_safe\digi_safe.srcs\sim_1\new\digi_safe_tb.vhd:]
WARNING: [filemgmt 56-199] Attempt to get parsing info during refresh. "On-the-fly" syntax checking information may be incorrect. [C:\Users\270925\Desktop\DE1_Uloha6\digi_safe\digi_safe.srcs\sources_1\imports\new\clk_en.vhd:]
WARNING: [filemgmt 56-199] Attempt to get parsing info during refresh. "On-the-fly" syntax checking information may be incorrect. [C:\Users\270925\Desktop\DE1_Uloha6\digi_safe\digi_safe.srcs\sources_1\imports\DE1\display\display.srcs\sources_1\new\display_driver.vhd:]
WARNING: [filemgmt 56-199] Attempt to get parsing info during refresh. "On-the-fly" syntax checking information may be incorrect. [C:\Users\270925\Desktop\DE1_Uloha6\digi_safe\digi_safe.srcs\sources_1\imports\new\clk_en.vhd:]
WARNING: [filemgmt 56-199] Attempt to get parsing info during refresh. "On-the-fly" syntax checking information may be incorrect. [C:\Users\270925\Desktop\DE1_Uloha6\digi_safe\digi_safe.srcs\sources_1\imports\new\clk_en.vhd:]
WARNING: [filemgmt 56-199] Attempt to get parsing info during refresh. "On-the-fly" syntax checking information may be incorrect. [C:\Users\270925\Desktop\DE1_Uloha6\digi_safe\digi_safe.srcs\sources_1\new\digi_safe.vhd:]
WARNING: [filemgmt 56-199] Attempt to get parsing info during refresh. "On-the-fly" syntax checking information may be incorrect. [C:\Users\270925\Desktop\DE1_Uloha6\digi_safe\digi_safe.srcs\sources_1\imports\DE1\segment\segment.srcs\sources_1\new\bin2seg.vhd:]
WARNING: [filemgmt 56-199] Attempt to get parsing info during refresh. "On-the-fly" syntax checking information may be incorrect. [C:\Users\270925\Desktop\DE1_Uloha6\digi_safe\digi_safe.srcs\sim_1\new\digi_safe_tb.vhd:]
WARNING: [filemgmt 56-199] Attempt to get parsing info during refresh. "On-the-fly" syntax checking information may be incorrect. [C:\Users\270925\Desktop\DE1_Uloha6\digi_safe\digi_safe.srcs\sources_1\imports\new\clk_en.vhd:]
WARNING: [filemgmt 56-199] Attempt to get parsing info during refresh. "On-the-fly" syntax checking information may be incorrect. [C:\Users\270925\Desktop\DE1_Uloha6\digi_safe\digi_safe.srcs\sources_1\imports\DE1\display\display.srcs\sources_1\new\display_driver.vhd:]
WARNING: [filemgmt 56-199] Attempt to get parsing info during refresh. "On-the-fly" syntax checking information may be incorrect. [C:\Users\270925\Desktop\DE1_Uloha6\digi_safe\digi_safe.srcs\sources_1\imports\DE1\segment\segment.srcs\sources_1\new\bin2seg.vhd:]
WARNING: [filemgmt 56-199] Attempt to get parsing info during refresh. "On-the-fly" syntax checking information may be incorrect. [C:\Users\270925\Desktop\DE1_Uloha6\digi_safe\digi_safe.srcs\sources_1\imports\DE1\segment\segment.srcs\sources_1\new\bin2seg.vhd:]
ERROR: [Common 17-180] Spawn failed: The operation completed successfully.

WARNING: [filemgmt 56-199] Attempt to get parsing info during refresh. "On-the-fly" syntax checking information may be incorrect. [C:\Users\270925\Desktop\DE1_Uloha6\digi_safe\digi_safe.srcs\sources_1\new\digi_safe.vhd:]
WARNING: [filemgmt 56-199] Attempt to get parsing info during refresh. "On-the-fly" syntax checking information may be incorrect. [C:\Users\270925\Desktop\DE1_Uloha6\digi_safe\digi_safe.srcs\sources_1\imports\DE1\segment\segment.srcs\sources_1\new\bin2seg.vhd:]
WARNING: [filemgmt 56-199] Attempt to get parsing info during refresh. "On-the-fly" syntax checking information may be incorrect. [C:\Users\270925\Desktop\DE1_Uloha6\digi_safe\digi_safe.srcs\sim_1\new\digi_safe_tb.vhd:]
WARNING: [filemgmt 56-199] Attempt to get parsing info during refresh. "On-the-fly" syntax checking information may be incorrect. [C:\Users\270925\Desktop\DE1_Uloha6\digi_safe\digi_safe.srcs\sources_1\imports\new\clk_en.vhd:]
WARNING: [filemgmt 56-199] Attempt to get parsing info during refresh. "On-the-fly" syntax checking information may be incorrect. [C:\Users\270925\Desktop\DE1_Uloha6\digi_safe\digi_safe.srcs\sources_1\imports\DE1\display\display.srcs\sources_1\new\display_driver.vhd:]
WARNING: [filemgmt 56-199] Attempt to get parsing info during refresh. "On-the-fly" syntax checking information may be incorrect. [C:\Users\270925\Desktop\DE1_Uloha6\digi_safe\digi_safe.srcs\sources_1\imports\DE1\display\display.srcs\sources_1\new\display_driver.vhd:]
WARNING: [filemgmt 56-199] Attempt to get parsing info during refresh. "On-the-fly" syntax checking information may be incorrect. [C:\Users\270925\Desktop\DE1_Uloha6\digi_safe\digi_safe.srcs\sources_1\imports\DE1\display\display.srcs\sources_1\new\display_driver.vhd:]
launch_simulation
Command: launch_simulation 
INFO: [Vivado 12-25911] Executing simulation for 'XSim' simulator
INFO: [Vivado 12-28535] Process started - Wed Apr 22 16:58:54 2026

INFO: [Vivado 12-12493] Simulation top is 'cfg_tb_digi_safe'
INFO: [Vivado 12-5682] Launching behavioral simulation in 'C:/Users/270925/Desktop/DE1_Uloha6/digi_safe/digi_safe.sim/sim_1/behav/xsim'
INFO: [SIM-utils-51] Simulation object is 'sim_1'
INFO: [SIM-utils-72] Using boost library from 'C:/Appz/AMDDesignTools/2025.2/Vivado/tps/boost_1_72_0'
INFO: [SIM-utils-54] Inspecting design source files for 'cfg_tb_digi_safe' in fileset 'sim_1'...
INFO: [USF-XSim-97] Finding global include files...
INFO: [USF-XSim-98] Fetching design files from 'sim_1'...
INFO: [USF-XSim-2] XSim::Compile design
INFO: [USF-XSim-61] Executing 'COMPILE and ANALYZE' step in 'C:/Users/270925/Desktop/DE1_Uloha6/digi_safe/digi_safe.sim/sim_1/behav/xsim'
"xvhdl --incr --relax -prj cfg_tb_digi_safe_vhdl.prj"
INFO: [VRFC 10-163] Analyzing VHDL file "C:/Users/270925/Desktop/DE1_Uloha6/digi_safe/digi_safe.srcs/sim_1/new/digi_safe_tb.vhd" into library xil_defaultlib
INFO: [VRFC 10-3107] analyzing entity 'tb_digi_safe'
INFO: [USF-XSim-69] 'compile' step finished in '2' seconds
INFO: [USF-XSim-3] XSim::Elaborate design
INFO: [USF-XSim-61] Executing 'ELABORATE' step in 'C:/Users/270925/Desktop/DE1_Uloha6/digi_safe/digi_safe.sim/sim_1/behav/xsim'
"xelab --incr --debug typical --relax --mt 2 -L xil_defaultlib -L secureip --snapshot cfg_tb_digi_safe_behav xil_defaultlib.cfg_tb_digi_safe -log elaborate.log"
Vivado Simulator v2025.2
Copyright 1986-2022 Xilinx, Inc. All Rights Reserved.
Copyright 2022-2025 Advanced Micro Devices, Inc. All Rights Reserved.
Running: C:/Appz/AMDDesignTools/2025.2/Vivado/bin/unwrapped/win64.o/xelab.exe --incr --debug typical --relax --mt 2 -L xil_defaultlib -L secureip --snapshot cfg_tb_digi_safe_behav xil_defaultlib.cfg_tb_digi_safe -log elaborate.log 
Using 2 slave threads.
Starting static elaboration
Completed static elaboration
Starting simulation data flow analysis
Completed simulation data flow analysis
Time Resolution for simulation is 1ps
Compiling package std.standard
Compiling package std.textio
Compiling package ieee.std_logic_1164
Compiling package ieee.numeric_std
Compiling architecture behavioral of entity xil_defaultlib.clk_en [\clk_en(g_max=200000)\]
Compiling architecture behavioral of entity xil_defaultlib.debounce [debounce_default]
Compiling architecture behavioral of entity xil_defaultlib.safe_control_logic [safe_control_logic_default]
Compiling architecture behavioral of entity xil_defaultlib.clk_en [\clk_en(g_max=100000)\]
Compiling architecture behavioral of entity xil_defaultlib.display_driver [display_driver_default]
Compiling architecture behavioral of entity xil_defaultlib.bin2seg [bin2seg_default]
Compiling architecture structural of entity xil_defaultlib.digi_safe [digi_safe_default]
Compiling architecture tb of entity xil_defaultlib.tb_digi_safe [tb_digi_safe_cfg_tb_digi_safe]
Built simulation snapshot cfg_tb_digi_safe_behav
INFO: [USF-XSim-69] 'elaborate' step finished in '2' seconds
INFO: [USF-XSim-4] XSim::Simulate design
INFO: [USF-XSim-61] Executing 'SIMULATE' step in 'C:/Users/270925/Desktop/DE1_Uloha6/digi_safe/digi_safe.sim/sim_1/behav/xsim'
INFO: [USF-XSim-98] *** Running xsim
   with args "cfg_tb_digi_safe_behav -key {Behavioral:sim_1:Functional:cfg_tb_digi_safe} -tclbatch {cfg_tb_digi_safe.tcl} -log {simulate.log}"
INFO: [USF-XSim-8] Loading simulator feature
Time resolution is 1 ps
source cfg_tb_digi_safe.tcl
# set curr_wave [current_wave_config]
# if { [string length $curr_wave] == 0 } {
#   if { [llength [get_objects]] > 0} {
#     add_wave /
#     set_property needs_save false [current_wave_config]
#   } else {
#      send_msg_id Add_Wave-1 WARNING "No top level signals found. Simulator will start without a wave window. If you want to open a wave window go to 'File->New Waveform Configuration' or type 'create_wave_config' in the TCL console."
#   }
# }
# run 1000ns
INFO: [USF-XSim-96] XSim completed. Design snapshot 'cfg_tb_digi_safe_behav' loaded.
INFO: [USF-XSim-97] XSim simulation ran for 1000ns
launch_simulation: Time (s): cpu = 00:00:04 ; elapsed = 00:00:08 . Memory (MB): peak = 3479.426 ; gain = 0.000
close_sim
INFO: [Simtcl 6-16] Simulation closed
launch_simulation
Command: launch_simulation 
INFO: [Vivado 12-25911] Executing simulation for 'XSim' simulator
INFO: [Vivado 12-28535] Process started - Wed Apr 22 16:59:37 2026

INFO: [Vivado 12-12493] Simulation top is 'cfg_tb_digi_safe'
INFO: [Vivado 12-5682] Launching behavioral simulation in 'C:/Users/270925/Desktop/DE1_Uloha6/digi_safe/digi_safe.sim/sim_1/behav/xsim'
INFO: [SIM-utils-51] Simulation object is 'sim_1'
INFO: [SIM-utils-72] Using boost library from 'C:/Appz/AMDDesignTools/2025.2/Vivado/tps/boost_1_72_0'
INFO: [SIM-utils-54] Inspecting design source files for 'cfg_tb_digi_safe' in fileset 'sim_1'...
INFO: [USF-XSim-97] Finding global include files...
INFO: [USF-XSim-98] Fetching design files from 'sim_1'...
INFO: [USF-XSim-2] XSim::Compile design
INFO: [USF-XSim-61] Executing 'COMPILE and ANALYZE' step in 'C:/Users/270925/Desktop/DE1_Uloha6/digi_safe/digi_safe.sim/sim_1/behav/xsim'
"xvhdl --incr --relax -prj cfg_tb_digi_safe_vhdl.prj"
INFO: [USF-XSim-69] 'compile' step finished in '1' seconds
INFO: [USF-XSim-3] XSim::Elaborate design
INFO: [USF-XSim-61] Executing 'ELABORATE' step in 'C:/Users/270925/Desktop/DE1_Uloha6/digi_safe/digi_safe.sim/sim_1/behav/xsim'
"xelab --incr --debug typical --relax --mt 2 -L xil_defaultlib -L secureip --snapshot cfg_tb_digi_safe_behav xil_defaultlib.cfg_tb_digi_safe -log elaborate.log"
Vivado Simulator v2025.2
Copyright 1986-2022 Xilinx, Inc. All Rights Reserved.
Copyright 2022-2025 Advanced Micro Devices, Inc. All Rights Reserved.
Running: C:/Appz/AMDDesignTools/2025.2/Vivado/bin/unwrapped/win64.o/xelab.exe --incr --debug typical --relax --mt 2 -L xil_defaultlib -L secureip --snapshot cfg_tb_digi_safe_behav xil_defaultlib.cfg_tb_digi_safe -log elaborate.log 
Using 2 slave threads.
Starting static elaboration
Completed static elaboration
INFO: [XSIM 43-4323] No Change in HDL. Linking previously generated obj files to create kernel
INFO: [USF-XSim-69] 'elaborate' step finished in '1' seconds
INFO: [USF-XSim-4] XSim::Simulate design
INFO: [USF-XSim-61] Executing 'SIMULATE' step in 'C:/Users/270925/Desktop/DE1_Uloha6/digi_safe/digi_safe.sim/sim_1/behav/xsim'
INFO: [USF-XSim-98] *** Running xsim
   with args "cfg_tb_digi_safe_behav -key {Behavioral:sim_1:Functional:cfg_tb_digi_safe} -tclbatch {cfg_tb_digi_safe.tcl} -log {simulate.log}"
INFO: [USF-XSim-8] Loading simulator feature
Time resolution is 1 ps
source cfg_tb_digi_safe.tcl
# set curr_wave [current_wave_config]
# if { [string length $curr_wave] == 0 } {
#   if { [llength [get_objects]] > 0} {
#     add_wave /
#     set_property needs_save false [current_wave_config]
#   } else {
#      send_msg_id Add_Wave-1 WARNING "No top level signals found. Simulator will start without a wave window. If you want to open a wave window go to 'File->New Waveform Configuration' or type 'create_wave_config' in the TCL console."
#   }
# }
# run 1000ns
INFO: [USF-XSim-96] XSim completed. Design snapshot 'cfg_tb_digi_safe_behav' loaded.
INFO: [USF-XSim-97] XSim simulation ran for 1000ns
launch_simulation: Time (s): cpu = 00:00:02 ; elapsed = 00:00:05 . Memory (MB): peak = 3479.426 ; gain = 0.000
close_sim
INFO: [Simtcl 6-16] Simulation closed
WARNING: [filemgmt 56-199] Attempt to get parsing info during refresh. "On-the-fly" syntax checking information may be incorrect. [C:\Users\270925\Desktop\DE1_Uloha6\digi_safe\digi_safe.srcs\sources_1\new\digi_safe.vhd:]
WARNING: [filemgmt 56-199] Attempt to get parsing info during refresh. "On-the-fly" syntax checking information may be incorrect. [C:\Users\270925\Desktop\DE1_Uloha6\digi_safe\digi_safe.srcs\sources_1\imports\DE1\segment\segment.srcs\sources_1\new\bin2seg.vhd:]
WARNING: [filemgmt 56-199] Attempt to get parsing info during refresh. "On-the-fly" syntax checking information may be incorrect. [C:\Users\270925\Desktop\DE1_Uloha6\digi_safe\digi_safe.srcs\sim_1\new\digi_safe_tb.vhd:]
WARNING: [filemgmt 56-199] Attempt to get parsing info during refresh. "On-the-fly" syntax checking information may be incorrect. [C:\Users\270925\Desktop\DE1_Uloha6\digi_safe\digi_safe.srcs\sources_1\imports\new\clk_en.vhd:]
WARNING: [filemgmt 56-199] Attempt to get parsing info during refresh. "On-the-fly" syntax checking information may be incorrect. [C:\Users\270925\Desktop\DE1_Uloha6\digi_safe\digi_safe.srcs\sources_1\imports\DE1\display\display.srcs\sources_1\new\display_driver.vhd:]
WARNING: [filemgmt 56-199] Attempt to get parsing info during refresh. "On-the-fly" syntax checking information may be incorrect. [C:\Users\270925\Desktop\DE1_Uloha6\digi_safe\digi_safe.srcs\sources_1\new\digi_safe.vhd:]
WARNING: [filemgmt 56-199] Attempt to get parsing info during refresh. "On-the-fly" syntax checking information may be incorrect. [C:\Users\270925\Desktop\DE1_Uloha6\digi_safe\digi_safe.srcs\sources_1\new\digi_safe.vhd:]
WARNING: [filemgmt 56-199] Attempt to get parsing info during refresh. "On-the-fly" syntax checking information may be incorrect. [C:\Users\270925\Desktop\DE1_Uloha6\digi_safe\digi_safe.srcs\sources_1\new\digi_safe.vhd:]
WARNING: [filemgmt 56-199] Attempt to get parsing info during refresh. "On-the-fly" syntax checking information may be incorrect. [C:\Users\270925\Desktop\DE1_Uloha6\digi_safe\digi_safe.srcs\sources_1\imports\DE1\segment\segment.srcs\sources_1\new\bin2seg.vhd:]
WARNING: [filemgmt 56-199] Attempt to get parsing info during refresh. "On-the-fly" syntax checking information may be incorrect. [C:\Users\270925\Desktop\DE1_Uloha6\digi_safe\digi_safe.srcs\sim_1\new\digi_safe_tb.vhd:]
WARNING: [filemgmt 56-199] Attempt to get parsing info during refresh. "On-the-fly" syntax checking information may be incorrect. [C:\Users\270925\Desktop\DE1_Uloha6\digi_safe\digi_safe.srcs\sources_1\imports\new\clk_en.vhd:]
WARNING: [filemgmt 56-199] Attempt to get parsing info during refresh. "On-the-fly" syntax checking information may be incorrect. [C:\Users\270925\Desktop\DE1_Uloha6\digi_safe\digi_safe.srcs\sources_1\imports\DE1\display\display.srcs\sources_1\new\display_driver.vhd:]
WARNING: [filemgmt 56-199] Attempt to get parsing info during refresh. "On-the-fly" syntax checking information may be incorrect. [C:\Users\270925\Desktop\DE1_Uloha6\digi_safe\digi_safe.srcs\sources_1\imports\DE1\segment\segment.srcs\sources_1\new\bin2seg.vhd:]
WARNING: [filemgmt 56-199] Attempt to get parsing info during refresh. "On-the-fly" syntax checking information may be incorrect. [C:\Users\270925\Desktop\DE1_Uloha6\digi_safe\digi_safe.srcs\sources_1\imports\DE1\segment\segment.srcs\sources_1\new\bin2seg.vhd:]
WARNING: [filemgmt 56-199] Attempt to get parsing info during refresh. "On-the-fly" syntax checking information may be incorrect. [C:\Users\270925\Desktop\DE1_Uloha6\digi_safe\digi_safe.srcs\sources_1\new\digi_safe.vhd:]
WARNING: [filemgmt 56-199] Attempt to get parsing info during refresh. "On-the-fly" syntax checking information may be incorrect. [C:\Users\270925\Desktop\DE1_Uloha6\digi_safe\digi_safe.srcs\sources_1\imports\DE1\segment\segment.srcs\sources_1\new\bin2seg.vhd:]
WARNING: [filemgmt 56-199] Attempt to get parsing info during refresh. "On-the-fly" syntax checking information may be incorrect. [C:\Users\270925\Desktop\DE1_Uloha6\digi_safe\digi_safe.srcs\sim_1\new\digi_safe_tb.vhd:]
WARNING: [filemgmt 56-199] Attempt to get parsing info during refresh. "On-the-fly" syntax checking information may be incorrect. [C:\Users\270925\Desktop\DE1_Uloha6\digi_safe\digi_safe.srcs\sources_1\imports\new\clk_en.vhd:]
WARNING: [filemgmt 56-199] Attempt to get parsing info during refresh. "On-the-fly" syntax checking information may be incorrect. [C:\Users\270925\Desktop\DE1_Uloha6\digi_safe\digi_safe.srcs\sources_1\imports\DE1\display\display.srcs\sources_1\new\display_driver.vhd:]
WARNING: [filemgmt 56-199] Attempt to get parsing info during refresh. "On-the-fly" syntax checking information may be incorrect. [C:\Users\270925\Desktop\DE1_Uloha6\digi_safe\digi_safe.srcs\sources_1\imports\new\clk_en.vhd:]
WARNING: [filemgmt 56-199] Attempt to get parsing info during refresh. "On-the-fly" syntax checking information may be incorrect. [C:\Users\270925\Desktop\DE1_Uloha6\digi_safe\digi_safe.srcs\sources_1\imports\new\clk_en.vhd:]
WARNING: [filemgmt 56-199] Attempt to get parsing info during refresh. "On-the-fly" syntax checking information may be incorrect. [C:\Users\270925\Desktop\DE1_Uloha6\digi_safe\digi_safe.srcs\sources_1\new\digi_safe.vhd:]
WARNING: [filemgmt 56-199] Attempt to get parsing info during refresh. "On-the-fly" syntax checking information may be incorrect. [C:\Users\270925\Desktop\DE1_Uloha6\digi_safe\digi_safe.srcs\sources_1\imports\DE1\segment\segment.srcs\sources_1\new\bin2seg.vhd:]
WARNING: [filemgmt 56-199] Attempt to get parsing info during refresh. "On-the-fly" syntax checking information may be incorrect. [C:\Users\270925\Desktop\DE1_Uloha6\digi_safe\digi_safe.srcs\sim_1\new\digi_safe_tb.vhd:]
WARNING: [filemgmt 56-199] Attempt to get parsing info during refresh. "On-the-fly" syntax checking information may be incorrect. [C:\Users\270925\Desktop\DE1_Uloha6\digi_safe\digi_safe.srcs\sources_1\imports\new\clk_en.vhd:]
WARNING: [filemgmt 56-199] Attempt to get parsing info during refresh. "On-the-fly" syntax checking information may be incorrect. [C:\Users\270925\Desktop\DE1_Uloha6\digi_safe\digi_safe.srcs\sources_1\imports\DE1\display\display.srcs\sources_1\new\display_driver.vhd:]
WARNING: [filemgmt 56-199] Attempt to get parsing info during refresh. "On-the-fly" syntax checking information may be incorrect. [C:\Users\270925\Desktop\DE1_Uloha6\digi_safe\digi_safe.srcs\sources_1\imports\DE1\display\display.srcs\sources_1\new\display_driver.vhd:]
WARNING: [filemgmt 56-199] Attempt to get parsing info during refresh. "On-the-fly" syntax checking information may be incorrect. [C:\Users\270925\Desktop\DE1_Uloha6\digi_safe\digi_safe.srcs\sources_1\imports\DE1\display\display.srcs\sources_1\new\display_driver.vhd:]
ERROR: [Common 17-180] Spawn failed: The operation completed successfully.

set_property SOURCE_SET sources_1 [get_filesets sim_1]
close [ open C:/Users/270925/Desktop/DE1_Uloha6/digi_safe/digi_safe.srcs/sim_1/new/debounce_tb.vhd w ]
add_files -fileset sim_1 C:/Users/270925/Desktop/DE1_Uloha6/digi_safe/digi_safe.srcs/sim_1/new/debounce_tb.vhd
WARNING: [filemgmt 56-199] Attempt to get parsing info during refresh. "On-the-fly" syntax checking information may be incorrect. [C:\Users\270925\Desktop\DE1_Uloha6\digi_safe\digi_safe.srcs\sources_1\new\digi_safe.vhd:]
WARNING: [filemgmt 56-199] Attempt to get parsing info during refresh. "On-the-fly" syntax checking information may be incorrect. [C:\Users\270925\Desktop\DE1_Uloha6\digi_safe\digi_safe.srcs\sources_1\imports\DE1\segment\segment.srcs\sources_1\new\bin2seg.vhd:]
WARNING: [filemgmt 56-199] Attempt to get parsing info during refresh. "On-the-fly" syntax checking information may be incorrect. [C:\Users\270925\Desktop\DE1_Uloha6\digi_safe\digi_safe.srcs\sim_1\new\digi_safe_tb.vhd:]
WARNING: [filemgmt 56-199] Attempt to get parsing info during refresh. "On-the-fly" syntax checking information may be incorrect. [C:\Users\270925\Desktop\DE1_Uloha6\digi_safe\digi_safe.srcs\sources_1\imports\new\clk_en.vhd:]
WARNING: [filemgmt 56-199] Attempt to get parsing info during refresh. "On-the-fly" syntax checking information may be incorrect. [C:\Users\270925\Desktop\DE1_Uloha6\digi_safe\digi_safe.srcs\sources_1\imports\DE1\display\display.srcs\sources_1\new\display_driver.vhd:]
WARNING: [filemgmt 56-199] Attempt to get parsing info during refresh. "On-the-fly" syntax checking information may be incorrect. [C:\Users\270925\Desktop\DE1_Uloha6\digi_safe\digi_safe.srcs\sources_1\imports\new\debounce.vhd:]
WARNING: [filemgmt 56-199] Attempt to get parsing info during refresh. "On-the-fly" syntax checking information may be incorrect. [C:\Users\270925\Desktop\DE1_Uloha6\digi_safe\digi_safe.srcs\sources_1\imports\DE1\segment\segment.srcs\sources_1\new\bin2seg.vhd:]
WARNING: [filemgmt 56-199] Attempt to get parsing info during refresh. "On-the-fly" syntax checking information may be incorrect. [C:\Users\270925\Desktop\DE1_Uloha6\digi_safe\digi_safe.srcs\sources_1\imports\DE1\segment\segment.srcs\sources_1\new\bin2seg.vhd:]
WARNING: [filemgmt 56-199] Attempt to get parsing info during refresh. "On-the-fly" syntax checking information may be incorrect. [C:\Users\270925\Desktop\DE1_Uloha6\digi_safe\digi_safe.srcs\sources_1\new\digi_safe.vhd:]
WARNING: [filemgmt 56-199] Attempt to get parsing info during refresh. "On-the-fly" syntax checking information may be incorrect. [C:\Users\270925\Desktop\DE1_Uloha6\digi_safe\digi_safe.srcs\sources_1\imports\DE1\segment\segment.srcs\sources_1\new\bin2seg.vhd:]
WARNING: [filemgmt 56-199] Attempt to get parsing info during refresh. "On-the-fly" syntax checking information may be incorrect. [C:\Users\270925\Desktop\DE1_Uloha6\digi_safe\digi_safe.srcs\sim_1\new\digi_safe_tb.vhd:]
WARNING: [filemgmt 56-199] Attempt to get parsing info during refresh. "On-the-fly" syntax checking information may be incorrect. [C:\Users\270925\Desktop\DE1_Uloha6\digi_safe\digi_safe.srcs\sources_1\imports\new\clk_en.vhd:]
WARNING: [filemgmt 56-199] Attempt to get parsing info during refresh. "On-the-fly" syntax checking information may be incorrect. [C:\Users\270925\Desktop\DE1_Uloha6\digi_safe\digi_safe.srcs\sources_1\imports\DE1\display\display.srcs\sources_1\new\display_driver.vhd:]
WARNING: [filemgmt 56-199] Attempt to get parsing info during refresh. "On-the-fly" syntax checking information may be incorrect. [C:\Users\270925\Desktop\DE1_Uloha6\digi_safe\digi_safe.srcs\sources_1\imports\new\debounce.vhd:]
WARNING: [filemgmt 56-199] Attempt to get parsing info during refresh. "On-the-fly" syntax checking information may be incorrect. [C:\Users\270925\Desktop\DE1_Uloha6\digi_safe\digi_safe.srcs\sources_1\imports\new\clk_en.vhd:]
WARNING: [filemgmt 56-199] Attempt to get parsing info during refresh. "On-the-fly" syntax checking information may be incorrect. [C:\Users\270925\Desktop\DE1_Uloha6\digi_safe\digi_safe.srcs\sources_1\imports\new\clk_en.vhd:]
WARNING: [filemgmt 56-199] Attempt to get parsing info during refresh. "On-the-fly" syntax checking information may be incorrect. [C:\Users\270925\Desktop\DE1_Uloha6\digi_safe\digi_safe.srcs\sources_1\new\digi_safe.vhd:]
WARNING: [filemgmt 56-199] Attempt to get parsing info during refresh. "On-the-fly" syntax checking information may be incorrect. [C:\Users\270925\Desktop\DE1_Uloha6\digi_safe\digi_safe.srcs\sources_1\imports\DE1\segment\segment.srcs\sources_1\new\bin2seg.vhd:]
WARNING: [filemgmt 56-199] Attempt to get parsing info during refresh. "On-the-fly" syntax checking information may be incorrect. [C:\Users\270925\Desktop\DE1_Uloha6\digi_safe\digi_safe.srcs\sim_1\new\digi_safe_tb.vhd:]
WARNING: [filemgmt 56-199] Attempt to get parsing info during refresh. "On-the-fly" syntax checking information may be incorrect. [C:\Users\270925\Desktop\DE1_Uloha6\digi_safe\digi_safe.srcs\sources_1\imports\new\clk_en.vhd:]
WARNING: [filemgmt 56-199] Attempt to get parsing info during refresh. "On-the-fly" syntax checking information may be incorrect. [C:\Users\270925\Desktop\DE1_Uloha6\digi_safe\digi_safe.srcs\sources_1\imports\DE1\display\display.srcs\sources_1\new\display_driver.vhd:]
WARNING: [filemgmt 56-199] Attempt to get parsing info during refresh. "On-the-fly" syntax checking information may be incorrect. [C:\Users\270925\Desktop\DE1_Uloha6\digi_safe\digi_safe.srcs\sources_1\imports\new\debounce.vhd:]
WARNING: [filemgmt 56-199] Attempt to get parsing info during refresh. "On-the-fly" syntax checking information may be incorrect. [C:\Users\270925\Desktop\DE1_Uloha6\digi_safe\digi_safe.srcs\sources_1\imports\new\debounce.vhd:]
WARNING: [filemgmt 56-199] Attempt to get parsing info during refresh. "On-the-fly" syntax checking information may be incorrect. [C:\Users\270925\Desktop\DE1_Uloha6\digi_safe\digi_safe.srcs\sources_1\imports\new\debounce.vhd:]
update_compile_order -fileset sim_1
ERROR: [Common 17-180] Spawn failed: The operation completed successfully.

WARNING: [filemgmt 56-199] Attempt to get parsing info during refresh. "On-the-fly" syntax checking information may be incorrect. [C:\Users\270925\Desktop\DE1_Uloha6\digi_safe\digi_safe.srcs\sources_1\new\digi_safe.vhd:]
WARNING: [filemgmt 56-199] Attempt to get parsing info during refresh. "On-the-fly" syntax checking information may be incorrect. [C:\Users\270925\Desktop\DE1_Uloha6\digi_safe\digi_safe.srcs\sources_1\imports\DE1\segment\segment.srcs\sources_1\new\bin2seg.vhd:]
WARNING: [filemgmt 56-199] Attempt to get parsing info during refresh. "On-the-fly" syntax checking information may be incorrect. [C:\Users\270925\Desktop\DE1_Uloha6\digi_safe\digi_safe.srcs\sim_1\new\digi_safe_tb.vhd:]
WARNING: [filemgmt 56-199] Attempt to get parsing info during refresh. "On-the-fly" syntax checking information may be incorrect. [C:\Users\270925\Desktop\DE1_Uloha6\digi_safe\digi_safe.srcs\sources_1\imports\new\clk_en.vhd:]
WARNING: [filemgmt 56-199] Attempt to get parsing info during refresh. "On-the-fly" syntax checking information may be incorrect. [C:\Users\270925\Desktop\DE1_Uloha6\digi_safe\digi_safe.srcs\sources_1\imports\DE1\display\display.srcs\sources_1\new\display_driver.vhd:]
WARNING: [filemgmt 56-199] Attempt to get parsing info during refresh. "On-the-fly" syntax checking information may be incorrect. [C:\Users\270925\Desktop\DE1_Uloha6\digi_safe\digi_safe.srcs\sources_1\imports\new\debounce.vhd:]
WARNING: [filemgmt 56-199] Attempt to get parsing info during refresh. "On-the-fly" syntax checking information may be incorrect. [C:\Users\270925\Desktop\DE1_Uloha6\digi_safe\digi_safe.srcs\sources_1\imports\DE1\display\display.srcs\sources_1\new\display_driver.vhd:]
WARNING: [filemgmt 56-199] Attempt to get parsing info during refresh. "On-the-fly" syntax checking information may be incorrect. [C:\Users\270925\Desktop\DE1_Uloha6\digi_safe\digi_safe.srcs\sources_1\imports\DE1\display\display.srcs\sources_1\new\display_driver.vhd:]
ERROR: [Common 17-180] Spawn failed: The operation completed successfully.

WARNING: [filemgmt 56-199] Attempt to get parsing info during refresh. "On-the-fly" syntax checking information may be incorrect. [C:\Users\270925\Desktop\DE1_Uloha6\digi_safe\digi_safe.srcs\sources_1\new\digi_safe.vhd:]
WARNING: [filemgmt 56-199] Attempt to get parsing info during refresh. "On-the-fly" syntax checking information may be incorrect. [C:\Users\270925\Desktop\DE1_Uloha6\digi_safe\digi_safe.srcs\sources_1\imports\DE1\segment\segment.srcs\sources_1\new\bin2seg.vhd:]
WARNING: [filemgmt 56-199] Attempt to get parsing info during refresh. "On-the-fly" syntax checking information may be incorrect. [C:\Users\270925\Desktop\DE1_Uloha6\digi_safe\digi_safe.srcs\sim_1\new\digi_safe_tb.vhd:]
WARNING: [filemgmt 56-199] Attempt to get parsing info during refresh. "On-the-fly" syntax checking information may be incorrect. [C:\Users\270925\Desktop\DE1_Uloha6\digi_safe\digi_safe.srcs\sources_1\imports\new\clk_en.vhd:]
WARNING: [filemgmt 56-199] Attempt to get parsing info during refresh. "On-the-fly" syntax checking information may be incorrect. [C:\Users\270925\Desktop\DE1_Uloha6\digi_safe\digi_safe.srcs\sources_1\imports\DE1\display\display.srcs\sources_1\new\display_driver.vhd:]
WARNING: [filemgmt 56-199] Attempt to get parsing info during refresh. "On-the-fly" syntax checking information may be incorrect. [C:\Users\270925\Desktop\DE1_Uloha6\digi_safe\digi_safe.srcs\sources_1\imports\new\debounce.vhd:]
WARNING: [filemgmt 56-199] Attempt to get parsing info during refresh. "On-the-fly" syntax checking information may be incorrect. [C:\Users\270925\Desktop\DE1_Uloha6\digi_safe\digi_safe.srcs\sources_1\new\digi_safe.vhd:]
WARNING: [filemgmt 56-199] Attempt to get parsing info during refresh. "On-the-fly" syntax checking information may be incorrect. [C:\Users\270925\Desktop\DE1_Uloha6\digi_safe\digi_safe.srcs\sources_1\new\digi_safe.vhd:]
WARNING: [filemgmt 56-199] Attempt to get parsing info during refresh. "On-the-fly" syntax checking information may be incorrect. [C:\Users\270925\Desktop\DE1_Uloha6\digi_safe\digi_safe.srcs\sources_1\new\digi_safe.vhd:]
WARNING: [filemgmt 56-199] Attempt to get parsing info during refresh. "On-the-fly" syntax checking information may be incorrect. [C:\Users\270925\Desktop\DE1_Uloha6\digi_safe\digi_safe.srcs\sources_1\imports\DE1\segment\segment.srcs\sources_1\new\bin2seg.vhd:]
WARNING: [filemgmt 56-199] Attempt to get parsing info during refresh. "On-the-fly" syntax checking information may be incorrect. [C:\Users\270925\Desktop\DE1_Uloha6\digi_safe\digi_safe.srcs\sim_1\new\digi_safe_tb.vhd:]
WARNING: [filemgmt 56-199] Attempt to get parsing info during refresh. "On-the-fly" syntax checking information may be incorrect. [C:\Users\270925\Desktop\DE1_Uloha6\digi_safe\digi_safe.srcs\sources_1\imports\new\clk_en.vhd:]
WARNING: [filemgmt 56-199] Attempt to get parsing info during refresh. "On-the-fly" syntax checking information may be incorrect. [C:\Users\270925\Desktop\DE1_Uloha6\digi_safe\digi_safe.srcs\sources_1\imports\DE1\display\display.srcs\sources_1\new\display_driver.vhd:]
WARNING: [filemgmt 56-199] Attempt to get parsing info during refresh. "On-the-fly" syntax checking information may be incorrect. [C:\Users\270925\Desktop\DE1_Uloha6\digi_safe\digi_safe.srcs\sources_1\imports\new\debounce.vhd:]
WARNING: [filemgmt 56-199] Attempt to get parsing info during refresh. "On-the-fly" syntax checking information may be incorrect. [C:\Users\270925\Desktop\DE1_Uloha6\digi_safe\digi_safe.srcs\sources_1\imports\new\clk_en.vhd:]
WARNING: [filemgmt 56-199] Attempt to get parsing info during refresh. "On-the-fly" syntax checking information may be incorrect. [C:\Users\270925\Desktop\DE1_Uloha6\digi_safe\digi_safe.srcs\sources_1\imports\new\clk_en.vhd:]
WARNING: [filemgmt 56-199] Attempt to get parsing info during refresh. "On-the-fly" syntax checking information may be incorrect. [C:\Users\270925\Desktop\DE1_Uloha6\digi_safe\digi_safe.srcs\sources_1\new\digi_safe.vhd:]
WARNING: [filemgmt 56-199] Attempt to get parsing info during refresh. "On-the-fly" syntax checking information may be incorrect. [C:\Users\270925\Desktop\DE1_Uloha6\digi_safe\digi_safe.srcs\sources_1\imports\DE1\segment\segment.srcs\sources_1\new\bin2seg.vhd:]
WARNING: [filemgmt 56-199] Attempt to get parsing info during refresh. "On-the-fly" syntax checking information may be incorrect. [C:\Users\270925\Desktop\DE1_Uloha6\digi_safe\digi_safe.srcs\sim_1\new\digi_safe_tb.vhd:]
WARNING: [filemgmt 56-199] Attempt to get parsing info during refresh. "On-the-fly" syntax checking information may be incorrect. [C:\Users\270925\Desktop\DE1_Uloha6\digi_safe\digi_safe.srcs\sources_1\imports\new\clk_en.vhd:]
WARNING: [filemgmt 56-199] Attempt to get parsing info during refresh. "On-the-fly" syntax checking information may be incorrect. [C:\Users\270925\Desktop\DE1_Uloha6\digi_safe\digi_safe.srcs\sources_1\imports\DE1\display\display.srcs\sources_1\new\display_driver.vhd:]
WARNING: [filemgmt 56-199] Attempt to get parsing info during refresh. "On-the-fly" syntax checking information may be incorrect. [C:\Users\270925\Desktop\DE1_Uloha6\digi_safe\digi_safe.srcs\sources_1\imports\new\debounce.vhd:]
WARNING: [filemgmt 56-199] Attempt to get parsing info during refresh. "On-the-fly" syntax checking information may be incorrect. [C:\Users\270925\Desktop\DE1_Uloha6\digi_safe\digi_safe.srcs\sources_1\imports\DE1\display\display.srcs\sources_1\new\display_driver.vhd:]
WARNING: [filemgmt 56-199] Attempt to get parsing info during refresh. "On-the-fly" syntax checking information may be incorrect. [C:\Users\270925\Desktop\DE1_Uloha6\digi_safe\digi_safe.srcs\sources_1\imports\DE1\display\display.srcs\sources_1\new\display_driver.vhd:]
WARNING: [filemgmt 56-199] Attempt to get parsing info during refresh. "On-the-fly" syntax checking information may be incorrect. [C:\Users\270925\Desktop\DE1_Uloha6\digi_safe\digi_safe.srcs\sources_1\new\digi_safe.vhd:]
WARNING: [filemgmt 56-199] Attempt to get parsing info during refresh. "On-the-fly" syntax checking information may be incorrect. [C:\Users\270925\Desktop\DE1_Uloha6\digi_safe\digi_safe.srcs\sources_1\imports\DE1\segment\segment.srcs\sources_1\new\bin2seg.vhd:]
WARNING: [filemgmt 56-199] Attempt to get parsing info during refresh. "On-the-fly" syntax checking information may be incorrect. [C:\Users\270925\Desktop\DE1_Uloha6\digi_safe\digi_safe.srcs\sim_1\new\digi_safe_tb.vhd:]
WARNING: [filemgmt 56-199] Attempt to get parsing info during refresh. "On-the-fly" syntax checking information may be incorrect. [C:\Users\270925\Desktop\DE1_Uloha6\digi_safe\digi_safe.srcs\sources_1\imports\new\clk_en.vhd:]
WARNING: [filemgmt 56-199] Attempt to get parsing info during refresh. "On-the-fly" syntax checking information may be incorrect. [C:\Users\270925\Desktop\DE1_Uloha6\digi_safe\digi_safe.srcs\sources_1\imports\DE1\display\display.srcs\sources_1\new\display_driver.vhd:]
WARNING: [filemgmt 56-199] Attempt to get parsing info during refresh. "On-the-fly" syntax checking information may be incorrect. [C:\Users\270925\Desktop\DE1_Uloha6\digi_safe\digi_safe.srcs\sources_1\imports\new\debounce.vhd:]
WARNING: [filemgmt 56-199] Attempt to get parsing info during refresh. "On-the-fly" syntax checking information may be incorrect. [C:\Users\270925\Desktop\DE1_Uloha6\digi_safe\digi_safe.srcs\sources_1\imports\DE1\segment\segment.srcs\sources_1\new\bin2seg.vhd:]
WARNING: [filemgmt 56-199] Attempt to get parsing info during refresh. "On-the-fly" syntax checking information may be incorrect. [C:\Users\270925\Desktop\DE1_Uloha6\digi_safe\digi_safe.srcs\sources_1\imports\DE1\segment\segment.srcs\sources_1\new\bin2seg.vhd:]
WARNING: [filemgmt 56-199] Attempt to get parsing info during refresh. "On-the-fly" syntax checking information may be incorrect. [C:\Users\270925\Desktop\DE1_Uloha6\digi_safe\digi_safe.srcs\sources_1\new\digi_safe.vhd:]
WARNING: [filemgmt 56-199] Attempt to get parsing info during refresh. "On-the-fly" syntax checking information may be incorrect. [C:\Users\270925\Desktop\DE1_Uloha6\digi_safe\digi_safe.srcs\sources_1\imports\DE1\segment\segment.srcs\sources_1\new\bin2seg.vhd:]
WARNING: [filemgmt 56-199] Attempt to get parsing info during refresh. "On-the-fly" syntax checking information may be incorrect. [C:\Users\270925\Desktop\DE1_Uloha6\digi_safe\digi_safe.srcs\sim_1\new\digi_safe_tb.vhd:]
WARNING: [filemgmt 56-199] Attempt to get parsing info during refresh. "On-the-fly" syntax checking information may be incorrect. [C:\Users\270925\Desktop\DE1_Uloha6\digi_safe\digi_safe.srcs\sources_1\imports\new\clk_en.vhd:]
WARNING: [filemgmt 56-199] Attempt to get parsing info during refresh. "On-the-fly" syntax checking information may be incorrect. [C:\Users\270925\Desktop\DE1_Uloha6\digi_safe\digi_safe.srcs\sources_1\imports\DE1\display\display.srcs\sources_1\new\display_driver.vhd:]
WARNING: [filemgmt 56-199] Attempt to get parsing info during refresh. "On-the-fly" syntax checking information may be incorrect. [C:\Users\270925\Desktop\DE1_Uloha6\digi_safe\digi_safe.srcs\sources_1\imports\new\debounce.vhd:]
WARNING: [filemgmt 56-199] Attempt to get parsing info during refresh. "On-the-fly" syntax checking information may be incorrect. [C:\Users\270925\Desktop\DE1_Uloha6\digi_safe\digi_safe.srcs\sources_1\imports\new\debounce.vhd:]
WARNING: [filemgmt 56-199] Attempt to get parsing info during refresh. "On-the-fly" syntax checking information may be incorrect. [C:\Users\270925\Desktop\DE1_Uloha6\digi_safe\digi_safe.srcs\sources_1\imports\new\debounce.vhd:]
ERROR: [Common 17-180] Spawn failed: The operation completed successfully.

reset_project
reset_project
WARNING: [filemgmt 56-199] Attempt to get parsing info during refresh. "On-the-fly" syntax checking information may be incorrect. [C:\Users\270925\Desktop\DE1_Uloha6\digi_safe\digi_safe.srcs\sources_1\new\digi_safe.vhd:]
WARNING: [filemgmt 56-199] Attempt to get parsing info during refresh. "On-the-fly" syntax checking information may be incorrect. [C:\Users\270925\Desktop\DE1_Uloha6\digi_safe\digi_safe.srcs\sim_1\new\debounce_tb.vhd:]
WARNING: [filemgmt 56-199] Attempt to get parsing info during refresh. "On-the-fly" syntax checking information may be incorrect. [C:\Users\270925\Desktop\DE1_Uloha6\digi_safe\digi_safe.srcs\sources_1\imports\DE1\segment\segment.srcs\sources_1\new\bin2seg.vhd:]
WARNING: [filemgmt 56-199] Attempt to get parsing info during refresh. "On-the-fly" syntax checking information may be incorrect. [C:\Users\270925\Desktop\DE1_Uloha6\digi_safe\digi_safe.srcs\sim_1\new\digi_safe_tb.vhd:]
WARNING: [filemgmt 56-199] Attempt to get parsing info during refresh. "On-the-fly" syntax checking information may be incorrect. [C:\Users\270925\Desktop\DE1_Uloha6\digi_safe\digi_safe.srcs\sources_1\imports\new\clk_en.vhd:]
WARNING: [filemgmt 56-199] Attempt to get parsing info during refresh. "On-the-fly" syntax checking information may be incorrect. [C:\Users\270925\Desktop\DE1_Uloha6\digi_safe\digi_safe.srcs\sources_1\imports\DE1\display\display.srcs\sources_1\new\display_driver.vhd:]
WARNING: [filemgmt 56-199] Attempt to get parsing info during refresh. "On-the-fly" syntax checking information may be incorrect. [C:\Users\270925\Desktop\DE1_Uloha6\digi_safe\digi_safe.srcs\sources_1\imports\new\debounce.vhd:]
WARNING: [filemgmt 56-199] Attempt to get parsing info during refresh. "On-the-fly" syntax checking information may be incorrect. [C:\Users\270925\Desktop\DE1_Uloha6\digi_safe\digi_safe.srcs\sources_1\imports\new\debounce.vhd:]
WARNING: [filemgmt 56-199] Attempt to get parsing info during refresh. "On-the-fly" syntax checking information may be incorrect. [C:\Users\270925\Desktop\DE1_Uloha6\digi_safe\digi_safe.srcs\sources_1\imports\new\debounce.vhd:]
WARNING: [filemgmt 56-199] Attempt to get parsing info during refresh. "On-the-fly" syntax checking information may be incorrect. [C:\Users\270925\Desktop\DE1_Uloha6\digi_safe\digi_safe.srcs\sources_1\new\digi_safe.vhd:]
WARNING: [filemgmt 56-199] Attempt to get parsing info during refresh. "On-the-fly" syntax checking information may be incorrect. [C:\Users\270925\Desktop\DE1_Uloha6\digi_safe\digi_safe.srcs\sim_1\new\debounce_tb.vhd:]
WARNING: [filemgmt 56-199] Attempt to get parsing info during refresh. "On-the-fly" syntax checking information may be incorrect. [C:\Users\270925\Desktop\DE1_Uloha6\digi_safe\digi_safe.srcs\sources_1\imports\DE1\segment\segment.srcs\sources_1\new\bin2seg.vhd:]
WARNING: [filemgmt 56-199] Attempt to get parsing info during refresh. "On-the-fly" syntax checking information may be incorrect. [C:\Users\270925\Desktop\DE1_Uloha6\digi_safe\digi_safe.srcs\sim_1\new\digi_safe_tb.vhd:]
WARNING: [filemgmt 56-199] Attempt to get parsing info during refresh. "On-the-fly" syntax checking information may be incorrect. [C:\Users\270925\Desktop\DE1_Uloha6\digi_safe\digi_safe.srcs\sources_1\imports\new\clk_en.vhd:]
WARNING: [filemgmt 56-199] Attempt to get parsing info during refresh. "On-the-fly" syntax checking information may be incorrect. [C:\Users\270925\Desktop\DE1_Uloha6\digi_safe\digi_safe.srcs\sources_1\imports\DE1\display\display.srcs\sources_1\new\display_driver.vhd:]
WARNING: [filemgmt 56-199] Attempt to get parsing info during refresh. "On-the-fly" syntax checking information may be incorrect. [C:\Users\270925\Desktop\DE1_Uloha6\digi_safe\digi_safe.srcs\sources_1\imports\new\debounce.vhd:]
WARNING: [filemgmt 56-199] Attempt to get parsing info during refresh. "On-the-fly" syntax checking information may be incorrect. [C:\Users\270925\Desktop\DE1_Uloha6\digi_safe\digi_safe.srcs\sources_1\imports\new\clk_en.vhd:]
WARNING: [filemgmt 56-199] Attempt to get parsing info during refresh. "On-the-fly" syntax checking information may be incorrect. [C:\Users\270925\Desktop\DE1_Uloha6\digi_safe\digi_safe.srcs\sources_1\imports\new\clk_en.vhd:]
WARNING: [filemgmt 56-199] Attempt to get parsing info during refresh. "On-the-fly" syntax checking information may be incorrect. [C:\Users\270925\Desktop\DE1_Uloha6\digi_safe\digi_safe.srcs\sources_1\new\digi_safe.vhd:]
WARNING: [filemgmt 56-199] Attempt to get parsing info during refresh. "On-the-fly" syntax checking information may be incorrect. [C:\Users\270925\Desktop\DE1_Uloha6\digi_safe\digi_safe.srcs\sim_1\new\debounce_tb.vhd:]
WARNING: [filemgmt 56-199] Attempt to get parsing info during refresh. "On-the-fly" syntax checking information may be incorrect. [C:\Users\270925\Desktop\DE1_Uloha6\digi_safe\digi_safe.srcs\sources_1\imports\DE1\segment\segment.srcs\sources_1\new\bin2seg.vhd:]
WARNING: [filemgmt 56-199] Attempt to get parsing info during refresh. "On-the-fly" syntax checking information may be incorrect. [C:\Users\270925\Desktop\DE1_Uloha6\digi_safe\digi_safe.srcs\sim_1\new\digi_safe_tb.vhd:]
WARNING: [filemgmt 56-199] Attempt to get parsing info during refresh. "On-the-fly" syntax checking information may be incorrect. [C:\Users\270925\Desktop\DE1_Uloha6\digi_safe\digi_safe.srcs\sources_1\imports\new\clk_en.vhd:]
WARNING: [filemgmt 56-199] Attempt to get parsing info during refresh. "On-the-fly" syntax checking information may be incorrect. [C:\Users\270925\Desktop\DE1_Uloha6\digi_safe\digi_safe.srcs\sources_1\imports\DE1\display\display.srcs\sources_1\new\display_driver.vhd:]
WARNING: [filemgmt 56-199] Attempt to get parsing info during refresh. "On-the-fly" syntax checking information may be incorrect. [C:\Users\270925\Desktop\DE1_Uloha6\digi_safe\digi_safe.srcs\sources_1\imports\new\debounce.vhd:]
WARNING: [filemgmt 56-199] Attempt to get parsing info during refresh. "On-the-fly" syntax checking information may be incorrect. [C:\Users\270925\Desktop\DE1_Uloha6\digi_safe\digi_safe.srcs\sim_1\new\digi_safe_tb.vhd:]
WARNING: [filemgmt 56-199] Attempt to get parsing info during refresh. "On-the-fly" syntax checking information may be incorrect. [C:\Users\270925\Desktop\DE1_Uloha6\digi_safe\digi_safe.srcs\sim_1\new\digi_safe_tb.vhd:]
WARNING: [filemgmt 56-199] Attempt to get parsing info during refresh. "On-the-fly" syntax checking information may be incorrect. [C:\Users\270925\Desktop\DE1_Uloha6\digi_safe\digi_safe.srcs\sources_1\new\digi_safe.vhd:]
WARNING: [filemgmt 56-199] Attempt to get parsing info during refresh. "On-the-fly" syntax checking information may be incorrect. [C:\Users\270925\Desktop\DE1_Uloha6\digi_safe\digi_safe.srcs\sim_1\new\debounce_tb.vhd:]
WARNING: [filemgmt 56-199] Attempt to get parsing info during refresh. "On-the-fly" syntax checking information may be incorrect. [C:\Users\270925\Desktop\DE1_Uloha6\digi_safe\digi_safe.srcs\sources_1\imports\DE1\segment\segment.srcs\sources_1\new\bin2seg.vhd:]
WARNING: [filemgmt 56-199] Attempt to get parsing info during refresh. "On-the-fly" syntax checking information may be incorrect. [C:\Users\270925\Desktop\DE1_Uloha6\digi_safe\digi_safe.srcs\sim_1\new\digi_safe_tb.vhd:]
WARNING: [filemgmt 56-199] Attempt to get parsing info during refresh. "On-the-fly" syntax checking information may be incorrect. [C:\Users\270925\Desktop\DE1_Uloha6\digi_safe\digi_safe.srcs\sources_1\imports\new\clk_en.vhd:]
WARNING: [filemgmt 56-199] Attempt to get parsing info during refresh. "On-the-fly" syntax checking information may be incorrect. [C:\Users\270925\Desktop\DE1_Uloha6\digi_safe\digi_safe.srcs\sources_1\imports\DE1\display\display.srcs\sources_1\new\display_driver.vhd:]
WARNING: [filemgmt 56-199] Attempt to get parsing info during refresh. "On-the-fly" syntax checking information may be incorrect. [C:\Users\270925\Desktop\DE1_Uloha6\digi_safe\digi_safe.srcs\sources_1\imports\new\debounce.vhd:]
WARNING: [filemgmt 56-199] Attempt to get parsing info during refresh. "On-the-fly" syntax checking information may be incorrect. [C:\Users\270925\Desktop\DE1_Uloha6\digi_safe\digi_safe.srcs\sources_1\new\digi_safe.vhd:]
WARNING: [filemgmt 56-199] Attempt to get parsing info during refresh. "On-the-fly" syntax checking information may be incorrect. [C:\Users\270925\Desktop\DE1_Uloha6\digi_safe\digi_safe.srcs\sources_1\new\digi_safe.vhd:]
WARNING: [filemgmt 56-199] Attempt to get parsing info during refresh. "On-the-fly" syntax checking information may be incorrect. [C:\Users\270925\Desktop\DE1_Uloha6\digi_safe\digi_safe.srcs\sources_1\new\digi_safe.vhd:]
WARNING: [filemgmt 56-199] Attempt to get parsing info during refresh. "On-the-fly" syntax checking information may be incorrect. [C:\Users\270925\Desktop\DE1_Uloha6\digi_safe\digi_safe.srcs\sim_1\new\debounce_tb.vhd:]
WARNING: [filemgmt 56-199] Attempt to get parsing info during refresh. "On-the-fly" syntax checking information may be incorrect. [C:\Users\270925\Desktop\DE1_Uloha6\digi_safe\digi_safe.srcs\sources_1\imports\DE1\segment\segment.srcs\sources_1\new\bin2seg.vhd:]
WARNING: [filemgmt 56-199] Attempt to get parsing info during refresh. "On-the-fly" syntax checking information may be incorrect. [C:\Users\270925\Desktop\DE1_Uloha6\digi_safe\digi_safe.srcs\sim_1\new\digi_safe_tb.vhd:]
WARNING: [filemgmt 56-199] Attempt to get parsing info during refresh. "On-the-fly" syntax checking information may be incorrect. [C:\Users\270925\Desktop\DE1_Uloha6\digi_safe\digi_safe.srcs\sources_1\imports\new\clk_en.vhd:]
WARNING: [filemgmt 56-199] Attempt to get parsing info during refresh. "On-the-fly" syntax checking information may be incorrect. [C:\Users\270925\Desktop\DE1_Uloha6\digi_safe\digi_safe.srcs\sources_1\imports\DE1\display\display.srcs\sources_1\new\display_driver.vhd:]
WARNING: [filemgmt 56-199] Attempt to get parsing info during refresh. "On-the-fly" syntax checking information may be incorrect. [C:\Users\270925\Desktop\DE1_Uloha6\digi_safe\digi_safe.srcs\sources_1\imports\new\debounce.vhd:]
WARNING: [filemgmt 56-199] Attempt to get parsing info during refresh. "On-the-fly" syntax checking information may be incorrect. [C:\Users\270925\Desktop\DE1_Uloha6\digi_safe\digi_safe.srcs\sources_1\imports\DE1\display\display.srcs\sources_1\new\display_driver.vhd:]
WARNING: [filemgmt 56-199] Attempt to get parsing info during refresh. "On-the-fly" syntax checking information may be incorrect. [C:\Users\270925\Desktop\DE1_Uloha6\digi_safe\digi_safe.srcs\sources_1\imports\DE1\display\display.srcs\sources_1\new\display_driver.vhd:]
WARNING: [filemgmt 56-199] Attempt to get parsing info during refresh. "On-the-fly" syntax checking information may be incorrect. [C:\Users\270925\Desktop\DE1_Uloha6\digi_safe\digi_safe.srcs\sources_1\new\digi_safe.vhd:]
WARNING: [filemgmt 56-199] Attempt to get parsing info during refresh. "On-the-fly" syntax checking information may be incorrect. [C:\Users\270925\Desktop\DE1_Uloha6\digi_safe\digi_safe.srcs\sim_1\new\debounce_tb.vhd:]
WARNING: [filemgmt 56-199] Attempt to get parsing info during refresh. "On-the-fly" syntax checking information may be incorrect. [C:\Users\270925\Desktop\DE1_Uloha6\digi_safe\digi_safe.srcs\sources_1\imports\DE1\segment\segment.srcs\sources_1\new\bin2seg.vhd:]
WARNING: [filemgmt 56-199] Attempt to get parsing info during refresh. "On-the-fly" syntax checking information may be incorrect. [C:\Users\270925\Desktop\DE1_Uloha6\digi_safe\digi_safe.srcs\sim_1\new\digi_safe_tb.vhd:]
WARNING: [filemgmt 56-199] Attempt to get parsing info during refresh. "On-the-fly" syntax checking information may be incorrect. [C:\Users\270925\Desktop\DE1_Uloha6\digi_safe\digi_safe.srcs\sources_1\imports\new\clk_en.vhd:]
WARNING: [filemgmt 56-199] Attempt to get parsing info during refresh. "On-the-fly" syntax checking information may be incorrect. [C:\Users\270925\Desktop\DE1_Uloha6\digi_safe\digi_safe.srcs\sources_1\imports\DE1\display\display.srcs\sources_1\new\display_driver.vhd:]
WARNING: [filemgmt 56-199] Attempt to get parsing info during refresh. "On-the-fly" syntax checking information may be incorrect. [C:\Users\270925\Desktop\DE1_Uloha6\digi_safe\digi_safe.srcs\sources_1\imports\new\debounce.vhd:]
WARNING: [filemgmt 56-199] Attempt to get parsing info during refresh. "On-the-fly" syntax checking information may be incorrect. [C:\Users\270925\Desktop\DE1_Uloha6\digi_safe\digi_safe.srcs\sources_1\imports\DE1\segment\segment.srcs\sources_1\new\bin2seg.vhd:]
WARNING: [filemgmt 56-199] Attempt to get parsing info during refresh. "On-the-fly" syntax checking information may be incorrect. [C:\Users\270925\Desktop\DE1_Uloha6\digi_safe\digi_safe.srcs\sources_1\imports\DE1\segment\segment.srcs\sources_1\new\bin2seg.vhd:]
WARNING: [filemgmt 56-199] Attempt to get parsing info during refresh. "On-the-fly" syntax checking information may be incorrect. [C:\Users\270925\Desktop\DE1_Uloha6\digi_safe\digi_safe.srcs\sources_1\new\digi_safe.vhd:]
WARNING: [filemgmt 56-199] Attempt to get parsing info during refresh. "On-the-fly" syntax checking information may be incorrect. [C:\Users\270925\Desktop\DE1_Uloha6\digi_safe\digi_safe.srcs\sim_1\new\debounce_tb.vhd:]
WARNING: [filemgmt 56-199] Attempt to get parsing info during refresh. "On-the-fly" syntax checking information may be incorrect. [C:\Users\270925\Desktop\DE1_Uloha6\digi_safe\digi_safe.srcs\sources_1\imports\DE1\segment\segment.srcs\sources_1\new\bin2seg.vhd:]
WARNING: [filemgmt 56-199] Attempt to get parsing info during refresh. "On-the-fly" syntax checking information may be incorrect. [C:\Users\270925\Desktop\DE1_Uloha6\digi_safe\digi_safe.srcs\sim_1\new\digi_safe_tb.vhd:]
WARNING: [filemgmt 56-199] Attempt to get parsing info during refresh. "On-the-fly" syntax checking information may be incorrect. [C:\Users\270925\Desktop\DE1_Uloha6\digi_safe\digi_safe.srcs\sources_1\imports\new\clk_en.vhd:]
WARNING: [filemgmt 56-199] Attempt to get parsing info during refresh. "On-the-fly" syntax checking information may be incorrect. [C:\Users\270925\Desktop\DE1_Uloha6\digi_safe\digi_safe.srcs\sources_1\imports\DE1\display\display.srcs\sources_1\new\display_driver.vhd:]
WARNING: [filemgmt 56-199] Attempt to get parsing info during refresh. "On-the-fly" syntax checking information may be incorrect. [C:\Users\270925\Desktop\DE1_Uloha6\digi_safe\digi_safe.srcs\sources_1\imports\new\debounce.vhd:]
WARNING: [filemgmt 56-199] Attempt to get parsing info during refresh. "On-the-fly" syntax checking information may be incorrect. [C:\Users\270925\Desktop\DE1_Uloha6\digi_safe\digi_safe.srcs\sim_1\new\digi_safe_tb.vhd:]
WARNING: [filemgmt 56-199] Attempt to get parsing info during refresh. "On-the-fly" syntax checking information may be incorrect. [C:\Users\270925\Desktop\DE1_Uloha6\digi_safe\digi_safe.srcs\sim_1\new\digi_safe_tb.vhd:]
WARNING: [filemgmt 56-199] Attempt to get parsing info during refresh. "On-the-fly" syntax checking information may be incorrect. [C:\Users\270925\Desktop\DE1_Uloha6\digi_safe\digi_safe.srcs\sources_1\new\digi_safe.vhd:]
WARNING: [filemgmt 56-199] Attempt to get parsing info during refresh. "On-the-fly" syntax checking information may be incorrect. [C:\Users\270925\Desktop\DE1_Uloha6\digi_safe\digi_safe.srcs\sim_1\new\debounce_tb.vhd:]
WARNING: [filemgmt 56-199] Attempt to get parsing info during refresh. "On-the-fly" syntax checking information may be incorrect. [C:\Users\270925\Desktop\DE1_Uloha6\digi_safe\digi_safe.srcs\sources_1\imports\DE1\segment\segment.srcs\sources_1\new\bin2seg.vhd:]
WARNING: [filemgmt 56-199] Attempt to get parsing info during refresh. "On-the-fly" syntax checking information may be incorrect. [C:\Users\270925\Desktop\DE1_Uloha6\digi_safe\digi_safe.srcs\sim_1\new\digi_safe_tb.vhd:]
WARNING: [filemgmt 56-199] Attempt to get parsing info during refresh. "On-the-fly" syntax checking information may be incorrect. [C:\Users\270925\Desktop\DE1_Uloha6\digi_safe\digi_safe.srcs\sources_1\imports\new\clk_en.vhd:]
WARNING: [filemgmt 56-199] Attempt to get parsing info during refresh. "On-the-fly" syntax checking information may be incorrect. [C:\Users\270925\Desktop\DE1_Uloha6\digi_safe\digi_safe.srcs\sources_1\imports\DE1\display\display.srcs\sources_1\new\display_driver.vhd:]
WARNING: [filemgmt 56-199] Attempt to get parsing info during refresh. "On-the-fly" syntax checking information may be incorrect. [C:\Users\270925\Desktop\DE1_Uloha6\digi_safe\digi_safe.srcs\sources_1\imports\new\debounce.vhd:]
WARNING: [filemgmt 56-199] Attempt to get parsing info during refresh. "On-the-fly" syntax checking information may be incorrect. [C:\Users\270925\Desktop\DE1_Uloha6\digi_safe\digi_safe.srcs\sources_1\imports\new\debounce.vhd:]
WARNING: [filemgmt 56-199] Attempt to get parsing info during refresh. "On-the-fly" syntax checking information may be incorrect. [C:\Users\270925\Desktop\DE1_Uloha6\digi_safe\digi_safe.srcs\sources_1\imports\new\debounce.vhd:]
WARNING: [filemgmt 56-199] Attempt to get parsing info during refresh. "On-the-fly" syntax checking information may be incorrect. [C:\Users\270925\Desktop\DE1_Uloha6\digi_safe\digi_safe.srcs\sources_1\new\digi_safe.vhd:]
WARNING: [filemgmt 56-199] Attempt to get parsing info during refresh. "On-the-fly" syntax checking information may be incorrect. [C:\Users\270925\Desktop\DE1_Uloha6\digi_safe\digi_safe.srcs\sim_1\new\debounce_tb.vhd:]
WARNING: [filemgmt 56-199] Attempt to get parsing info during refresh. "On-the-fly" syntax checking information may be incorrect. [C:\Users\270925\Desktop\DE1_Uloha6\digi_safe\digi_safe.srcs\sources_1\imports\DE1\segment\segment.srcs\sources_1\new\bin2seg.vhd:]
WARNING: [filemgmt 56-199] Attempt to get parsing info during refresh. "On-the-fly" syntax checking information may be incorrect. [C:\Users\270925\Desktop\DE1_Uloha6\digi_safe\digi_safe.srcs\sim_1\new\digi_safe_tb.vhd:]
WARNING: [filemgmt 56-199] Attempt to get parsing info during refresh. "On-the-fly" syntax checking information may be incorrect. [C:\Users\270925\Desktop\DE1_Uloha6\digi_safe\digi_safe.srcs\sources_1\imports\new\clk_en.vhd:]
WARNING: [filemgmt 56-199] Attempt to get parsing info during refresh. "On-the-fly" syntax checking information may be incorrect. [C:\Users\270925\Desktop\DE1_Uloha6\digi_safe\digi_safe.srcs\sources_1\imports\DE1\display\display.srcs\sources_1\new\display_driver.vhd:]
WARNING: [filemgmt 56-199] Attempt to get parsing info during refresh. "On-the-fly" syntax checking information may be incorrect. [C:\Users\270925\Desktop\DE1_Uloha6\digi_safe\digi_safe.srcs\sources_1\imports\new\debounce.vhd:]
WARNING: [filemgmt 56-199] Attempt to get parsing info during refresh. "On-the-fly" syntax checking information may be incorrect. [C:\Users\270925\Desktop\DE1_Uloha6\digi_safe\digi_safe.srcs\sources_1\imports\new\clk_en.vhd:]
WARNING: [filemgmt 56-199] Attempt to get parsing info during refresh. "On-the-fly" syntax checking information may be incorrect. [C:\Users\270925\Desktop\DE1_Uloha6\digi_safe\digi_safe.srcs\sources_1\imports\new\clk_en.vhd:]
ERROR: [Common 17-180] Spawn failed: The operation completed successfully.

launch_simulation
Command: launch_simulation 
INFO: [Vivado 12-25911] Executing simulation for 'XSim' simulator
INFO: [Vivado 12-28535] Process started - Wed Apr 22 17:04:46 2026

INFO: [Vivado 12-12493] Simulation top is 'cfg_tb_digi_safe'
INFO: [Vivado 12-5682] Launching behavioral simulation in 'C:/Users/270925/Desktop/DE1_Uloha6/digi_safe/digi_safe.sim/sim_1/behav/xsim'
INFO: [SIM-utils-51] Simulation object is 'sim_1'
INFO: [SIM-utils-72] Using boost library from 'C:/Appz/AMDDesignTools/2025.2/Vivado/tps/boost_1_72_0'
INFO: [SIM-utils-54] Inspecting design source files for 'cfg_tb_digi_safe' in fileset 'sim_1'...
INFO: [USF-XSim-97] Finding global include files...
INFO: [USF-XSim-98] Fetching design files from 'sim_1'...
INFO: [USF-XSim-2] XSim::Compile design
INFO: [USF-XSim-61] Executing 'COMPILE and ANALYZE' step in 'C:/Users/270925/Desktop/DE1_Uloha6/digi_safe/digi_safe.sim/sim_1/behav/xsim'
"xvhdl --incr --relax -prj cfg_tb_digi_safe_vhdl.prj"
INFO: [VRFC 10-163] Analyzing VHDL file "C:/Users/270925/Desktop/DE1_Uloha6/digi_safe/digi_safe.srcs/sources_1/imports/DE1/segment/segment.srcs/sources_1/new/bin2seg.vhd" into library xil_defaultlib
INFO: [VRFC 10-3107] analyzing entity 'bin2seg'
INFO: [VRFC 10-163] Analyzing VHDL file "C:/Users/270925/Desktop/DE1_Uloha6/digi_safe/digi_safe.srcs/sources_1/imports/new/clk_en.vhd" into library xil_defaultlib
INFO: [VRFC 10-3107] analyzing entity 'clk_en'
INFO: [VRFC 10-163] Analyzing VHDL file "C:/Users/270925/Desktop/DE1_Uloha6/digi_safe/digi_safe.srcs/sources_1/imports/new/debounce.vhd" into library xil_defaultlib
INFO: [VRFC 10-3107] analyzing entity 'debounce'
INFO: [VRFC 10-163] Analyzing VHDL file "C:/Users/270925/Desktop/DE1_Uloha6/digi_safe/digi_safe.srcs/sources_1/new/digi_safe.vhd" into library xil_defaultlib
INFO: [VRFC 10-3107] analyzing entity 'digi_safe'
INFO: [VRFC 10-163] Analyzing VHDL file "C:/Users/270925/Desktop/DE1_Uloha6/digi_safe/digi_safe.srcs/sources_1/imports/DE1/display/display.srcs/sources_1/new/display_driver.vhd" into library xil_defaultlib
INFO: [VRFC 10-3107] analyzing entity 'display_driver'
INFO: [VRFC 10-163] Analyzing VHDL file "C:/Users/270925/Desktop/DE1_Uloha6/digi_safe/digi_safe.srcs/sources_1/new/safe_control_logic.vhd" into library xil_defaultlib
INFO: [VRFC 10-3107] analyzing entity 'safe_control_logic'
INFO: [VRFC 10-163] Analyzing VHDL file "C:/Users/270925/Desktop/DE1_Uloha6/digi_safe/digi_safe.srcs/sim_1/new/digi_safe_tb.vhd" into library xil_defaultlib
INFO: [VRFC 10-3107] analyzing entity 'tb_digi_safe'
INFO: [USF-XSim-69] 'compile' step finished in '1' seconds
INFO: [USF-XSim-3] XSim::Elaborate design
INFO: [USF-XSim-61] Executing 'ELABORATE' step in 'C:/Users/270925/Desktop/DE1_Uloha6/digi_safe/digi_safe.sim/sim_1/behav/xsim'
"xelab --incr --debug typical --relax --mt 2 -L xil_defaultlib -L secureip --snapshot cfg_tb_digi_safe_behav xil_defaultlib.cfg_tb_digi_safe -log elaborate.log"
Vivado Simulator v2025.2
Copyright 1986-2022 Xilinx, Inc. All Rights Reserved.
Copyright 2022-2025 Advanced Micro Devices, Inc. All Rights Reserved.
Running: C:/Appz/AMDDesignTools/2025.2/Vivado/bin/unwrapped/win64.o/xelab.exe --incr --debug typical --relax --mt 2 -L xil_defaultlib -L secureip --snapshot cfg_tb_digi_safe_behav xil_defaultlib.cfg_tb_digi_safe -log elaborate.log 
Using 2 slave threads.
Starting static elaboration
Completed static elaboration
Starting simulation data flow analysis
Completed simulation data flow analysis
Time Resolution for simulation is 1ps
Compiling package std.standard
Compiling package std.textio
Compiling package ieee.std_logic_1164
Compiling package ieee.numeric_std
Compiling architecture behavioral of entity xil_defaultlib.clk_en [\clk_en(g_max=200000)\]
Compiling architecture behavioral of entity xil_defaultlib.debounce [debounce_default]
Compiling architecture behavioral of entity xil_defaultlib.safe_control_logic [safe_control_logic_default]
Compiling architecture behavioral of entity xil_defaultlib.clk_en [\clk_en(g_max=100000)\]
Compiling architecture behavioral of entity xil_defaultlib.display_driver [display_driver_default]
Compiling architecture behavioral of entity xil_defaultlib.bin2seg [bin2seg_default]
Compiling architecture structural of entity xil_defaultlib.digi_safe [digi_safe_default]
Compiling architecture tb of entity xil_defaultlib.tb_digi_safe [tb_digi_safe_cfg_tb_digi_safe]
Built simulation snapshot cfg_tb_digi_safe_behav
INFO: [USF-XSim-69] 'elaborate' step finished in '2' seconds
INFO: [USF-XSim-4] XSim::Simulate design
INFO: [USF-XSim-61] Executing 'SIMULATE' step in 'C:/Users/270925/Desktop/DE1_Uloha6/digi_safe/digi_safe.sim/sim_1/behav/xsim'
INFO: [USF-XSim-98] *** Running xsim
   with args "cfg_tb_digi_safe_behav -key {Behavioral:sim_1:Functional:cfg_tb_digi_safe} -tclbatch {cfg_tb_digi_safe.tcl} -log {simulate.log}"
INFO: [USF-XSim-8] Loading simulator feature
Time resolution is 1 ps
source cfg_tb_digi_safe.tcl
# set curr_wave [current_wave_config]
# if { [string length $curr_wave] == 0 } {
#   if { [llength [get_objects]] > 0} {
#     add_wave /
#     set_property needs_save false [current_wave_config]
#   } else {
#      send_msg_id Add_Wave-1 WARNING "No top level signals found. Simulator will start without a wave window. If you want to open a wave window go to 'File->New Waveform Configuration' or type 'create_wave_config' in the TCL console."
#   }
# }
# run 1000ns
INFO: [USF-XSim-96] XSim completed. Design snapshot 'cfg_tb_digi_safe_behav' loaded.
INFO: [USF-XSim-97] XSim simulation ran for 1000ns
launch_simulation: Time (s): cpu = 00:00:03 ; elapsed = 00:00:06 . Memory (MB): peak = 3479.426 ; gain = 0.000
close_sim
INFO: [Simtcl 6-16] Simulation closed
set_property top cfg_tb_debounce [get_filesets sim_1]
set_property top_lib xil_defaultlib [get_filesets sim_1]
WARNING: [filemgmt 56-199] Attempt to get parsing info during refresh. "On-the-fly" syntax checking information may be incorrect. [C:\Users\270925\Desktop\DE1_Uloha6\digi_safe\digi_safe.srcs\sources_1\new\digi_safe.vhd:]
WARNING: [filemgmt 56-199] Attempt to get parsing info during refresh. "On-the-fly" syntax checking information may be incorrect. [C:\Users\270925\Desktop\DE1_Uloha6\digi_safe\digi_safe.srcs\sim_1\new\debounce_tb.vhd:]
WARNING: [filemgmt 56-199] Attempt to get parsing info during refresh. "On-the-fly" syntax checking information may be incorrect. [C:\Users\270925\Desktop\DE1_Uloha6\digi_safe\digi_safe.srcs\sources_1\imports\DE1\segment\segment.srcs\sources_1\new\bin2seg.vhd:]
WARNING: [filemgmt 56-199] Attempt to get parsing info during refresh. "On-the-fly" syntax checking information may be incorrect. [C:\Users\270925\Desktop\DE1_Uloha6\digi_safe\digi_safe.srcs\sim_1\new\digi_safe_tb.vhd:]
WARNING: [filemgmt 56-199] Attempt to get parsing info during refresh. "On-the-fly" syntax checking information may be incorrect. [C:\Users\270925\Desktop\DE1_Uloha6\digi_safe\digi_safe.srcs\sources_1\imports\new\clk_en.vhd:]
WARNING: [filemgmt 56-199] Attempt to get parsing info during refresh. "On-the-fly" syntax checking information may be incorrect. [C:\Users\270925\Desktop\DE1_Uloha6\digi_safe\digi_safe.srcs\sources_1\imports\DE1\display\display.srcs\sources_1\new\display_driver.vhd:]
WARNING: [filemgmt 56-199] Attempt to get parsing info during refresh. "On-the-fly" syntax checking information may be incorrect. [C:\Users\270925\Desktop\DE1_Uloha6\digi_safe\digi_safe.srcs\sources_1\imports\new\debounce.vhd:]
WARNING: [filemgmt 56-199] Attempt to get parsing info during refresh. "On-the-fly" syntax checking information may be incorrect. [C:\Users\270925\Desktop\DE1_Uloha6\digi_safe\digi_safe.srcs\sources_1\new\digi_safe.vhd:]
WARNING: [filemgmt 56-199] Attempt to get parsing info during refresh. "On-the-fly" syntax checking information may be incorrect. [C:\Users\270925\Desktop\DE1_Uloha6\digi_safe\digi_safe.srcs\sources_1\new\digi_safe.vhd:]
WARNING: [filemgmt 56-199] Attempt to get parsing info during refresh. "On-the-fly" syntax checking information may be incorrect. [C:\Users\270925\Desktop\DE1_Uloha6\digi_safe\digi_safe.srcs\sources_1\new\digi_safe.vhd:]
WARNING: [filemgmt 56-199] Attempt to get parsing info during refresh. "On-the-fly" syntax checking information may be incorrect. [C:\Users\270925\Desktop\DE1_Uloha6\digi_safe\digi_safe.srcs\sim_1\new\debounce_tb.vhd:]
WARNING: [filemgmt 56-199] Attempt to get parsing info during refresh. "On-the-fly" syntax checking information may be incorrect. [C:\Users\270925\Desktop\DE1_Uloha6\digi_safe\digi_safe.srcs\sources_1\imports\DE1\segment\segment.srcs\sources_1\new\bin2seg.vhd:]
WARNING: [filemgmt 56-199] Attempt to get parsing info during refresh. "On-the-fly" syntax checking information may be incorrect. [C:\Users\270925\Desktop\DE1_Uloha6\digi_safe\digi_safe.srcs\sim_1\new\digi_safe_tb.vhd:]
WARNING: [filemgmt 56-199] Attempt to get parsing info during refresh. "On-the-fly" syntax checking information may be incorrect. [C:\Users\270925\Desktop\DE1_Uloha6\digi_safe\digi_safe.srcs\sources_1\imports\new\clk_en.vhd:]
WARNING: [filemgmt 56-199] Attempt to get parsing info during refresh. "On-the-fly" syntax checking information may be incorrect. [C:\Users\270925\Desktop\DE1_Uloha6\digi_safe\digi_safe.srcs\sources_1\imports\DE1\display\display.srcs\sources_1\new\display_driver.vhd:]
WARNING: [filemgmt 56-199] Attempt to get parsing info during refresh. "On-the-fly" syntax checking information may be incorrect. [C:\Users\270925\Desktop\DE1_Uloha6\digi_safe\digi_safe.srcs\sources_1\imports\new\debounce.vhd:]
WARNING: [filemgmt 56-199] Attempt to get parsing info during refresh. "On-the-fly" syntax checking information may be incorrect. [C:\Users\270925\Desktop\DE1_Uloha6\digi_safe\digi_safe.srcs\sources_1\imports\DE1\segment\segment.srcs\sources_1\new\bin2seg.vhd:]
WARNING: [filemgmt 56-199] Attempt to get parsing info during refresh. "On-the-fly" syntax checking information may be incorrect. [C:\Users\270925\Desktop\DE1_Uloha6\digi_safe\digi_safe.srcs\sources_1\imports\DE1\segment\segment.srcs\sources_1\new\bin2seg.vhd:]
WARNING: [filemgmt 56-199] Attempt to get parsing info during refresh. "On-the-fly" syntax checking information may be incorrect. [C:\Users\270925\Desktop\DE1_Uloha6\digi_safe\digi_safe.srcs\sources_1\new\digi_safe.vhd:]
WARNING: [filemgmt 56-199] Attempt to get parsing info during refresh. "On-the-fly" syntax checking information may be incorrect. [C:\Users\270925\Desktop\DE1_Uloha6\digi_safe\digi_safe.srcs\sim_1\new\debounce_tb.vhd:]
WARNING: [filemgmt 56-199] Attempt to get parsing info during refresh. "On-the-fly" syntax checking information may be incorrect. [C:\Users\270925\Desktop\DE1_Uloha6\digi_safe\digi_safe.srcs\sources_1\imports\DE1\segment\segment.srcs\sources_1\new\bin2seg.vhd:]
WARNING: [filemgmt 56-199] Attempt to get parsing info during refresh. "On-the-fly" syntax checking information may be incorrect. [C:\Users\270925\Desktop\DE1_Uloha6\digi_safe\digi_safe.srcs\sim_1\new\digi_safe_tb.vhd:]
WARNING: [filemgmt 56-199] Attempt to get parsing info during refresh. "On-the-fly" syntax checking information may be incorrect. [C:\Users\270925\Desktop\DE1_Uloha6\digi_safe\digi_safe.srcs\sources_1\imports\new\clk_en.vhd:]
WARNING: [filemgmt 56-199] Attempt to get parsing info during refresh. "On-the-fly" syntax checking information may be incorrect. [C:\Users\270925\Desktop\DE1_Uloha6\digi_safe\digi_safe.srcs\sources_1\imports\DE1\display\display.srcs\sources_1\new\display_driver.vhd:]
WARNING: [filemgmt 56-199] Attempt to get parsing info during refresh. "On-the-fly" syntax checking information may be incorrect. [C:\Users\270925\Desktop\DE1_Uloha6\digi_safe\digi_safe.srcs\sources_1\imports\new\debounce.vhd:]
WARNING: [filemgmt 56-199] Attempt to get parsing info during refresh. "On-the-fly" syntax checking information may be incorrect. [C:\Users\270925\Desktop\DE1_Uloha6\digi_safe\digi_safe.srcs\sources_1\imports\DE1\display\display.srcs\sources_1\new\display_driver.vhd:]
WARNING: [filemgmt 56-199] Attempt to get parsing info during refresh. "On-the-fly" syntax checking information may be incorrect. [C:\Users\270925\Desktop\DE1_Uloha6\digi_safe\digi_safe.srcs\sources_1\imports\DE1\display\display.srcs\sources_1\new\display_driver.vhd:]
WARNING: [filemgmt 56-199] Attempt to get parsing info during refresh. "On-the-fly" syntax checking information may be incorrect. [C:\Users\270925\Desktop\DE1_Uloha6\digi_safe\digi_safe.srcs\sources_1\new\digi_safe.vhd:]
WARNING: [filemgmt 56-199] Attempt to get parsing info during refresh. "On-the-fly" syntax checking information may be incorrect. [C:\Users\270925\Desktop\DE1_Uloha6\digi_safe\digi_safe.srcs\sim_1\new\debounce_tb.vhd:]
WARNING: [filemgmt 56-199] Attempt to get parsing info during refresh. "On-the-fly" syntax checking information may be incorrect. [C:\Users\270925\Desktop\DE1_Uloha6\digi_safe\digi_safe.srcs\sources_1\imports\DE1\segment\segment.srcs\sources_1\new\bin2seg.vhd:]
WARNING: [filemgmt 56-199] Attempt to get parsing info during refresh. "On-the-fly" syntax checking information may be incorrect. [C:\Users\270925\Desktop\DE1_Uloha6\digi_safe\digi_safe.srcs\sim_1\new\digi_safe_tb.vhd:]
WARNING: [filemgmt 56-199] Attempt to get parsing info during refresh. "On-the-fly" syntax checking information may be incorrect. [C:\Users\270925\Desktop\DE1_Uloha6\digi_safe\digi_safe.srcs\sources_1\imports\new\clk_en.vhd:]
WARNING: [filemgmt 56-199] Attempt to get parsing info during refresh. "On-the-fly" syntax checking information may be incorrect. [C:\Users\270925\Desktop\DE1_Uloha6\digi_safe\digi_safe.srcs\sources_1\imports\DE1\display\display.srcs\sources_1\new\display_driver.vhd:]
WARNING: [filemgmt 56-199] Attempt to get parsing info during refresh. "On-the-fly" syntax checking information may be incorrect. [C:\Users\270925\Desktop\DE1_Uloha6\digi_safe\digi_safe.srcs\sources_1\imports\new\debounce.vhd:]
WARNING: [filemgmt 56-199] Attempt to get parsing info during refresh. "On-the-fly" syntax checking information may be incorrect. [C:\Users\270925\Desktop\DE1_Uloha6\digi_safe\digi_safe.srcs\sources_1\imports\new\debounce.vhd:]
WARNING: [filemgmt 56-199] Attempt to get parsing info during refresh. "On-the-fly" syntax checking information may be incorrect. [C:\Users\270925\Desktop\DE1_Uloha6\digi_safe\digi_safe.srcs\sources_1\imports\new\debounce.vhd:]
WARNING: [filemgmt 56-199] Attempt to get parsing info during refresh. "On-the-fly" syntax checking information may be incorrect. [C:\Users\270925\Desktop\DE1_Uloha6\digi_safe\digi_safe.srcs\sources_1\new\digi_safe.vhd:]
WARNING: [filemgmt 56-199] Attempt to get parsing info during refresh. "On-the-fly" syntax checking information may be incorrect. [C:\Users\270925\Desktop\DE1_Uloha6\digi_safe\digi_safe.srcs\sim_1\new\debounce_tb.vhd:]
WARNING: [filemgmt 56-199] Attempt to get parsing info during refresh. "On-the-fly" syntax checking information may be incorrect. [C:\Users\270925\Desktop\DE1_Uloha6\digi_safe\digi_safe.srcs\sources_1\imports\DE1\segment\segment.srcs\sources_1\new\bin2seg.vhd:]
WARNING: [filemgmt 56-199] Attempt to get parsing info during refresh. "On-the-fly" syntax checking information may be incorrect. [C:\Users\270925\Desktop\DE1_Uloha6\digi_safe\digi_safe.srcs\sim_1\new\digi_safe_tb.vhd:]
WARNING: [filemgmt 56-199] Attempt to get parsing info during refresh. "On-the-fly" syntax checking information may be incorrect. [C:\Users\270925\Desktop\DE1_Uloha6\digi_safe\digi_safe.srcs\sources_1\imports\new\clk_en.vhd:]
WARNING: [filemgmt 56-199] Attempt to get parsing info during refresh. "On-the-fly" syntax checking information may be incorrect. [C:\Users\270925\Desktop\DE1_Uloha6\digi_safe\digi_safe.srcs\sources_1\imports\DE1\display\display.srcs\sources_1\new\display_driver.vhd:]
WARNING: [filemgmt 56-199] Attempt to get parsing info during refresh. "On-the-fly" syntax checking information may be incorrect. [C:\Users\270925\Desktop\DE1_Uloha6\digi_safe\digi_safe.srcs\sources_1\imports\new\debounce.vhd:]
WARNING: [filemgmt 56-199] Attempt to get parsing info during refresh. "On-the-fly" syntax checking information may be incorrect. [C:\Users\270925\Desktop\DE1_Uloha6\digi_safe\digi_safe.srcs\sources_1\imports\new\clk_en.vhd:]
WARNING: [filemgmt 56-199] Attempt to get parsing info during refresh. "On-the-fly" syntax checking information may be incorrect. [C:\Users\270925\Desktop\DE1_Uloha6\digi_safe\digi_safe.srcs\sources_1\imports\new\clk_en.vhd:]
ERROR: [Common 17-180] Spawn failed: The operation completed successfully.

WARNING: [filemgmt 56-199] Attempt to get parsing info during refresh. "On-the-fly" syntax checking information may be incorrect. [C:\Users\270925\Desktop\DE1_Uloha6\digi_safe\digi_safe.srcs\sources_1\new\digi_safe.vhd:]
WARNING: [filemgmt 56-199] Attempt to get parsing info during refresh. "On-the-fly" syntax checking information may be incorrect. [C:\Users\270925\Desktop\DE1_Uloha6\digi_safe\digi_safe.srcs\sim_1\new\debounce_tb.vhd:]
WARNING: [filemgmt 56-199] Attempt to get parsing info during refresh. "On-the-fly" syntax checking information may be incorrect. [C:\Users\270925\Desktop\DE1_Uloha6\digi_safe\digi_safe.srcs\sources_1\imports\DE1\segment\segment.srcs\sources_1\new\bin2seg.vhd:]
WARNING: [filemgmt 56-199] Attempt to get parsing info during refresh. "On-the-fly" syntax checking information may be incorrect. [C:\Users\270925\Desktop\DE1_Uloha6\digi_safe\digi_safe.srcs\sim_1\new\digi_safe_tb.vhd:]
WARNING: [filemgmt 56-199] Attempt to get parsing info during refresh. "On-the-fly" syntax checking information may be incorrect. [C:\Users\270925\Desktop\DE1_Uloha6\digi_safe\digi_safe.srcs\sources_1\imports\new\clk_en.vhd:]
WARNING: [filemgmt 56-199] Attempt to get parsing info during refresh. "On-the-fly" syntax checking information may be incorrect. [C:\Users\270925\Desktop\DE1_Uloha6\digi_safe\digi_safe.srcs\sources_1\imports\DE1\display\display.srcs\sources_1\new\display_driver.vhd:]
WARNING: [filemgmt 56-199] Attempt to get parsing info during refresh. "On-the-fly" syntax checking information may be incorrect. [C:\Users\270925\Desktop\DE1_Uloha6\digi_safe\digi_safe.srcs\sources_1\imports\new\debounce.vhd:]
WARNING: [filemgmt 56-199] Attempt to get parsing info during refresh. "On-the-fly" syntax checking information may be incorrect. [C:\Users\270925\Desktop\DE1_Uloha6\digi_safe\digi_safe.srcs\sim_1\new\digi_safe_tb.vhd:]
WARNING: [filemgmt 56-199] Attempt to get parsing info during refresh. "On-the-fly" syntax checking information may be incorrect. [C:\Users\270925\Desktop\DE1_Uloha6\digi_safe\digi_safe.srcs\sim_1\new\digi_safe_tb.vhd:]
update_compile_order -fileset sim_1
WARNING: [filemgmt 56-199] Attempt to get parsing info during refresh. "On-the-fly" syntax checking information may be incorrect. [C:\Users\270925\Desktop\DE1_Uloha6\digi_safe\digi_safe.srcs\sources_1\new\digi_safe.vhd:]
WARNING: [filemgmt 56-199] Attempt to get parsing info during refresh. "On-the-fly" syntax checking information may be incorrect. [C:\Users\270925\Desktop\DE1_Uloha6\digi_safe\digi_safe.srcs\sim_1\new\debounce_tb.vhd:]
WARNING: [filemgmt 56-199] Attempt to get parsing info during refresh. "On-the-fly" syntax checking information may be incorrect. [C:\Users\270925\Desktop\DE1_Uloha6\digi_safe\digi_safe.srcs\sources_1\imports\DE1\segment\segment.srcs\sources_1\new\bin2seg.vhd:]
WARNING: [filemgmt 56-199] Attempt to get parsing info during refresh. "On-the-fly" syntax checking information may be incorrect. [C:\Users\270925\Desktop\DE1_Uloha6\digi_safe\digi_safe.srcs\sim_1\new\digi_safe_tb.vhd:]
WARNING: [filemgmt 56-199] Attempt to get parsing info during refresh. "On-the-fly" syntax checking information may be incorrect. [C:\Users\270925\Desktop\DE1_Uloha6\digi_safe\digi_safe.srcs\sources_1\imports\new\clk_en.vhd:]
WARNING: [filemgmt 56-199] Attempt to get parsing info during refresh. "On-the-fly" syntax checking information may be incorrect. [C:\Users\270925\Desktop\DE1_Uloha6\digi_safe\digi_safe.srcs\sources_1\imports\DE1\display\display.srcs\sources_1\new\display_driver.vhd:]
WARNING: [filemgmt 56-199] Attempt to get parsing info during refresh. "On-the-fly" syntax checking information may be incorrect. [C:\Users\270925\Desktop\DE1_Uloha6\digi_safe\digi_safe.srcs\sources_1\imports\new\debounce.vhd:]
WARNING: [filemgmt 56-199] Attempt to get parsing info during refresh. "On-the-fly" syntax checking information may be incorrect. [C:\Users\270925\Desktop\DE1_Uloha6\digi_safe\digi_safe.srcs\sources_1\imports\DE1\display\display.srcs\sources_1\new\display_driver.vhd:]
WARNING: [filemgmt 56-199] Attempt to get parsing info during refresh. "On-the-fly" syntax checking information may be incorrect. [C:\Users\270925\Desktop\DE1_Uloha6\digi_safe\digi_safe.srcs\sources_1\imports\DE1\display\display.srcs\sources_1\new\display_driver.vhd:]
WARNING: [filemgmt 56-199] Attempt to get parsing info during refresh. "On-the-fly" syntax checking information may be incorrect. [C:\Users\270925\Desktop\DE1_Uloha6\digi_safe\digi_safe.srcs\sources_1\new\digi_safe.vhd:]
WARNING: [filemgmt 56-199] Attempt to get parsing info during refresh. "On-the-fly" syntax checking information may be incorrect. [C:\Users\270925\Desktop\DE1_Uloha6\digi_safe\digi_safe.srcs\sim_1\new\debounce_tb.vhd:]
WARNING: [filemgmt 56-199] Attempt to get parsing info during refresh. "On-the-fly" syntax checking information may be incorrect. [C:\Users\270925\Desktop\DE1_Uloha6\digi_safe\digi_safe.srcs\sources_1\imports\DE1\segment\segment.srcs\sources_1\new\bin2seg.vhd:]
WARNING: [filemgmt 56-199] Attempt to get parsing info during refresh. "On-the-fly" syntax checking information may be incorrect. [C:\Users\270925\Desktop\DE1_Uloha6\digi_safe\digi_safe.srcs\sim_1\new\digi_safe_tb.vhd:]
WARNING: [filemgmt 56-199] Attempt to get parsing info during refresh. "On-the-fly" syntax checking information may be incorrect. [C:\Users\270925\Desktop\DE1_Uloha6\digi_safe\digi_safe.srcs\sources_1\imports\new\clk_en.vhd:]
WARNING: [filemgmt 56-199] Attempt to get parsing info during refresh. "On-the-fly" syntax checking information may be incorrect. [C:\Users\270925\Desktop\DE1_Uloha6\digi_safe\digi_safe.srcs\sources_1\imports\DE1\display\display.srcs\sources_1\new\display_driver.vhd:]
WARNING: [filemgmt 56-199] Attempt to get parsing info during refresh. "On-the-fly" syntax checking information may be incorrect. [C:\Users\270925\Desktop\DE1_Uloha6\digi_safe\digi_safe.srcs\sources_1\imports\new\debounce.vhd:]
WARNING: [filemgmt 56-199] Attempt to get parsing info during refresh. "On-the-fly" syntax checking information may be incorrect. [C:\Users\270925\Desktop\DE1_Uloha6\digi_safe\digi_safe.srcs\sources_1\imports\DE1\segment\segment.srcs\sources_1\new\bin2seg.vhd:]
WARNING: [filemgmt 56-199] Attempt to get parsing info during refresh. "On-the-fly" syntax checking information may be incorrect. [C:\Users\270925\Desktop\DE1_Uloha6\digi_safe\digi_safe.srcs\sources_1\imports\DE1\segment\segment.srcs\sources_1\new\bin2seg.vhd:]
WARNING: [filemgmt 56-199] Attempt to get parsing info during refresh. "On-the-fly" syntax checking information may be incorrect. [C:\Users\270925\Desktop\DE1_Uloha6\digi_safe\digi_safe.srcs\sources_1\new\digi_safe.vhd:]
WARNING: [filemgmt 56-199] Attempt to get parsing info during refresh. "On-the-fly" syntax checking information may be incorrect. [C:\Users\270925\Desktop\DE1_Uloha6\digi_safe\digi_safe.srcs\sim_1\new\debounce_tb.vhd:]
WARNING: [filemgmt 56-199] Attempt to get parsing info during refresh. "On-the-fly" syntax checking information may be incorrect. [C:\Users\270925\Desktop\DE1_Uloha6\digi_safe\digi_safe.srcs\sources_1\imports\DE1\segment\segment.srcs\sources_1\new\bin2seg.vhd:]
WARNING: [filemgmt 56-199] Attempt to get parsing info during refresh. "On-the-fly" syntax checking information may be incorrect. [C:\Users\270925\Desktop\DE1_Uloha6\digi_safe\digi_safe.srcs\sim_1\new\digi_safe_tb.vhd:]
WARNING: [filemgmt 56-199] Attempt to get parsing info during refresh. "On-the-fly" syntax checking information may be incorrect. [C:\Users\270925\Desktop\DE1_Uloha6\digi_safe\digi_safe.srcs\sources_1\imports\new\clk_en.vhd:]
WARNING: [filemgmt 56-199] Attempt to get parsing info during refresh. "On-the-fly" syntax checking information may be incorrect. [C:\Users\270925\Desktop\DE1_Uloha6\digi_safe\digi_safe.srcs\sources_1\imports\DE1\display\display.srcs\sources_1\new\display_driver.vhd:]
WARNING: [filemgmt 56-199] Attempt to get parsing info during refresh. "On-the-fly" syntax checking information may be incorrect. [C:\Users\270925\Desktop\DE1_Uloha6\digi_safe\digi_safe.srcs\sources_1\imports\new\debounce.vhd:]
WARNING: [filemgmt 56-199] Attempt to get parsing info during refresh. "On-the-fly" syntax checking information may be incorrect. [C:\Users\270925\Desktop\DE1_Uloha6\digi_safe\digi_safe.srcs\sim_1\new\digi_safe_tb.vhd:]
WARNING: [filemgmt 56-199] Attempt to get parsing info during refresh. "On-the-fly" syntax checking information may be incorrect. [C:\Users\270925\Desktop\DE1_Uloha6\digi_safe\digi_safe.srcs\sim_1\new\digi_safe_tb.vhd:]
WARNING: [filemgmt 56-199] Attempt to get parsing info during refresh. "On-the-fly" syntax checking information may be incorrect. [C:\Users\270925\Desktop\DE1_Uloha6\digi_safe\digi_safe.srcs\sources_1\new\digi_safe.vhd:]
WARNING: [filemgmt 56-199] Attempt to get parsing info during refresh. "On-the-fly" syntax checking information may be incorrect. [C:\Users\270925\Desktop\DE1_Uloha6\digi_safe\digi_safe.srcs\sim_1\new\debounce_tb.vhd:]
WARNING: [filemgmt 56-199] Attempt to get parsing info during refresh. "On-the-fly" syntax checking information may be incorrect. [C:\Users\270925\Desktop\DE1_Uloha6\digi_safe\digi_safe.srcs\sources_1\imports\DE1\segment\segment.srcs\sources_1\new\bin2seg.vhd:]
WARNING: [filemgmt 56-199] Attempt to get parsing info during refresh. "On-the-fly" syntax checking information may be incorrect. [C:\Users\270925\Desktop\DE1_Uloha6\digi_safe\digi_safe.srcs\sim_1\new\digi_safe_tb.vhd:]
WARNING: [filemgmt 56-199] Attempt to get parsing info during refresh. "On-the-fly" syntax checking information may be incorrect. [C:\Users\270925\Desktop\DE1_Uloha6\digi_safe\digi_safe.srcs\sources_1\imports\new\clk_en.vhd:]
WARNING: [filemgmt 56-199] Attempt to get parsing info during refresh. "On-the-fly" syntax checking information may be incorrect. [C:\Users\270925\Desktop\DE1_Uloha6\digi_safe\digi_safe.srcs\sources_1\imports\DE1\display\display.srcs\sources_1\new\display_driver.vhd:]
WARNING: [filemgmt 56-199] Attempt to get parsing info during refresh. "On-the-fly" syntax checking information may be incorrect. [C:\Users\270925\Desktop\DE1_Uloha6\digi_safe\digi_safe.srcs\sources_1\imports\new\debounce.vhd:]
WARNING: [filemgmt 56-199] Attempt to get parsing info during refresh. "On-the-fly" syntax checking information may be incorrect. [C:\Users\270925\Desktop\DE1_Uloha6\digi_safe\digi_safe.srcs\sources_1\imports\new\clk_en.vhd:]
WARNING: [filemgmt 56-199] Attempt to get parsing info during refresh. "On-the-fly" syntax checking information may be incorrect. [C:\Users\270925\Desktop\DE1_Uloha6\digi_safe\digi_safe.srcs\sources_1\imports\new\clk_en.vhd:]
WARNING: [filemgmt 56-199] Attempt to get parsing info during refresh. "On-the-fly" syntax checking information may be incorrect. [C:\Users\270925\Desktop\DE1_Uloha6\digi_safe\digi_safe.srcs\sources_1\new\digi_safe.vhd:]
WARNING: [filemgmt 56-199] Attempt to get parsing info during refresh. "On-the-fly" syntax checking information may be incorrect. [C:\Users\270925\Desktop\DE1_Uloha6\digi_safe\digi_safe.srcs\sim_1\new\debounce_tb.vhd:]
WARNING: [filemgmt 56-199] Attempt to get parsing info during refresh. "On-the-fly" syntax checking information may be incorrect. [C:\Users\270925\Desktop\DE1_Uloha6\digi_safe\digi_safe.srcs\sources_1\imports\DE1\segment\segment.srcs\sources_1\new\bin2seg.vhd:]
WARNING: [filemgmt 56-199] Attempt to get parsing info during refresh. "On-the-fly" syntax checking information may be incorrect. [C:\Users\270925\Desktop\DE1_Uloha6\digi_safe\digi_safe.srcs\sim_1\new\digi_safe_tb.vhd:]
WARNING: [filemgmt 56-199] Attempt to get parsing info during refresh. "On-the-fly" syntax checking information may be incorrect. [C:\Users\270925\Desktop\DE1_Uloha6\digi_safe\digi_safe.srcs\sources_1\imports\new\clk_en.vhd:]
WARNING: [filemgmt 56-199] Attempt to get parsing info during refresh. "On-the-fly" syntax checking information may be incorrect. [C:\Users\270925\Desktop\DE1_Uloha6\digi_safe\digi_safe.srcs\sources_1\imports\DE1\display\display.srcs\sources_1\new\display_driver.vhd:]
WARNING: [filemgmt 56-199] Attempt to get parsing info during refresh. "On-the-fly" syntax checking information may be incorrect. [C:\Users\270925\Desktop\DE1_Uloha6\digi_safe\digi_safe.srcs\sources_1\imports\new\debounce.vhd:]
WARNING: [filemgmt 56-199] Attempt to get parsing info during refresh. "On-the-fly" syntax checking information may be incorrect. [C:\Users\270925\Desktop\DE1_Uloha6\digi_safe\digi_safe.srcs\sources_1\new\digi_safe.vhd:]
WARNING: [filemgmt 56-199] Attempt to get parsing info during refresh. "On-the-fly" syntax checking information may be incorrect. [C:\Users\270925\Desktop\DE1_Uloha6\digi_safe\digi_safe.srcs\sources_1\new\digi_safe.vhd:]
WARNING: [filemgmt 56-199] Attempt to get parsing info during refresh. "On-the-fly" syntax checking information may be incorrect. [C:\Users\270925\Desktop\DE1_Uloha6\digi_safe\digi_safe.srcs\sources_1\new\digi_safe.vhd:]
WARNING: [filemgmt 56-199] Attempt to get parsing info during refresh. "On-the-fly" syntax checking information may be incorrect. [C:\Users\270925\Desktop\DE1_Uloha6\digi_safe\digi_safe.srcs\sim_1\new\debounce_tb.vhd:]
WARNING: [filemgmt 56-199] Attempt to get parsing info during refresh. "On-the-fly" syntax checking information may be incorrect. [C:\Users\270925\Desktop\DE1_Uloha6\digi_safe\digi_safe.srcs\sources_1\imports\DE1\segment\segment.srcs\sources_1\new\bin2seg.vhd:]
WARNING: [filemgmt 56-199] Attempt to get parsing info during refresh. "On-the-fly" syntax checking information may be incorrect. [C:\Users\270925\Desktop\DE1_Uloha6\digi_safe\digi_safe.srcs\sim_1\new\digi_safe_tb.vhd:]
WARNING: [filemgmt 56-199] Attempt to get parsing info during refresh. "On-the-fly" syntax checking information may be incorrect. [C:\Users\270925\Desktop\DE1_Uloha6\digi_safe\digi_safe.srcs\sources_1\imports\new\clk_en.vhd:]
WARNING: [filemgmt 56-199] Attempt to get parsing info during refresh. "On-the-fly" syntax checking information may be incorrect. [C:\Users\270925\Desktop\DE1_Uloha6\digi_safe\digi_safe.srcs\sources_1\imports\DE1\display\display.srcs\sources_1\new\display_driver.vhd:]
WARNING: [filemgmt 56-199] Attempt to get parsing info during refresh. "On-the-fly" syntax checking information may be incorrect. [C:\Users\270925\Desktop\DE1_Uloha6\digi_safe\digi_safe.srcs\sources_1\imports\new\debounce.vhd:]
WARNING: [filemgmt 56-199] Attempt to get parsing info during refresh. "On-the-fly" syntax checking information may be incorrect. [C:\Users\270925\Desktop\DE1_Uloha6\digi_safe\digi_safe.srcs\sim_1\new\debounce_tb.vhd:]
WARNING: [filemgmt 56-199] Attempt to get parsing info during refresh. "On-the-fly" syntax checking information may be incorrect. [C:\Users\270925\Desktop\DE1_Uloha6\digi_safe\digi_safe.srcs\sim_1\new\debounce_tb.vhd:]
launch_simulation
Command: launch_simulation 
INFO: [Vivado 12-25911] Executing simulation for 'XSim' simulator
INFO: [Vivado 12-28535] Process started - Wed Apr 22 17:05:14 2026

INFO: [Vivado 12-12493] Simulation top is 'cfg_tb_debounce'
INFO: [Vivado 12-5682] Launching behavioral simulation in 'C:/Users/270925/Desktop/DE1_Uloha6/digi_safe/digi_safe.sim/sim_1/behav/xsim'
INFO: [SIM-utils-51] Simulation object is 'sim_1'
INFO: [SIM-utils-72] Using boost library from 'C:/Appz/AMDDesignTools/2025.2/Vivado/tps/boost_1_72_0'
INFO: [SIM-utils-54] Inspecting design source files for 'cfg_tb_debounce' in fileset 'sim_1'...
INFO: [USF-XSim-97] Finding global include files...
INFO: [USF-XSim-98] Fetching design files from 'sim_1'...
INFO: [USF-XSim-2] XSim::Compile design
INFO: [USF-XSim-61] Executing 'COMPILE and ANALYZE' step in 'C:/Users/270925/Desktop/DE1_Uloha6/digi_safe/digi_safe.sim/sim_1/behav/xsim'
"xvhdl --incr --relax -prj cfg_tb_debounce_vhdl.prj"
INFO: [VRFC 10-163] Analyzing VHDL file "C:/Users/270925/Desktop/DE1_Uloha6/digi_safe/digi_safe.srcs/sim_1/new/debounce_tb.vhd" into library xil_defaultlib
INFO: [VRFC 10-3107] analyzing entity 'tb_debounce'
INFO: [USF-XSim-69] 'compile' step finished in '1' seconds
INFO: [USF-XSim-3] XSim::Elaborate design
INFO: [USF-XSim-61] Executing 'ELABORATE' step in 'C:/Users/270925/Desktop/DE1_Uloha6/digi_safe/digi_safe.sim/sim_1/behav/xsim'
"xelab --incr --debug typical --relax --mt 2 -L xil_defaultlib -L secureip --snapshot cfg_tb_debounce_behav xil_defaultlib.cfg_tb_debounce -log elaborate.log"
Vivado Simulator v2025.2
Copyright 1986-2022 Xilinx, Inc. All Rights Reserved.
Copyright 2022-2025 Advanced Micro Devices, Inc. All Rights Reserved.
Running: C:/Appz/AMDDesignTools/2025.2/Vivado/bin/unwrapped/win64.o/xelab.exe --incr --debug typical --relax --mt 2 -L xil_defaultlib -L secureip --snapshot cfg_tb_debounce_behav xil_defaultlib.cfg_tb_debounce -log elaborate.log 
Using 2 slave threads.
Starting static elaboration
Completed static elaboration
Starting simulation data flow analysis
Completed simulation data flow analysis
Time Resolution for simulation is 1ps
Compiling package std.standard
Compiling package std.textio
Compiling package ieee.std_logic_1164
Compiling architecture behavioral of entity xil_defaultlib.clk_en [\clk_en(g_max=200000)\]
Compiling architecture behavioral of entity xil_defaultlib.debounce [debounce_default]
Compiling architecture tb of entity xil_defaultlib.tb_debounce [tb_debounce_cfg_tb_debounce]
Built simulation snapshot cfg_tb_debounce_behav
INFO: [USF-XSim-69] 'elaborate' step finished in '1' seconds
INFO: [USF-XSim-4] XSim::Simulate design
INFO: [USF-XSim-61] Executing 'SIMULATE' step in 'C:/Users/270925/Desktop/DE1_Uloha6/digi_safe/digi_safe.sim/sim_1/behav/xsim'
INFO: [USF-XSim-98] *** Running xsim
   with args "cfg_tb_debounce_behav -key {Behavioral:sim_1:Functional:cfg_tb_debounce} -tclbatch {cfg_tb_debounce.tcl} -log {simulate.log}"
INFO: [USF-XSim-8] Loading simulator feature
Time resolution is 1 ps
source cfg_tb_debounce.tcl
# set curr_wave [current_wave_config]
# if { [string length $curr_wave] == 0 } {
#   if { [llength [get_objects]] > 0} {
#     add_wave /
#     set_property needs_save false [current_wave_config]
#   } else {
#      send_msg_id Add_Wave-1 WARNING "No top level signals found. Simulator will start without a wave window. If you want to open a wave window go to 'File->New Waveform Configuration' or type 'create_wave_config' in the TCL console."
#   }
# }
# run 1000ns
INFO: [USF-XSim-96] XSim completed. Design snapshot 'cfg_tb_debounce_behav' loaded.
INFO: [USF-XSim-97] XSim simulation ran for 1000ns
launch_simulation: Time (s): cpu = 00:00:03 ; elapsed = 00:00:05 . Memory (MB): peak = 3479.426 ; gain = 0.000
close_sim
INFO: [Simtcl 6-16] Simulation closed
set_property SOURCE_SET sources_1 [get_filesets sim_1]
close [ open C:/Users/270925/Desktop/DE1_Uloha6/digi_safe/digi_safe.srcs/sim_1/new/safe_control_logic_tb.vhd w ]
add_files -fileset sim_1 C:/Users/270925/Desktop/DE1_Uloha6/digi_safe/digi_safe.srcs/sim_1/new/safe_control_logic_tb.vhd
WARNING: [filemgmt 56-199] Attempt to get parsing info during refresh. "On-the-fly" syntax checking information may be incorrect. [C:\Users\270925\Desktop\DE1_Uloha6\digi_safe\digi_safe.srcs\sources_1\new\digi_safe.vhd:]
WARNING: [filemgmt 56-199] Attempt to get parsing info during refresh. "On-the-fly" syntax checking information may be incorrect. [C:\Users\270925\Desktop\DE1_Uloha6\digi_safe\digi_safe.srcs\sim_1\new\debounce_tb.vhd:]
WARNING: [filemgmt 56-199] Attempt to get parsing info during refresh. "On-the-fly" syntax checking information may be incorrect. [C:\Users\270925\Desktop\DE1_Uloha6\digi_safe\digi_safe.srcs\sources_1\imports\DE1\segment\segment.srcs\sources_1\new\bin2seg.vhd:]
WARNING: [filemgmt 56-199] Attempt to get parsing info during refresh. "On-the-fly" syntax checking information may be incorrect. [C:\Users\270925\Desktop\DE1_Uloha6\digi_safe\digi_safe.srcs\sim_1\new\digi_safe_tb.vhd:]
WARNING: [filemgmt 56-199] Attempt to get parsing info during refresh. "On-the-fly" syntax checking information may be incorrect. [C:\Users\270925\Desktop\DE1_Uloha6\digi_safe\digi_safe.srcs\sources_1\imports\new\clk_en.vhd:]
WARNING: [filemgmt 56-199] Attempt to get parsing info during refresh. "On-the-fly" syntax checking information may be incorrect. [C:\Users\270925\Desktop\DE1_Uloha6\digi_safe\digi_safe.srcs\sources_1\imports\DE1\display\display.srcs\sources_1\new\display_driver.vhd:]
WARNING: [filemgmt 56-199] Attempt to get parsing info during refresh. "On-the-fly" syntax checking information may be incorrect. [C:\Users\270925\Desktop\DE1_Uloha6\digi_safe\digi_safe.srcs\sources_1\imports\new\debounce.vhd:]
WARNING: [filemgmt 56-199] Attempt to get parsing info during refresh. "On-the-fly" syntax checking information may be incorrect. [C:\Users\270925\Desktop\DE1_Uloha6\digi_safe\digi_safe.srcs\sources_1\new\digi_safe.vhd:]
WARNING: [filemgmt 56-199] Attempt to get parsing info during refresh. "On-the-fly" syntax checking information may be incorrect. [C:\Users\270925\Desktop\DE1_Uloha6\digi_safe\digi_safe.srcs\sources_1\new\digi_safe.vhd:]
WARNING: [filemgmt 56-199] Attempt to get parsing info during refresh. "On-the-fly" syntax checking information may be incorrect. [C:\Users\270925\Desktop\DE1_Uloha6\digi_safe\digi_safe.srcs\sources_1\new\digi_safe.vhd:]
WARNING: [filemgmt 56-199] Attempt to get parsing info during refresh. "On-the-fly" syntax checking information may be incorrect. [C:\Users\270925\Desktop\DE1_Uloha6\digi_safe\digi_safe.srcs\sim_1\new\debounce_tb.vhd:]
WARNING: [filemgmt 56-199] Attempt to get parsing info during refresh. "On-the-fly" syntax checking information may be incorrect. [C:\Users\270925\Desktop\DE1_Uloha6\digi_safe\digi_safe.srcs\sources_1\imports\DE1\segment\segment.srcs\sources_1\new\bin2seg.vhd:]
WARNING: [filemgmt 56-199] Attempt to get parsing info during refresh. "On-the-fly" syntax checking information may be incorrect. [C:\Users\270925\Desktop\DE1_Uloha6\digi_safe\digi_safe.srcs\sim_1\new\digi_safe_tb.vhd:]
WARNING: [filemgmt 56-199] Attempt to get parsing info during refresh. "On-the-fly" syntax checking information may be incorrect. [C:\Users\270925\Desktop\DE1_Uloha6\digi_safe\digi_safe.srcs\sources_1\imports\new\clk_en.vhd:]
WARNING: [filemgmt 56-199] Attempt to get parsing info during refresh. "On-the-fly" syntax checking information may be incorrect. [C:\Users\270925\Desktop\DE1_Uloha6\digi_safe\digi_safe.srcs\sources_1\imports\DE1\display\display.srcs\sources_1\new\display_driver.vhd:]
WARNING: [filemgmt 56-199] Attempt to get parsing info during refresh. "On-the-fly" syntax checking information may be incorrect. [C:\Users\270925\Desktop\DE1_Uloha6\digi_safe\digi_safe.srcs\sources_1\imports\new\debounce.vhd:]
WARNING: [filemgmt 56-199] Attempt to get parsing info during refresh. "On-the-fly" syntax checking information may be incorrect. [C:\Users\270925\Desktop\DE1_Uloha6\digi_safe\digi_safe.srcs\sources_1\imports\DE1\display\display.srcs\sources_1\new\display_driver.vhd:]
WARNING: [filemgmt 56-199] Attempt to get parsing info during refresh. "On-the-fly" syntax checking information may be incorrect. [C:\Users\270925\Desktop\DE1_Uloha6\digi_safe\digi_safe.srcs\sources_1\imports\DE1\display\display.srcs\sources_1\new\display_driver.vhd:]
WARNING: [filemgmt 56-199] Attempt to get parsing info during refresh. "On-the-fly" syntax checking information may be incorrect. [C:\Users\270925\Desktop\DE1_Uloha6\digi_safe\digi_safe.srcs\sources_1\new\digi_safe.vhd:]
WARNING: [filemgmt 56-199] Attempt to get parsing info during refresh. "On-the-fly" syntax checking information may be incorrect. [C:\Users\270925\Desktop\DE1_Uloha6\digi_safe\digi_safe.srcs\sim_1\new\debounce_tb.vhd:]
WARNING: [filemgmt 56-199] Attempt to get parsing info during refresh. "On-the-fly" syntax checking information may be incorrect. [C:\Users\270925\Desktop\DE1_Uloha6\digi_safe\digi_safe.srcs\sources_1\imports\DE1\segment\segment.srcs\sources_1\new\bin2seg.vhd:]
WARNING: [filemgmt 56-199] Attempt to get parsing info during refresh. "On-the-fly" syntax checking information may be incorrect. [C:\Users\270925\Desktop\DE1_Uloha6\digi_safe\digi_safe.srcs\sim_1\new\digi_safe_tb.vhd:]
WARNING: [filemgmt 56-199] Attempt to get parsing info during refresh. "On-the-fly" syntax checking information may be incorrect. [C:\Users\270925\Desktop\DE1_Uloha6\digi_safe\digi_safe.srcs\sources_1\imports\new\clk_en.vhd:]
WARNING: [filemgmt 56-199] Attempt to get parsing info during refresh. "On-the-fly" syntax checking information may be incorrect. [C:\Users\270925\Desktop\DE1_Uloha6\digi_safe\digi_safe.srcs\sources_1\imports\DE1\display\display.srcs\sources_1\new\display_driver.vhd:]
WARNING: [filemgmt 56-199] Attempt to get parsing info during refresh. "On-the-fly" syntax checking information may be incorrect. [C:\Users\270925\Desktop\DE1_Uloha6\digi_safe\digi_safe.srcs\sources_1\imports\new\debounce.vhd:]
WARNING: [filemgmt 56-199] Attempt to get parsing info during refresh. "On-the-fly" syntax checking information may be incorrect. [C:\Users\270925\Desktop\DE1_Uloha6\digi_safe\digi_safe.srcs\sources_1\imports\DE1\segment\segment.srcs\sources_1\new\bin2seg.vhd:]
WARNING: [filemgmt 56-199] Attempt to get parsing info during refresh. "On-the-fly" syntax checking information may be incorrect. [C:\Users\270925\Desktop\DE1_Uloha6\digi_safe\digi_safe.srcs\sources_1\imports\DE1\segment\segment.srcs\sources_1\new\bin2seg.vhd:]
WARNING: [filemgmt 56-199] Attempt to get parsing info during refresh. "On-the-fly" syntax checking information may be incorrect. [C:\Users\270925\Desktop\DE1_Uloha6\digi_safe\digi_safe.srcs\sources_1\new\digi_safe.vhd:]
WARNING: [filemgmt 56-199] Attempt to get parsing info during refresh. "On-the-fly" syntax checking information may be incorrect. [C:\Users\270925\Desktop\DE1_Uloha6\digi_safe\digi_safe.srcs\sim_1\new\debounce_tb.vhd:]
WARNING: [filemgmt 56-199] Attempt to get parsing info during refresh. "On-the-fly" syntax checking information may be incorrect. [C:\Users\270925\Desktop\DE1_Uloha6\digi_safe\digi_safe.srcs\sources_1\imports\DE1\segment\segment.srcs\sources_1\new\bin2seg.vhd:]
WARNING: [filemgmt 56-199] Attempt to get parsing info during refresh. "On-the-fly" syntax checking information may be incorrect. [C:\Users\270925\Desktop\DE1_Uloha6\digi_safe\digi_safe.srcs\sim_1\new\digi_safe_tb.vhd:]
WARNING: [filemgmt 56-199] Attempt to get parsing info during refresh. "On-the-fly" syntax checking information may be incorrect. [C:\Users\270925\Desktop\DE1_Uloha6\digi_safe\digi_safe.srcs\sources_1\imports\new\clk_en.vhd:]
WARNING: [filemgmt 56-199] Attempt to get parsing info during refresh. "On-the-fly" syntax checking information may be incorrect. [C:\Users\270925\Desktop\DE1_Uloha6\digi_safe\digi_safe.srcs\sources_1\imports\DE1\display\display.srcs\sources_1\new\display_driver.vhd:]
WARNING: [filemgmt 56-199] Attempt to get parsing info during refresh. "On-the-fly" syntax checking information may be incorrect. [C:\Users\270925\Desktop\DE1_Uloha6\digi_safe\digi_safe.srcs\sources_1\imports\new\debounce.vhd:]
WARNING: [filemgmt 56-199] Attempt to get parsing info during refresh. "On-the-fly" syntax checking information may be incorrect. [C:\Users\270925\Desktop\DE1_Uloha6\digi_safe\digi_safe.srcs\sim_1\new\digi_safe_tb.vhd:]
WARNING: [filemgmt 56-199] Attempt to get parsing info during refresh. "On-the-fly" syntax checking information may be incorrect. [C:\Users\270925\Desktop\DE1_Uloha6\digi_safe\digi_safe.srcs\sim_1\new\digi_safe_tb.vhd:]
WARNING: [filemgmt 56-199] Attempt to get parsing info during refresh. "On-the-fly" syntax checking information may be incorrect. [C:\Users\270925\Desktop\DE1_Uloha6\digi_safe\digi_safe.srcs\sources_1\new\digi_safe.vhd:]
WARNING: [filemgmt 56-199] Attempt to get parsing info during refresh. "On-the-fly" syntax checking information may be incorrect. [C:\Users\270925\Desktop\DE1_Uloha6\digi_safe\digi_safe.srcs\sim_1\new\debounce_tb.vhd:]
WARNING: [filemgmt 56-199] Attempt to get parsing info during refresh. "On-the-fly" syntax checking information may be incorrect. [C:\Users\270925\Desktop\DE1_Uloha6\digi_safe\digi_safe.srcs\sources_1\imports\DE1\segment\segment.srcs\sources_1\new\bin2seg.vhd:]
WARNING: [filemgmt 56-199] Attempt to get parsing info during refresh. "On-the-fly" syntax checking information may be incorrect. [C:\Users\270925\Desktop\DE1_Uloha6\digi_safe\digi_safe.srcs\sim_1\new\digi_safe_tb.vhd:]
WARNING: [filemgmt 56-199] Attempt to get parsing info during refresh. "On-the-fly" syntax checking information may be incorrect. [C:\Users\270925\Desktop\DE1_Uloha6\digi_safe\digi_safe.srcs\sources_1\imports\new\clk_en.vhd:]
WARNING: [filemgmt 56-199] Attempt to get parsing info during refresh. "On-the-fly" syntax checking information may be incorrect. [C:\Users\270925\Desktop\DE1_Uloha6\digi_safe\digi_safe.srcs\sources_1\imports\DE1\display\display.srcs\sources_1\new\display_driver.vhd:]
WARNING: [filemgmt 56-199] Attempt to get parsing info during refresh. "On-the-fly" syntax checking information may be incorrect. [C:\Users\270925\Desktop\DE1_Uloha6\digi_safe\digi_safe.srcs\sources_1\imports\new\debounce.vhd:]
WARNING: [filemgmt 56-199] Attempt to get parsing info during refresh. "On-the-fly" syntax checking information may be incorrect. [C:\Users\270925\Desktop\DE1_Uloha6\digi_safe\digi_safe.srcs\sources_1\imports\new\clk_en.vhd:]
WARNING: [filemgmt 56-199] Attempt to get parsing info during refresh. "On-the-fly" syntax checking information may be incorrect. [C:\Users\270925\Desktop\DE1_Uloha6\digi_safe\digi_safe.srcs\sources_1\imports\new\clk_en.vhd:]
WARNING: [filemgmt 56-199] Attempt to get parsing info during refresh. "On-the-fly" syntax checking information may be incorrect. [C:\Users\270925\Desktop\DE1_Uloha6\digi_safe\digi_safe.srcs\sources_1\new\digi_safe.vhd:]
WARNING: [filemgmt 56-199] Attempt to get parsing info during refresh. "On-the-fly" syntax checking information may be incorrect. [C:\Users\270925\Desktop\DE1_Uloha6\digi_safe\digi_safe.srcs\sim_1\new\debounce_tb.vhd:]
WARNING: [filemgmt 56-199] Attempt to get parsing info during refresh. "On-the-fly" syntax checking information may be incorrect. [C:\Users\270925\Desktop\DE1_Uloha6\digi_safe\digi_safe.srcs\sources_1\imports\DE1\segment\segment.srcs\sources_1\new\bin2seg.vhd:]
WARNING: [filemgmt 56-199] Attempt to get parsing info during refresh. "On-the-fly" syntax checking information may be incorrect. [C:\Users\270925\Desktop\DE1_Uloha6\digi_safe\digi_safe.srcs\sim_1\new\digi_safe_tb.vhd:]
WARNING: [filemgmt 56-199] Attempt to get parsing info during refresh. "On-the-fly" syntax checking information may be incorrect. [C:\Users\270925\Desktop\DE1_Uloha6\digi_safe\digi_safe.srcs\sources_1\imports\new\clk_en.vhd:]
WARNING: [filemgmt 56-199] Attempt to get parsing info during refresh. "On-the-fly" syntax checking information may be incorrect. [C:\Users\270925\Desktop\DE1_Uloha6\digi_safe\digi_safe.srcs\sources_1\imports\DE1\display\display.srcs\sources_1\new\display_driver.vhd:]
WARNING: [filemgmt 56-199] Attempt to get parsing info during refresh. "On-the-fly" syntax checking information may be incorrect. [C:\Users\270925\Desktop\DE1_Uloha6\digi_safe\digi_safe.srcs\sources_1\imports\new\debounce.vhd:]
WARNING: [filemgmt 56-199] Attempt to get parsing info during refresh. "On-the-fly" syntax checking information may be incorrect. [C:\Users\270925\Desktop\DE1_Uloha6\digi_safe\digi_safe.srcs\sim_1\new\debounce_tb.vhd:]
WARNING: [filemgmt 56-199] Attempt to get parsing info during refresh. "On-the-fly" syntax checking information may be incorrect. [C:\Users\270925\Desktop\DE1_Uloha6\digi_safe\digi_safe.srcs\sim_1\new\debounce_tb.vhd:]
WARNING: [filemgmt 56-199] Attempt to get parsing info during refresh. "On-the-fly" syntax checking information may be incorrect. [C:\Users\270925\Desktop\DE1_Uloha6\digi_safe\digi_safe.srcs\sources_1\new\digi_safe.vhd:]
WARNING: [filemgmt 56-199] Attempt to get parsing info during refresh. "On-the-fly" syntax checking information may be incorrect. [C:\Users\270925\Desktop\DE1_Uloha6\digi_safe\digi_safe.srcs\sim_1\new\debounce_tb.vhd:]
WARNING: [filemgmt 56-199] Attempt to get parsing info during refresh. "On-the-fly" syntax checking information may be incorrect. [C:\Users\270925\Desktop\DE1_Uloha6\digi_safe\digi_safe.srcs\sources_1\imports\DE1\segment\segment.srcs\sources_1\new\bin2seg.vhd:]
WARNING: [filemgmt 56-199] Attempt to get parsing info during refresh. "On-the-fly" syntax checking information may be incorrect. [C:\Users\270925\Desktop\DE1_Uloha6\digi_safe\digi_safe.srcs\sim_1\new\digi_safe_tb.vhd:]
WARNING: [filemgmt 56-199] Attempt to get parsing info during refresh. "On-the-fly" syntax checking information may be incorrect. [C:\Users\270925\Desktop\DE1_Uloha6\digi_safe\digi_safe.srcs\sources_1\imports\new\clk_en.vhd:]
WARNING: [filemgmt 56-199] Attempt to get parsing info during refresh. "On-the-fly" syntax checking information may be incorrect. [C:\Users\270925\Desktop\DE1_Uloha6\digi_safe\digi_safe.srcs\sources_1\imports\DE1\display\display.srcs\sources_1\new\display_driver.vhd:]
WARNING: [filemgmt 56-199] Attempt to get parsing info during refresh. "On-the-fly" syntax checking information may be incorrect. [C:\Users\270925\Desktop\DE1_Uloha6\digi_safe\digi_safe.srcs\sources_1\imports\new\debounce.vhd:]
WARNING: [filemgmt 56-199] Attempt to get parsing info during refresh. "On-the-fly" syntax checking information may be incorrect. [C:\Users\270925\Desktop\DE1_Uloha6\digi_safe\digi_safe.srcs\sources_1\imports\DE1\display\display.srcs\sources_1\new\display_driver.vhd:]
WARNING: [filemgmt 56-199] Attempt to get parsing info during refresh. "On-the-fly" syntax checking information may be incorrect. [C:\Users\270925\Desktop\DE1_Uloha6\digi_safe\digi_safe.srcs\sources_1\imports\DE1\display\display.srcs\sources_1\new\display_driver.vhd:]
WARNING: [filemgmt 56-199] Attempt to get parsing info during refresh. "On-the-fly" syntax checking information may be incorrect. [C:\Users\270925\Desktop\DE1_Uloha6\digi_safe\digi_safe.srcs\sources_1\new\digi_safe.vhd:]
WARNING: [filemgmt 56-199] Attempt to get parsing info during refresh. "On-the-fly" syntax checking information may be incorrect. [C:\Users\270925\Desktop\DE1_Uloha6\digi_safe\digi_safe.srcs\sim_1\new\debounce_tb.vhd:]
WARNING: [filemgmt 56-199] Attempt to get parsing info during refresh. "On-the-fly" syntax checking information may be incorrect. [C:\Users\270925\Desktop\DE1_Uloha6\digi_safe\digi_safe.srcs\sources_1\imports\DE1\segment\segment.srcs\sources_1\new\bin2seg.vhd:]
WARNING: [filemgmt 56-199] Attempt to get parsing info during refresh. "On-the-fly" syntax checking information may be incorrect. [C:\Users\270925\Desktop\DE1_Uloha6\digi_safe\digi_safe.srcs\sim_1\new\digi_safe_tb.vhd:]
WARNING: [filemgmt 56-199] Attempt to get parsing info during refresh. "On-the-fly" syntax checking information may be incorrect. [C:\Users\270925\Desktop\DE1_Uloha6\digi_safe\digi_safe.srcs\sources_1\imports\new\clk_en.vhd:]
WARNING: [filemgmt 56-199] Attempt to get parsing info during refresh. "On-the-fly" syntax checking information may be incorrect. [C:\Users\270925\Desktop\DE1_Uloha6\digi_safe\digi_safe.srcs\sources_1\imports\DE1\display\display.srcs\sources_1\new\display_driver.vhd:]
WARNING: [filemgmt 56-199] Attempt to get parsing info during refresh. "On-the-fly" syntax checking information may be incorrect. [C:\Users\270925\Desktop\DE1_Uloha6\digi_safe\digi_safe.srcs\sources_1\imports\new\debounce.vhd:]
WARNING: [filemgmt 56-199] Attempt to get parsing info during refresh. "On-the-fly" syntax checking information may be incorrect. [C:\Users\270925\Desktop\DE1_Uloha6\digi_safe\digi_safe.srcs\sources_1\imports\new\debounce.vhd:]
WARNING: [filemgmt 56-199] Attempt to get parsing info during refresh. "On-the-fly" syntax checking information may be incorrect. [C:\Users\270925\Desktop\DE1_Uloha6\digi_safe\digi_safe.srcs\sources_1\imports\new\debounce.vhd:]
WARNING: [filemgmt 56-199] Attempt to get parsing info during refresh. "On-the-fly" syntax checking information may be incorrect. [C:\Users\270925\Desktop\DE1_Uloha6\digi_safe\digi_safe.srcs\sources_1\new\digi_safe.vhd:]
WARNING: [filemgmt 56-199] Attempt to get parsing info during refresh. "On-the-fly" syntax checking information may be incorrect. [C:\Users\270925\Desktop\DE1_Uloha6\digi_safe\digi_safe.srcs\sim_1\new\debounce_tb.vhd:]
WARNING: [filemgmt 56-199] Attempt to get parsing info during refresh. "On-the-fly" syntax checking information may be incorrect. [C:\Users\270925\Desktop\DE1_Uloha6\digi_safe\digi_safe.srcs\sources_1\imports\DE1\segment\segment.srcs\sources_1\new\bin2seg.vhd:]
WARNING: [filemgmt 56-199] Attempt to get parsing info during refresh. "On-the-fly" syntax checking information may be incorrect. [C:\Users\270925\Desktop\DE1_Uloha6\digi_safe\digi_safe.srcs\sim_1\new\digi_safe_tb.vhd:]
WARNING: [filemgmt 56-199] Attempt to get parsing info during refresh. "On-the-fly" syntax checking information may be incorrect. [C:\Users\270925\Desktop\DE1_Uloha6\digi_safe\digi_safe.srcs\sources_1\imports\new\clk_en.vhd:]
WARNING: [filemgmt 56-199] Attempt to get parsing info during refresh. "On-the-fly" syntax checking information may be incorrect. [C:\Users\270925\Desktop\DE1_Uloha6\digi_safe\digi_safe.srcs\sources_1\imports\DE1\display\display.srcs\sources_1\new\display_driver.vhd:]
WARNING: [filemgmt 56-199] Attempt to get parsing info during refresh. "On-the-fly" syntax checking information may be incorrect. [C:\Users\270925\Desktop\DE1_Uloha6\digi_safe\digi_safe.srcs\sources_1\imports\new\debounce.vhd:]
WARNING: [filemgmt 56-199] Attempt to get parsing info during refresh. "On-the-fly" syntax checking information may be incorrect. [C:\Users\270925\Desktop\DE1_Uloha6\digi_safe\digi_safe.srcs\sim_1\new\debounce_tb.vhd:]
WARNING: [filemgmt 56-199] Attempt to get parsing info during refresh. "On-the-fly" syntax checking information may be incorrect. [C:\Users\270925\Desktop\DE1_Uloha6\digi_safe\digi_safe.srcs\sim_1\new\debounce_tb.vhd:]
WARNING: [filemgmt 56-199] Attempt to get parsing info during refresh. "On-the-fly" syntax checking information may be incorrect. [C:\Users\270925\Desktop\DE1_Uloha6\digi_safe\digi_safe.srcs\sources_1\new\digi_safe.vhd:]
WARNING: [filemgmt 56-199] Attempt to get parsing info during refresh. "On-the-fly" syntax checking information may be incorrect. [C:\Users\270925\Desktop\DE1_Uloha6\digi_safe\digi_safe.srcs\sim_1\new\debounce_tb.vhd:]
WARNING: [filemgmt 56-199] Attempt to get parsing info during refresh. "On-the-fly" syntax checking information may be incorrect. [C:\Users\270925\Desktop\DE1_Uloha6\digi_safe\digi_safe.srcs\sources_1\imports\DE1\segment\segment.srcs\sources_1\new\bin2seg.vhd:]
WARNING: [filemgmt 56-199] Attempt to get parsing info during refresh. "On-the-fly" syntax checking information may be incorrect. [C:\Users\270925\Desktop\DE1_Uloha6\digi_safe\digi_safe.srcs\sim_1\new\digi_safe_tb.vhd:]
WARNING: [filemgmt 56-199] Attempt to get parsing info during refresh. "On-the-fly" syntax checking information may be incorrect. [C:\Users\270925\Desktop\DE1_Uloha6\digi_safe\digi_safe.srcs\sources_1\imports\new\clk_en.vhd:]
WARNING: [filemgmt 56-199] Attempt to get parsing info during refresh. "On-the-fly" syntax checking information may be incorrect. [C:\Users\270925\Desktop\DE1_Uloha6\digi_safe\digi_safe.srcs\sources_1\imports\DE1\display\display.srcs\sources_1\new\display_driver.vhd:]
WARNING: [filemgmt 56-199] Attempt to get parsing info during refresh. "On-the-fly" syntax checking information may be incorrect. [C:\Users\270925\Desktop\DE1_Uloha6\digi_safe\digi_safe.srcs\sources_1\imports\new\debounce.vhd:]
WARNING: [filemgmt 56-199] Attempt to get parsing info during refresh. "On-the-fly" syntax checking information may be incorrect. [C:\Users\270925\Desktop\DE1_Uloha6\digi_safe\digi_safe.srcs\sources_1\imports\DE1\segment\segment.srcs\sources_1\new\bin2seg.vhd:]
WARNING: [filemgmt 56-199] Attempt to get parsing info during refresh. "On-the-fly" syntax checking information may be incorrect. [C:\Users\270925\Desktop\DE1_Uloha6\digi_safe\digi_safe.srcs\sources_1\imports\DE1\segment\segment.srcs\sources_1\new\bin2seg.vhd:]
WARNING: [filemgmt 56-199] Attempt to get parsing info during refresh. "On-the-fly" syntax checking information may be incorrect. [C:\Users\270925\Desktop\DE1_Uloha6\digi_safe\digi_safe.srcs\sources_1\new\digi_safe.vhd:]
WARNING: [filemgmt 56-199] Attempt to get parsing info during refresh. "On-the-fly" syntax checking information may be incorrect. [C:\Users\270925\Desktop\DE1_Uloha6\digi_safe\digi_safe.srcs\sim_1\new\debounce_tb.vhd:]
WARNING: [filemgmt 56-199] Attempt to get parsing info during refresh. "On-the-fly" syntax checking information may be incorrect. [C:\Users\270925\Desktop\DE1_Uloha6\digi_safe\digi_safe.srcs\sources_1\imports\DE1\segment\segment.srcs\sources_1\new\bin2seg.vhd:]
WARNING: [filemgmt 56-199] Attempt to get parsing info during refresh. "On-the-fly" syntax checking information may be incorrect. [C:\Users\270925\Desktop\DE1_Uloha6\digi_safe\digi_safe.srcs\sim_1\new\digi_safe_tb.vhd:]
WARNING: [filemgmt 56-199] Attempt to get parsing info during refresh. "On-the-fly" syntax checking information may be incorrect. [C:\Users\270925\Desktop\DE1_Uloha6\digi_safe\digi_safe.srcs\sources_1\imports\new\clk_en.vhd:]
WARNING: [filemgmt 56-199] Attempt to get parsing info during refresh. "On-the-fly" syntax checking information may be incorrect. [C:\Users\270925\Desktop\DE1_Uloha6\digi_safe\digi_safe.srcs\sources_1\imports\DE1\display\display.srcs\sources_1\new\display_driver.vhd:]
WARNING: [filemgmt 56-199] Attempt to get parsing info during refresh. "On-the-fly" syntax checking information may be incorrect. [C:\Users\270925\Desktop\DE1_Uloha6\digi_safe\digi_safe.srcs\sources_1\imports\new\debounce.vhd:]
WARNING: [filemgmt 56-199] Attempt to get parsing info during refresh. "On-the-fly" syntax checking information may be incorrect. [C:\Users\270925\Desktop\DE1_Uloha6\digi_safe\digi_safe.srcs\sources_1\imports\new\clk_en.vhd:]
WARNING: [filemgmt 56-199] Attempt to get parsing info during refresh. "On-the-fly" syntax checking information may be incorrect. [C:\Users\270925\Desktop\DE1_Uloha6\digi_safe\digi_safe.srcs\sources_1\imports\new\clk_en.vhd:]
ERROR: [Common 17-180] Spawn failed: The operation completed successfully.

WARNING: [filemgmt 56-199] Attempt to get parsing info during refresh. "On-the-fly" syntax checking information may be incorrect. [C:\Users\270925\Desktop\DE1_Uloha6\digi_safe\digi_safe.srcs\sources_1\new\digi_safe.vhd:]
INFO: [Common 17-14] Message 'filemgmt 56-199' appears 100 times and further instances of the messages will be disabled. Use the Tcl command set_msg_config to change the current settings.
ERROR: [Common 17-180] Spawn failed: The operation completed successfully.

update_compile_order -fileset sim_1
WARNING: [filemgmt 56-199] Attempt to get parsing info during refresh. "On-the-fly" syntax checking information may be incorrect. [C:\Users\270925\Desktop\DE1_Uloha6\digi_safe\digi_safe.srcs\sources_1\new\digi_safe.vhd:]
WARNING: [filemgmt 56-199] Attempt to get parsing info during refresh. "On-the-fly" syntax checking information may be incorrect. [C:\Users\270925\Desktop\DE1_Uloha6\digi_safe\digi_safe.srcs\sim_1\new\debounce_tb.vhd:]
WARNING: [filemgmt 56-199] Attempt to get parsing info during refresh. "On-the-fly" syntax checking information may be incorrect. [C:\Users\270925\Desktop\DE1_Uloha6\digi_safe\digi_safe.srcs\sources_1\imports\DE1\segment\segment.srcs\sources_1\new\bin2seg.vhd:]
WARNING: [filemgmt 56-199] Attempt to get parsing info during refresh. "On-the-fly" syntax checking information may be incorrect. [C:\Users\270925\Desktop\DE1_Uloha6\digi_safe\digi_safe.srcs\sim_1\new\digi_safe_tb.vhd:]
WARNING: [filemgmt 56-199] Attempt to get parsing info during refresh. "On-the-fly" syntax checking information may be incorrect. [C:\Users\270925\Desktop\DE1_Uloha6\digi_safe\digi_safe.srcs\sources_1\imports\new\clk_en.vhd:]
WARNING: [filemgmt 56-199] Attempt to get parsing info during refresh. "On-the-fly" syntax checking information may be incorrect. [C:\Users\270925\Desktop\DE1_Uloha6\digi_safe\digi_safe.srcs\sim_1\new\safe_control_logic_tb.vhd:]
WARNING: [filemgmt 56-199] Attempt to get parsing info during refresh. "On-the-fly" syntax checking information may be incorrect. [C:\Users\270925\Desktop\DE1_Uloha6\digi_safe\digi_safe.srcs\sources_1\imports\DE1\display\display.srcs\sources_1\new\display_driver.vhd:]
WARNING: [filemgmt 56-199] Attempt to get parsing info during refresh. "On-the-fly" syntax checking information may be incorrect. [C:\Users\270925\Desktop\DE1_Uloha6\digi_safe\digi_safe.srcs\sources_1\imports\new\debounce.vhd:]
WARNING: [filemgmt 56-199] Attempt to get parsing info during refresh. "On-the-fly" syntax checking information may be incorrect. [C:\Users\270925\Desktop\DE1_Uloha6\digi_safe\digi_safe.srcs\sources_1\imports\DE1\display\display.srcs\sources_1\new\display_driver.vhd:]
WARNING: [filemgmt 56-199] Attempt to get parsing info during refresh. "On-the-fly" syntax checking information may be incorrect. [C:\Users\270925\Desktop\DE1_Uloha6\digi_safe\digi_safe.srcs\sources_1\imports\DE1\display\display.srcs\sources_1\new\display_driver.vhd:]
WARNING: [filemgmt 56-199] Attempt to get parsing info during refresh. "On-the-fly" syntax checking information may be incorrect. [C:\Users\270925\Desktop\DE1_Uloha6\digi_safe\digi_safe.srcs\sources_1\new\digi_safe.vhd:]
WARNING: [filemgmt 56-199] Attempt to get parsing info during refresh. "On-the-fly" syntax checking information may be incorrect. [C:\Users\270925\Desktop\DE1_Uloha6\digi_safe\digi_safe.srcs\sim_1\new\debounce_tb.vhd:]
WARNING: [filemgmt 56-199] Attempt to get parsing info during refresh. "On-the-fly" syntax checking information may be incorrect. [C:\Users\270925\Desktop\DE1_Uloha6\digi_safe\digi_safe.srcs\sources_1\imports\DE1\segment\segment.srcs\sources_1\new\bin2seg.vhd:]
WARNING: [filemgmt 56-199] Attempt to get parsing info during refresh. "On-the-fly" syntax checking information may be incorrect. [C:\Users\270925\Desktop\DE1_Uloha6\digi_safe\digi_safe.srcs\sim_1\new\digi_safe_tb.vhd:]
WARNING: [filemgmt 56-199] Attempt to get parsing info during refresh. "On-the-fly" syntax checking information may be incorrect. [C:\Users\270925\Desktop\DE1_Uloha6\digi_safe\digi_safe.srcs\sources_1\imports\new\clk_en.vhd:]
WARNING: [filemgmt 56-199] Attempt to get parsing info during refresh. "On-the-fly" syntax checking information may be incorrect. [C:\Users\270925\Desktop\DE1_Uloha6\digi_safe\digi_safe.srcs\sim_1\new\safe_control_logic_tb.vhd:]
WARNING: [filemgmt 56-199] Attempt to get parsing info during refresh. "On-the-fly" syntax checking information may be incorrect. [C:\Users\270925\Desktop\DE1_Uloha6\digi_safe\digi_safe.srcs\sources_1\imports\DE1\display\display.srcs\sources_1\new\display_driver.vhd:]
WARNING: [filemgmt 56-199] Attempt to get parsing info during refresh. "On-the-fly" syntax checking information may be incorrect. [C:\Users\270925\Desktop\DE1_Uloha6\digi_safe\digi_safe.srcs\sources_1\imports\new\debounce.vhd:]
WARNING: [filemgmt 56-199] Attempt to get parsing info during refresh. "On-the-fly" syntax checking information may be incorrect. [C:\Users\270925\Desktop\DE1_Uloha6\digi_safe\digi_safe.srcs\sim_1\new\debounce_tb.vhd:]
WARNING: [filemgmt 56-199] Attempt to get parsing info during refresh. "On-the-fly" syntax checking information may be incorrect. [C:\Users\270925\Desktop\DE1_Uloha6\digi_safe\digi_safe.srcs\sim_1\new\debounce_tb.vhd:]
WARNING: [filemgmt 56-199] Attempt to get parsing info during refresh. "On-the-fly" syntax checking information may be incorrect. [C:\Users\270925\Desktop\DE1_Uloha6\digi_safe\digi_safe.srcs\sources_1\new\digi_safe.vhd:]
WARNING: [filemgmt 56-199] Attempt to get parsing info during refresh. "On-the-fly" syntax checking information may be incorrect. [C:\Users\270925\Desktop\DE1_Uloha6\digi_safe\digi_safe.srcs\sim_1\new\debounce_tb.vhd:]
WARNING: [filemgmt 56-199] Attempt to get parsing info during refresh. "On-the-fly" syntax checking information may be incorrect. [C:\Users\270925\Desktop\DE1_Uloha6\digi_safe\digi_safe.srcs\sources_1\imports\DE1\segment\segment.srcs\sources_1\new\bin2seg.vhd:]
WARNING: [filemgmt 56-199] Attempt to get parsing info during refresh. "On-the-fly" syntax checking information may be incorrect. [C:\Users\270925\Desktop\DE1_Uloha6\digi_safe\digi_safe.srcs\sim_1\new\digi_safe_tb.vhd:]
WARNING: [filemgmt 56-199] Attempt to get parsing info during refresh. "On-the-fly" syntax checking information may be incorrect. [C:\Users\270925\Desktop\DE1_Uloha6\digi_safe\digi_safe.srcs\sources_1\imports\new\clk_en.vhd:]
WARNING: [filemgmt 56-199] Attempt to get parsing info during refresh. "On-the-fly" syntax checking information may be incorrect. [C:\Users\270925\Desktop\DE1_Uloha6\digi_safe\digi_safe.srcs\sim_1\new\safe_control_logic_tb.vhd:]
WARNING: [filemgmt 56-199] Attempt to get parsing info during refresh. "On-the-fly" syntax checking information may be incorrect. [C:\Users\270925\Desktop\DE1_Uloha6\digi_safe\digi_safe.srcs\sources_1\imports\DE1\display\display.srcs\sources_1\new\display_driver.vhd:]
WARNING: [filemgmt 56-199] Attempt to get parsing info during refresh. "On-the-fly" syntax checking information may be incorrect. [C:\Users\270925\Desktop\DE1_Uloha6\digi_safe\digi_safe.srcs\sources_1\imports\new\debounce.vhd:]
WARNING: [filemgmt 56-199] Attempt to get parsing info during refresh. "On-the-fly" syntax checking information may be incorrect. [C:\Users\270925\Desktop\DE1_Uloha6\digi_safe\digi_safe.srcs\sim_1\new\safe_control_logic_tb.vhd:]
WARNING: [filemgmt 56-199] Attempt to get parsing info during refresh. "On-the-fly" syntax checking information may be incorrect. [C:\Users\270925\Desktop\DE1_Uloha6\digi_safe\digi_safe.srcs\sim_1\new\safe_control_logic_tb.vhd:]
ERROR: [Common 17-180] Spawn failed: The operation completed successfully.

ERROR: [Common 17-180] Spawn failed: The operation completed successfully.

WARNING: [filemgmt 56-199] Attempt to get parsing info during refresh. "On-the-fly" syntax checking information may be incorrect. [C:\Users\270925\Desktop\DE1_Uloha6\digi_safe\digi_safe.srcs\sources_1\new\digi_safe.vhd:]
WARNING: [filemgmt 56-199] Attempt to get parsing info during refresh. "On-the-fly" syntax checking information may be incorrect. [C:\Users\270925\Desktop\DE1_Uloha6\digi_safe\digi_safe.srcs\sim_1\new\debounce_tb.vhd:]
WARNING: [filemgmt 56-199] Attempt to get parsing info during refresh. "On-the-fly" syntax checking information may be incorrect. [C:\Users\270925\Desktop\DE1_Uloha6\digi_safe\digi_safe.srcs\sources_1\imports\DE1\segment\segment.srcs\sources_1\new\bin2seg.vhd:]
WARNING: [filemgmt 56-199] Attempt to get parsing info during refresh. "On-the-fly" syntax checking information may be incorrect. [C:\Users\270925\Desktop\DE1_Uloha6\digi_safe\digi_safe.srcs\sim_1\new\digi_safe_tb.vhd:]
WARNING: [filemgmt 56-199] Attempt to get parsing info during refresh. "On-the-fly" syntax checking information may be incorrect. [C:\Users\270925\Desktop\DE1_Uloha6\digi_safe\digi_safe.srcs\sources_1\imports\new\clk_en.vhd:]
WARNING: [filemgmt 56-199] Attempt to get parsing info during refresh. "On-the-fly" syntax checking information may be incorrect. [C:\Users\270925\Desktop\DE1_Uloha6\digi_safe\digi_safe.srcs\sim_1\new\safe_control_logic_tb.vhd:]
WARNING: [filemgmt 56-199] Attempt to get parsing info during refresh. "On-the-fly" syntax checking information may be incorrect. [C:\Users\270925\Desktop\DE1_Uloha6\digi_safe\digi_safe.srcs\sources_1\imports\DE1\display\display.srcs\sources_1\new\display_driver.vhd:]
WARNING: [filemgmt 56-199] Attempt to get parsing info during refresh. "On-the-fly" syntax checking information may be incorrect. [C:\Users\270925\Desktop\DE1_Uloha6\digi_safe\digi_safe.srcs\sources_1\imports\new\debounce.vhd:]
WARNING: [filemgmt 56-199] Attempt to get parsing info during refresh. "On-the-fly" syntax checking information may be incorrect. [C:\Users\270925\Desktop\DE1_Uloha6\digi_safe\digi_safe.srcs\sources_1\imports\DE1\segment\segment.srcs\sources_1\new\bin2seg.vhd:]
WARNING: [filemgmt 56-199] Attempt to get parsing info during refresh. "On-the-fly" syntax checking information may be incorrect. [C:\Users\270925\Desktop\DE1_Uloha6\digi_safe\digi_safe.srcs\sources_1\imports\DE1\segment\segment.srcs\sources_1\new\bin2seg.vhd:]
WARNING: [filemgmt 56-199] Attempt to get parsing info during refresh. "On-the-fly" syntax checking information may be incorrect. [C:\Users\270925\Desktop\DE1_Uloha6\digi_safe\digi_safe.srcs\sources_1\new\digi_safe.vhd:]
WARNING: [filemgmt 56-199] Attempt to get parsing info during refresh. "On-the-fly" syntax checking information may be incorrect. [C:\Users\270925\Desktop\DE1_Uloha6\digi_safe\digi_safe.srcs\sim_1\new\debounce_tb.vhd:]
WARNING: [filemgmt 56-199] Attempt to get parsing info during refresh. "On-the-fly" syntax checking information may be incorrect. [C:\Users\270925\Desktop\DE1_Uloha6\digi_safe\digi_safe.srcs\sources_1\imports\DE1\segment\segment.srcs\sources_1\new\bin2seg.vhd:]
WARNING: [filemgmt 56-199] Attempt to get parsing info during refresh. "On-the-fly" syntax checking information may be incorrect. [C:\Users\270925\Desktop\DE1_Uloha6\digi_safe\digi_safe.srcs\sim_1\new\digi_safe_tb.vhd:]
WARNING: [filemgmt 56-199] Attempt to get parsing info during refresh. "On-the-fly" syntax checking information may be incorrect. [C:\Users\270925\Desktop\DE1_Uloha6\digi_safe\digi_safe.srcs\sources_1\imports\new\clk_en.vhd:]
WARNING: [filemgmt 56-199] Attempt to get parsing info during refresh. "On-the-fly" syntax checking information may be incorrect. [C:\Users\270925\Desktop\DE1_Uloha6\digi_safe\digi_safe.srcs\sim_1\new\safe_control_logic_tb.vhd:]
WARNING: [filemgmt 56-199] Attempt to get parsing info during refresh. "On-the-fly" syntax checking information may be incorrect. [C:\Users\270925\Desktop\DE1_Uloha6\digi_safe\digi_safe.srcs\sources_1\imports\DE1\display\display.srcs\sources_1\new\display_driver.vhd:]
WARNING: [filemgmt 56-199] Attempt to get parsing info during refresh. "On-the-fly" syntax checking information may be incorrect. [C:\Users\270925\Desktop\DE1_Uloha6\digi_safe\digi_safe.srcs\sources_1\imports\new\debounce.vhd:]
WARNING: [filemgmt 56-199] Attempt to get parsing info during refresh. "On-the-fly" syntax checking information may be incorrect. [C:\Users\270925\Desktop\DE1_Uloha6\digi_safe\digi_safe.srcs\sources_1\imports\new\debounce.vhd:]
WARNING: [filemgmt 56-199] Attempt to get parsing info during refresh. "On-the-fly" syntax checking information may be incorrect. [C:\Users\270925\Desktop\DE1_Uloha6\digi_safe\digi_safe.srcs\sources_1\imports\new\debounce.vhd:]
WARNING: [filemgmt 56-199] Attempt to get parsing info during refresh. "On-the-fly" syntax checking information may be incorrect. [C:\Users\270925\Desktop\DE1_Uloha6\digi_safe\digi_safe.srcs\sources_1\new\digi_safe.vhd:]
WARNING: [filemgmt 56-199] Attempt to get parsing info during refresh. "On-the-fly" syntax checking information may be incorrect. [C:\Users\270925\Desktop\DE1_Uloha6\digi_safe\digi_safe.srcs\sim_1\new\debounce_tb.vhd:]
WARNING: [filemgmt 56-199] Attempt to get parsing info during refresh. "On-the-fly" syntax checking information may be incorrect. [C:\Users\270925\Desktop\DE1_Uloha6\digi_safe\digi_safe.srcs\sources_1\imports\DE1\segment\segment.srcs\sources_1\new\bin2seg.vhd:]
WARNING: [filemgmt 56-199] Attempt to get parsing info during refresh. "On-the-fly" syntax checking information may be incorrect. [C:\Users\270925\Desktop\DE1_Uloha6\digi_safe\digi_safe.srcs\sim_1\new\digi_safe_tb.vhd:]
WARNING: [filemgmt 56-199] Attempt to get parsing info during refresh. "On-the-fly" syntax checking information may be incorrect. [C:\Users\270925\Desktop\DE1_Uloha6\digi_safe\digi_safe.srcs\sources_1\imports\new\clk_en.vhd:]
WARNING: [filemgmt 56-199] Attempt to get parsing info during refresh. "On-the-fly" syntax checking information may be incorrect. [C:\Users\270925\Desktop\DE1_Uloha6\digi_safe\digi_safe.srcs\sim_1\new\safe_control_logic_tb.vhd:]
WARNING: [filemgmt 56-199] Attempt to get parsing info during refresh. "On-the-fly" syntax checking information may be incorrect. [C:\Users\270925\Desktop\DE1_Uloha6\digi_safe\digi_safe.srcs\sources_1\imports\DE1\display\display.srcs\sources_1\new\display_driver.vhd:]
WARNING: [filemgmt 56-199] Attempt to get parsing info during refresh. "On-the-fly" syntax checking information may be incorrect. [C:\Users\270925\Desktop\DE1_Uloha6\digi_safe\digi_safe.srcs\sources_1\imports\new\debounce.vhd:]
WARNING: [filemgmt 56-199] Attempt to get parsing info during refresh. "On-the-fly" syntax checking information may be incorrect. [C:\Users\270925\Desktop\DE1_Uloha6\digi_safe\digi_safe.srcs\sim_1\new\digi_safe_tb.vhd:]
WARNING: [filemgmt 56-199] Attempt to get parsing info during refresh. "On-the-fly" syntax checking information may be incorrect. [C:\Users\270925\Desktop\DE1_Uloha6\digi_safe\digi_safe.srcs\sim_1\new\digi_safe_tb.vhd:]
ERROR: [Common 17-180] Spawn failed: The operation completed successfully.

set_property top safe_control_logic_tb [get_filesets sim_1]
set_property top_lib xil_defaultlib [get_filesets sim_1]
WARNING: [filemgmt 56-199] Attempt to get parsing info during refresh. "On-the-fly" syntax checking information may be incorrect. [C:\Users\270925\Desktop\DE1_Uloha6\digi_safe\digi_safe.srcs\sources_1\new\digi_safe.vhd:]
WARNING: [filemgmt 56-199] Attempt to get parsing info during refresh. "On-the-fly" syntax checking information may be incorrect. [C:\Users\270925\Desktop\DE1_Uloha6\digi_safe\digi_safe.srcs\sim_1\new\debounce_tb.vhd:]
WARNING: [filemgmt 56-199] Attempt to get parsing info during refresh. "On-the-fly" syntax checking information may be incorrect. [C:\Users\270925\Desktop\DE1_Uloha6\digi_safe\digi_safe.srcs\sources_1\imports\DE1\segment\segment.srcs\sources_1\new\bin2seg.vhd:]
WARNING: [filemgmt 56-199] Attempt to get parsing info during refresh. "On-the-fly" syntax checking information may be incorrect. [C:\Users\270925\Desktop\DE1_Uloha6\digi_safe\digi_safe.srcs\sim_1\new\digi_safe_tb.vhd:]
WARNING: [filemgmt 56-199] Attempt to get parsing info during refresh. "On-the-fly" syntax checking information may be incorrect. [C:\Users\270925\Desktop\DE1_Uloha6\digi_safe\digi_safe.srcs\sources_1\imports\new\clk_en.vhd:]
WARNING: [filemgmt 56-199] Attempt to get parsing info during refresh. "On-the-fly" syntax checking information may be incorrect. [C:\Users\270925\Desktop\DE1_Uloha6\digi_safe\digi_safe.srcs\sim_1\new\safe_control_logic_tb.vhd:]
WARNING: [filemgmt 56-199] Attempt to get parsing info during refresh. "On-the-fly" syntax checking information may be incorrect. [C:\Users\270925\Desktop\DE1_Uloha6\digi_safe\digi_safe.srcs\sources_1\imports\DE1\display\display.srcs\sources_1\new\display_driver.vhd:]
WARNING: [filemgmt 56-199] Attempt to get parsing info during refresh. "On-the-fly" syntax checking information may be incorrect. [C:\Users\270925\Desktop\DE1_Uloha6\digi_safe\digi_safe.srcs\sources_1\imports\new\debounce.vhd:]
WARNING: [filemgmt 56-199] Attempt to get parsing info during refresh. "On-the-fly" syntax checking information may be incorrect. [C:\Users\270925\Desktop\DE1_Uloha6\digi_safe\digi_safe.srcs\sources_1\new\digi_safe.vhd:]
WARNING: [filemgmt 56-199] Attempt to get parsing info during refresh. "On-the-fly" syntax checking information may be incorrect. [C:\Users\270925\Desktop\DE1_Uloha6\digi_safe\digi_safe.srcs\sources_1\new\digi_safe.vhd:]
WARNING: [filemgmt 56-199] Attempt to get parsing info during refresh. "On-the-fly" syntax checking information may be incorrect. [C:\Users\270925\Desktop\DE1_Uloha6\digi_safe\digi_safe.srcs\sources_1\new\digi_safe.vhd:]
WARNING: [filemgmt 56-199] Attempt to get parsing info during refresh. "On-the-fly" syntax checking information may be incorrect. [C:\Users\270925\Desktop\DE1_Uloha6\digi_safe\digi_safe.srcs\sim_1\new\debounce_tb.vhd:]
WARNING: [filemgmt 56-199] Attempt to get parsing info during refresh. "On-the-fly" syntax checking information may be incorrect. [C:\Users\270925\Desktop\DE1_Uloha6\digi_safe\digi_safe.srcs\sources_1\imports\DE1\segment\segment.srcs\sources_1\new\bin2seg.vhd:]
WARNING: [filemgmt 56-199] Attempt to get parsing info during refresh. "On-the-fly" syntax checking information may be incorrect. [C:\Users\270925\Desktop\DE1_Uloha6\digi_safe\digi_safe.srcs\sim_1\new\digi_safe_tb.vhd:]
WARNING: [filemgmt 56-199] Attempt to get parsing info during refresh. "On-the-fly" syntax checking information may be incorrect. [C:\Users\270925\Desktop\DE1_Uloha6\digi_safe\digi_safe.srcs\sources_1\imports\new\clk_en.vhd:]
WARNING: [filemgmt 56-199] Attempt to get parsing info during refresh. "On-the-fly" syntax checking information may be incorrect. [C:\Users\270925\Desktop\DE1_Uloha6\digi_safe\digi_safe.srcs\sim_1\new\safe_control_logic_tb.vhd:]
WARNING: [filemgmt 56-199] Attempt to get parsing info during refresh. "On-the-fly" syntax checking information may be incorrect. [C:\Users\270925\Desktop\DE1_Uloha6\digi_safe\digi_safe.srcs\sources_1\imports\DE1\display\display.srcs\sources_1\new\display_driver.vhd:]
WARNING: [filemgmt 56-199] Attempt to get parsing info during refresh. "On-the-fly" syntax checking information may be incorrect. [C:\Users\270925\Desktop\DE1_Uloha6\digi_safe\digi_safe.srcs\sources_1\imports\new\debounce.vhd:]
WARNING: [filemgmt 56-199] Attempt to get parsing info during refresh. "On-the-fly" syntax checking information may be incorrect. [C:\Users\270925\Desktop\DE1_Uloha6\digi_safe\digi_safe.srcs\sources_1\imports\DE1\segment\segment.srcs\sources_1\new\bin2seg.vhd:]
WARNING: [filemgmt 56-199] Attempt to get parsing info during refresh. "On-the-fly" syntax checking information may be incorrect. [C:\Users\270925\Desktop\DE1_Uloha6\digi_safe\digi_safe.srcs\sources_1\imports\DE1\segment\segment.srcs\sources_1\new\bin2seg.vhd:]
WARNING: [filemgmt 56-199] Attempt to get parsing info during refresh. "On-the-fly" syntax checking information may be incorrect. [C:\Users\270925\Desktop\DE1_Uloha6\digi_safe\digi_safe.srcs\sources_1\new\digi_safe.vhd:]
WARNING: [filemgmt 56-199] Attempt to get parsing info during refresh. "On-the-fly" syntax checking information may be incorrect. [C:\Users\270925\Desktop\DE1_Uloha6\digi_safe\digi_safe.srcs\sim_1\new\debounce_tb.vhd:]
WARNING: [filemgmt 56-199] Attempt to get parsing info during refresh. "On-the-fly" syntax checking information may be incorrect. [C:\Users\270925\Desktop\DE1_Uloha6\digi_safe\digi_safe.srcs\sources_1\imports\DE1\segment\segment.srcs\sources_1\new\bin2seg.vhd:]
WARNING: [filemgmt 56-199] Attempt to get parsing info during refresh. "On-the-fly" syntax checking information may be incorrect. [C:\Users\270925\Desktop\DE1_Uloha6\digi_safe\digi_safe.srcs\sim_1\new\digi_safe_tb.vhd:]
WARNING: [filemgmt 56-199] Attempt to get parsing info during refresh. "On-the-fly" syntax checking information may be incorrect. [C:\Users\270925\Desktop\DE1_Uloha6\digi_safe\digi_safe.srcs\sources_1\imports\new\clk_en.vhd:]
WARNING: [filemgmt 56-199] Attempt to get parsing info during refresh. "On-the-fly" syntax checking information may be incorrect. [C:\Users\270925\Desktop\DE1_Uloha6\digi_safe\digi_safe.srcs\sim_1\new\safe_control_logic_tb.vhd:]
WARNING: [filemgmt 56-199] Attempt to get parsing info during refresh. "On-the-fly" syntax checking information may be incorrect. [C:\Users\270925\Desktop\DE1_Uloha6\digi_safe\digi_safe.srcs\sources_1\imports\DE1\display\display.srcs\sources_1\new\display_driver.vhd:]
WARNING: [filemgmt 56-199] Attempt to get parsing info during refresh. "On-the-fly" syntax checking information may be incorrect. [C:\Users\270925\Desktop\DE1_Uloha6\digi_safe\digi_safe.srcs\sources_1\imports\new\debounce.vhd:]
WARNING: [filemgmt 56-199] Attempt to get parsing info during refresh. "On-the-fly" syntax checking information may be incorrect. [C:\Users\270925\Desktop\DE1_Uloha6\digi_safe\digi_safe.srcs\sim_1\new\digi_safe_tb.vhd:]
WARNING: [filemgmt 56-199] Attempt to get parsing info during refresh. "On-the-fly" syntax checking information may be incorrect. [C:\Users\270925\Desktop\DE1_Uloha6\digi_safe\digi_safe.srcs\sim_1\new\digi_safe_tb.vhd:]
WARNING: [filemgmt 56-199] Attempt to get parsing info during refresh. "On-the-fly" syntax checking information may be incorrect. [C:\Users\270925\Desktop\DE1_Uloha6\digi_safe\digi_safe.srcs\sources_1\new\digi_safe.vhd:]
WARNING: [filemgmt 56-199] Attempt to get parsing info during refresh. "On-the-fly" syntax checking information may be incorrect. [C:\Users\270925\Desktop\DE1_Uloha6\digi_safe\digi_safe.srcs\sim_1\new\debounce_tb.vhd:]
WARNING: [filemgmt 56-199] Attempt to get parsing info during refresh. "On-the-fly" syntax checking information may be incorrect. [C:\Users\270925\Desktop\DE1_Uloha6\digi_safe\digi_safe.srcs\sources_1\imports\DE1\segment\segment.srcs\sources_1\new\bin2seg.vhd:]
WARNING: [filemgmt 56-199] Attempt to get parsing info during refresh. "On-the-fly" syntax checking information may be incorrect. [C:\Users\270925\Desktop\DE1_Uloha6\digi_safe\digi_safe.srcs\sim_1\new\digi_safe_tb.vhd:]
WARNING: [filemgmt 56-199] Attempt to get parsing info during refresh. "On-the-fly" syntax checking information may be incorrect. [C:\Users\270925\Desktop\DE1_Uloha6\digi_safe\digi_safe.srcs\sources_1\imports\new\clk_en.vhd:]
WARNING: [filemgmt 56-199] Attempt to get parsing info during refresh. "On-the-fly" syntax checking information may be incorrect. [C:\Users\270925\Desktop\DE1_Uloha6\digi_safe\digi_safe.srcs\sim_1\new\safe_control_logic_tb.vhd:]
WARNING: [filemgmt 56-199] Attempt to get parsing info during refresh. "On-the-fly" syntax checking information may be incorrect. [C:\Users\270925\Desktop\DE1_Uloha6\digi_safe\digi_safe.srcs\sources_1\imports\DE1\display\display.srcs\sources_1\new\display_driver.vhd:]
WARNING: [filemgmt 56-199] Attempt to get parsing info during refresh. "On-the-fly" syntax checking information may be incorrect. [C:\Users\270925\Desktop\DE1_Uloha6\digi_safe\digi_safe.srcs\sources_1\imports\new\debounce.vhd:]
WARNING: [filemgmt 56-199] Attempt to get parsing info during refresh. "On-the-fly" syntax checking information may be incorrect. [C:\Users\270925\Desktop\DE1_Uloha6\digi_safe\digi_safe.srcs\sim_1\new\debounce_tb.vhd:]
WARNING: [filemgmt 56-199] Attempt to get parsing info during refresh. "On-the-fly" syntax checking information may be incorrect. [C:\Users\270925\Desktop\DE1_Uloha6\digi_safe\digi_safe.srcs\sim_1\new\debounce_tb.vhd:]
WARNING: [filemgmt 56-199] Attempt to get parsing info during refresh. "On-the-fly" syntax checking information may be incorrect. [C:\Users\270925\Desktop\DE1_Uloha6\digi_safe\digi_safe.srcs\sources_1\new\digi_safe.vhd:]
WARNING: [filemgmt 56-199] Attempt to get parsing info during refresh. "On-the-fly" syntax checking information may be incorrect. [C:\Users\270925\Desktop\DE1_Uloha6\digi_safe\digi_safe.srcs\sim_1\new\debounce_tb.vhd:]
WARNING: [filemgmt 56-199] Attempt to get parsing info during refresh. "On-the-fly" syntax checking information may be incorrect. [C:\Users\270925\Desktop\DE1_Uloha6\digi_safe\digi_safe.srcs\sources_1\imports\DE1\segment\segment.srcs\sources_1\new\bin2seg.vhd:]
WARNING: [filemgmt 56-199] Attempt to get parsing info during refresh. "On-the-fly" syntax checking information may be incorrect. [C:\Users\270925\Desktop\DE1_Uloha6\digi_safe\digi_safe.srcs\sim_1\new\digi_safe_tb.vhd:]
WARNING: [filemgmt 56-199] Attempt to get parsing info during refresh. "On-the-fly" syntax checking information may be incorrect. [C:\Users\270925\Desktop\DE1_Uloha6\digi_safe\digi_safe.srcs\sources_1\imports\new\clk_en.vhd:]
WARNING: [filemgmt 56-199] Attempt to get parsing info during refresh. "On-the-fly" syntax checking information may be incorrect. [C:\Users\270925\Desktop\DE1_Uloha6\digi_safe\digi_safe.srcs\sim_1\new\safe_control_logic_tb.vhd:]
WARNING: [filemgmt 56-199] Attempt to get parsing info during refresh. "On-the-fly" syntax checking information may be incorrect. [C:\Users\270925\Desktop\DE1_Uloha6\digi_safe\digi_safe.srcs\sources_1\imports\DE1\display\display.srcs\sources_1\new\display_driver.vhd:]
WARNING: [filemgmt 56-199] Attempt to get parsing info during refresh. "On-the-fly" syntax checking information may be incorrect. [C:\Users\270925\Desktop\DE1_Uloha6\digi_safe\digi_safe.srcs\sources_1\imports\new\debounce.vhd:]
WARNING: [filemgmt 56-199] Attempt to get parsing info during refresh. "On-the-fly" syntax checking information may be incorrect. [C:\Users\270925\Desktop\DE1_Uloha6\digi_safe\digi_safe.srcs\sources_1\imports\new\clk_en.vhd:]
WARNING: [filemgmt 56-199] Attempt to get parsing info during refresh. "On-the-fly" syntax checking information may be incorrect. [C:\Users\270925\Desktop\DE1_Uloha6\digi_safe\digi_safe.srcs\sources_1\imports\new\clk_en.vhd:]
WARNING: [filemgmt 56-199] Attempt to get parsing info during refresh. "On-the-fly" syntax checking information may be incorrect. [C:\Users\270925\Desktop\DE1_Uloha6\digi_safe\digi_safe.srcs\sources_1\new\digi_safe.vhd:]
WARNING: [filemgmt 56-199] Attempt to get parsing info during refresh. "On-the-fly" syntax checking information may be incorrect. [C:\Users\270925\Desktop\DE1_Uloha6\digi_safe\digi_safe.srcs\sim_1\new\debounce_tb.vhd:]
WARNING: [filemgmt 56-199] Attempt to get parsing info during refresh. "On-the-fly" syntax checking information may be incorrect. [C:\Users\270925\Desktop\DE1_Uloha6\digi_safe\digi_safe.srcs\sources_1\imports\DE1\segment\segment.srcs\sources_1\new\bin2seg.vhd:]
WARNING: [filemgmt 56-199] Attempt to get parsing info during refresh. "On-the-fly" syntax checking information may be incorrect. [C:\Users\270925\Desktop\DE1_Uloha6\digi_safe\digi_safe.srcs\sim_1\new\digi_safe_tb.vhd:]
WARNING: [filemgmt 56-199] Attempt to get parsing info during refresh. "On-the-fly" syntax checking information may be incorrect. [C:\Users\270925\Desktop\DE1_Uloha6\digi_safe\digi_safe.srcs\sources_1\imports\new\clk_en.vhd:]
WARNING: [filemgmt 56-199] Attempt to get parsing info during refresh. "On-the-fly" syntax checking information may be incorrect. [C:\Users\270925\Desktop\DE1_Uloha6\digi_safe\digi_safe.srcs\sim_1\new\safe_control_logic_tb.vhd:]
WARNING: [filemgmt 56-199] Attempt to get parsing info during refresh. "On-the-fly" syntax checking information may be incorrect. [C:\Users\270925\Desktop\DE1_Uloha6\digi_safe\digi_safe.srcs\sources_1\imports\DE1\display\display.srcs\sources_1\new\display_driver.vhd:]
WARNING: [filemgmt 56-199] Attempt to get parsing info during refresh. "On-the-fly" syntax checking information may be incorrect. [C:\Users\270925\Desktop\DE1_Uloha6\digi_safe\digi_safe.srcs\sources_1\imports\new\debounce.vhd:]
WARNING: [filemgmt 56-199] Attempt to get parsing info during refresh. "On-the-fly" syntax checking information may be incorrect. [C:\Users\270925\Desktop\DE1_Uloha6\digi_safe\digi_safe.srcs\sources_1\imports\new\debounce.vhd:]
WARNING: [filemgmt 56-199] Attempt to get parsing info during refresh. "On-the-fly" syntax checking information may be incorrect. [C:\Users\270925\Desktop\DE1_Uloha6\digi_safe\digi_safe.srcs\sources_1\imports\new\debounce.vhd:]
WARNING: [filemgmt 56-199] Attempt to get parsing info during refresh. "On-the-fly" syntax checking information may be incorrect. [C:\Users\270925\Desktop\DE1_Uloha6\digi_safe\digi_safe.srcs\sources_1\new\digi_safe.vhd:]
WARNING: [filemgmt 56-199] Attempt to get parsing info during refresh. "On-the-fly" syntax checking information may be incorrect. [C:\Users\270925\Desktop\DE1_Uloha6\digi_safe\digi_safe.srcs\sim_1\new\debounce_tb.vhd:]
WARNING: [filemgmt 56-199] Attempt to get parsing info during refresh. "On-the-fly" syntax checking information may be incorrect. [C:\Users\270925\Desktop\DE1_Uloha6\digi_safe\digi_safe.srcs\sources_1\imports\DE1\segment\segment.srcs\sources_1\new\bin2seg.vhd:]
WARNING: [filemgmt 56-199] Attempt to get parsing info during refresh. "On-the-fly" syntax checking information may be incorrect. [C:\Users\270925\Desktop\DE1_Uloha6\digi_safe\digi_safe.srcs\sim_1\new\digi_safe_tb.vhd:]
WARNING: [filemgmt 56-199] Attempt to get parsing info during refresh. "On-the-fly" syntax checking information may be incorrect. [C:\Users\270925\Desktop\DE1_Uloha6\digi_safe\digi_safe.srcs\sources_1\imports\new\clk_en.vhd:]
WARNING: [filemgmt 56-199] Attempt to get parsing info during refresh. "On-the-fly" syntax checking information may be incorrect. [C:\Users\270925\Desktop\DE1_Uloha6\digi_safe\digi_safe.srcs\sim_1\new\safe_control_logic_tb.vhd:]
WARNING: [filemgmt 56-199] Attempt to get parsing info during refresh. "On-the-fly" syntax checking information may be incorrect. [C:\Users\270925\Desktop\DE1_Uloha6\digi_safe\digi_safe.srcs\sources_1\imports\DE1\display\display.srcs\sources_1\new\display_driver.vhd:]
WARNING: [filemgmt 56-199] Attempt to get parsing info during refresh. "On-the-fly" syntax checking information may be incorrect. [C:\Users\270925\Desktop\DE1_Uloha6\digi_safe\digi_safe.srcs\sources_1\imports\new\debounce.vhd:]
WARNING: [filemgmt 56-199] Attempt to get parsing info during refresh. "On-the-fly" syntax checking information may be incorrect. [C:\Users\270925\Desktop\DE1_Uloha6\digi_safe\digi_safe.srcs\sources_1\imports\DE1\display\display.srcs\sources_1\new\display_driver.vhd:]
WARNING: [filemgmt 56-199] Attempt to get parsing info during refresh. "On-the-fly" syntax checking information may be incorrect. [C:\Users\270925\Desktop\DE1_Uloha6\digi_safe\digi_safe.srcs\sources_1\imports\DE1\display\display.srcs\sources_1\new\display_driver.vhd:]
INFO: [Common 17-14] Message 'filemgmt 56-199' appears 100 times and further instances of the messages will be disabled. Use the Tcl command set_msg_config to change the current settings.
update_compile_order -fileset sim_1
WARNING: [filemgmt 56-199] Attempt to get parsing info during refresh. "On-the-fly" syntax checking information may be incorrect. [C:\Users\270925\Desktop\DE1_Uloha6\digi_safe\digi_safe.srcs\sources_1\new\digi_safe.vhd:]
WARNING: [filemgmt 56-199] Attempt to get parsing info during refresh. "On-the-fly" syntax checking information may be incorrect. [C:\Users\270925\Desktop\DE1_Uloha6\digi_safe\digi_safe.srcs\sim_1\new\debounce_tb.vhd:]
WARNING: [filemgmt 56-199] Attempt to get parsing info during refresh. "On-the-fly" syntax checking information may be incorrect. [C:\Users\270925\Desktop\DE1_Uloha6\digi_safe\digi_safe.srcs\sources_1\imports\DE1\segment\segment.srcs\sources_1\new\bin2seg.vhd:]
WARNING: [filemgmt 56-199] Attempt to get parsing info during refresh. "On-the-fly" syntax checking information may be incorrect. [C:\Users\270925\Desktop\DE1_Uloha6\digi_safe\digi_safe.srcs\sim_1\new\safe_control_logic_tb.vhd:]
WARNING: [filemgmt 56-199] Attempt to get parsing info during refresh. "On-the-fly" syntax checking information may be incorrect. [C:\Users\270925\Desktop\DE1_Uloha6\digi_safe\digi_safe.srcs\sources_1\imports\new\debounce.vhd:]
WARNING: [filemgmt 56-199] Attempt to get parsing info during refresh. "On-the-fly" syntax checking information may be incorrect. [C:\Users\270925\Desktop\DE1_Uloha6\digi_safe\digi_safe.srcs\sources_1\new\digi_safe.vhd:]
WARNING: [filemgmt 56-199] Attempt to get parsing info during refresh. "On-the-fly" syntax checking information may be incorrect. [C:\Users\270925\Desktop\DE1_Uloha6\digi_safe\digi_safe.srcs\sources_1\new\digi_safe.vhd:]
WARNING: [filemgmt 56-199] Attempt to get parsing info during refresh. "On-the-fly" syntax checking information may be incorrect. [C:\Users\270925\Desktop\DE1_Uloha6\digi_safe\digi_safe.srcs\sources_1\new\digi_safe.vhd:]
WARNING: [filemgmt 56-199] Attempt to get parsing info during refresh. "On-the-fly" syntax checking information may be incorrect. [C:\Users\270925\Desktop\DE1_Uloha6\digi_safe\digi_safe.srcs\sim_1\new\debounce_tb.vhd:]
WARNING: [filemgmt 56-199] Attempt to get parsing info during refresh. "On-the-fly" syntax checking information may be incorrect. [C:\Users\270925\Desktop\DE1_Uloha6\digi_safe\digi_safe.srcs\sources_1\imports\DE1\segment\segment.srcs\sources_1\new\bin2seg.vhd:]
WARNING: [filemgmt 56-199] Attempt to get parsing info during refresh. "On-the-fly" syntax checking information may be incorrect. [C:\Users\270925\Desktop\DE1_Uloha6\digi_safe\digi_safe.srcs\sim_1\new\safe_control_logic_tb.vhd:]
WARNING: [filemgmt 56-199] Attempt to get parsing info during refresh. "On-the-fly" syntax checking information may be incorrect. [C:\Users\270925\Desktop\DE1_Uloha6\digi_safe\digi_safe.srcs\sources_1\imports\new\debounce.vhd:]
WARNING: [filemgmt 56-199] Attempt to get parsing info during refresh. "On-the-fly" syntax checking information may be incorrect. [C:\Users\270925\Desktop\DE1_Uloha6\digi_safe\digi_safe.srcs\sources_1\imports\DE1\segment\segment.srcs\sources_1\new\bin2seg.vhd:]
WARNING: [filemgmt 56-199] Attempt to get parsing info during refresh. "On-the-fly" syntax checking information may be incorrect. [C:\Users\270925\Desktop\DE1_Uloha6\digi_safe\digi_safe.srcs\sources_1\imports\DE1\segment\segment.srcs\sources_1\new\bin2seg.vhd:]
WARNING: [filemgmt 56-199] Attempt to get parsing info during refresh. "On-the-fly" syntax checking information may be incorrect. [C:\Users\270925\Desktop\DE1_Uloha6\digi_safe\digi_safe.srcs\sources_1\new\digi_safe.vhd:]
WARNING: [filemgmt 56-199] Attempt to get parsing info during refresh. "On-the-fly" syntax checking information may be incorrect. [C:\Users\270925\Desktop\DE1_Uloha6\digi_safe\digi_safe.srcs\sim_1\new\debounce_tb.vhd:]
WARNING: [filemgmt 56-199] Attempt to get parsing info during refresh. "On-the-fly" syntax checking information may be incorrect. [C:\Users\270925\Desktop\DE1_Uloha6\digi_safe\digi_safe.srcs\sources_1\imports\DE1\segment\segment.srcs\sources_1\new\bin2seg.vhd:]
WARNING: [filemgmt 56-199] Attempt to get parsing info during refresh. "On-the-fly" syntax checking information may be incorrect. [C:\Users\270925\Desktop\DE1_Uloha6\digi_safe\digi_safe.srcs\sim_1\new\safe_control_logic_tb.vhd:]
WARNING: [filemgmt 56-199] Attempt to get parsing info during refresh. "On-the-fly" syntax checking information may be incorrect. [C:\Users\270925\Desktop\DE1_Uloha6\digi_safe\digi_safe.srcs\sources_1\imports\new\debounce.vhd:]
WARNING: [filemgmt 56-199] Attempt to get parsing info during refresh. "On-the-fly" syntax checking information may be incorrect. [C:\Users\270925\Desktop\DE1_Uloha6\digi_safe\digi_safe.srcs\sources_1\imports\new\debounce.vhd:]
WARNING: [filemgmt 56-199] Attempt to get parsing info during refresh. "On-the-fly" syntax checking information may be incorrect. [C:\Users\270925\Desktop\DE1_Uloha6\digi_safe\digi_safe.srcs\sources_1\imports\new\debounce.vhd:]
WARNING: [filemgmt 56-199] Attempt to get parsing info during refresh. "On-the-fly" syntax checking information may be incorrect. [C:\Users\270925\Desktop\DE1_Uloha6\digi_safe\digi_safe.srcs\sources_1\new\digi_safe.vhd:]
WARNING: [filemgmt 56-199] Attempt to get parsing info during refresh. "On-the-fly" syntax checking information may be incorrect. [C:\Users\270925\Desktop\DE1_Uloha6\digi_safe\digi_safe.srcs\sim_1\new\debounce_tb.vhd:]
WARNING: [filemgmt 56-199] Attempt to get parsing info during refresh. "On-the-fly" syntax checking information may be incorrect. [C:\Users\270925\Desktop\DE1_Uloha6\digi_safe\digi_safe.srcs\sources_1\imports\DE1\segment\segment.srcs\sources_1\new\bin2seg.vhd:]
WARNING: [filemgmt 56-199] Attempt to get parsing info during refresh. "On-the-fly" syntax checking information may be incorrect. [C:\Users\270925\Desktop\DE1_Uloha6\digi_safe\digi_safe.srcs\sim_1\new\safe_control_logic_tb.vhd:]
WARNING: [filemgmt 56-199] Attempt to get parsing info during refresh. "On-the-fly" syntax checking information may be incorrect. [C:\Users\270925\Desktop\DE1_Uloha6\digi_safe\digi_safe.srcs\sources_1\imports\new\debounce.vhd:]
WARNING: [filemgmt 56-199] Attempt to get parsing info during refresh. "On-the-fly" syntax checking information may be incorrect. [C:\Users\270925\Desktop\DE1_Uloha6\digi_safe\digi_safe.srcs\sim_1\new\safe_control_logic_tb.vhd:]
WARNING: [filemgmt 56-199] Attempt to get parsing info during refresh. "On-the-fly" syntax checking information may be incorrect. [C:\Users\270925\Desktop\DE1_Uloha6\digi_safe\digi_safe.srcs\sim_1\new\safe_control_logic_tb.vhd:]
ERROR: [Common 17-180] Spawn failed: The operation completed successfully.

update_compile_order -fileset sim_1
WARNING: [filemgmt 56-199] Attempt to get parsing info during refresh. "On-the-fly" syntax checking information may be incorrect. [C:\Users\270925\Desktop\DE1_Uloha6\digi_safe\digi_safe.srcs\sources_1\new\safe_control_logic.vhd:]
WARNING: [filemgmt 56-199] Attempt to get parsing info during refresh. "On-the-fly" syntax checking information may be incorrect. [C:\Users\270925\Desktop\DE1_Uloha6\digi_safe\digi_safe.srcs\sim_1\new\safe_control_logic_tb.vhd:]
WARNING: [filemgmt 56-199] Attempt to get parsing info during refresh. "On-the-fly" syntax checking information may be incorrect. [C:\Users\270925\Desktop\DE1_Uloha6\digi_safe\digi_safe.srcs\sources_1\new\safe_control_logic.vhd:]
WARNING: [filemgmt 56-199] Attempt to get parsing info during refresh. "On-the-fly" syntax checking information may be incorrect. [C:\Users\270925\Desktop\DE1_Uloha6\digi_safe\digi_safe.srcs\sources_1\new\safe_control_logic.vhd:]
set_property top cfg_tb_safe_control_logic [get_filesets sim_1]
set_property top_lib xil_defaultlib [get_filesets sim_1]
WARNING: [filemgmt 56-199] Attempt to get parsing info during refresh. "On-the-fly" syntax checking information may be incorrect. [C:\Users\270925\Desktop\DE1_Uloha6\digi_safe\digi_safe.srcs\sources_1\new\safe_control_logic.vhd:]
WARNING: [filemgmt 56-199] Attempt to get parsing info during refresh. "On-the-fly" syntax checking information may be incorrect. [C:\Users\270925\Desktop\DE1_Uloha6\digi_safe\digi_safe.srcs\sim_1\new\safe_control_logic_tb.vhd:]
WARNING: [filemgmt 56-199] Attempt to get parsing info during refresh. "On-the-fly" syntax checking information may be incorrect. [C:\Users\270925\Desktop\DE1_Uloha6\digi_safe\digi_safe.srcs\sources_1\new\safe_control_logic.vhd:]
WARNING: [filemgmt 56-199] Attempt to get parsing info during refresh. "On-the-fly" syntax checking information may be incorrect. [C:\Users\270925\Desktop\DE1_Uloha6\digi_safe\digi_safe.srcs\sources_1\new\safe_control_logic.vhd:]
ERROR: [Common 17-180] Spawn failed: The operation completed successfully.

update_compile_order -fileset sim_1
WARNING: [filemgmt 56-199] Attempt to get parsing info during refresh. "On-the-fly" syntax checking information may be incorrect. [C:\Users\270925\Desktop\DE1_Uloha6\digi_safe\digi_safe.srcs\sources_1\new\safe_control_logic.vhd:]
WARNING: [filemgmt 56-199] Attempt to get parsing info during refresh. "On-the-fly" syntax checking information may be incorrect. [C:\Users\270925\Desktop\DE1_Uloha6\digi_safe\digi_safe.srcs\sim_1\new\safe_control_logic_tb.vhd:]
WARNING: [filemgmt 56-199] Attempt to get parsing info during refresh. "On-the-fly" syntax checking information may be incorrect. [C:\Users\270925\Desktop\DE1_Uloha6\digi_safe\digi_safe.srcs\sources_1\new\safe_control_logic.vhd:]
WARNING: [filemgmt 56-199] Attempt to get parsing info during refresh. "On-the-fly" syntax checking information may be incorrect. [C:\Users\270925\Desktop\DE1_Uloha6\digi_safe\digi_safe.srcs\sources_1\new\safe_control_logic.vhd:]
ERROR: [Common 17-180] Spawn failed: The operation completed successfully.

launch_simulation
Command: launch_simulation 
INFO: [Vivado 12-25911] Executing simulation for 'XSim' simulator
INFO: [Vivado 12-28535] Process started - Wed Apr 22 17:09:14 2026

INFO: [Vivado 12-12493] Simulation top is 'cfg_tb_safe_control_logic'
INFO: [Vivado 12-5682] Launching behavioral simulation in 'C:/Users/270925/Desktop/DE1_Uloha6/digi_safe/digi_safe.sim/sim_1/behav/xsim'
INFO: [SIM-utils-51] Simulation object is 'sim_1'
INFO: [SIM-utils-72] Using boost library from 'C:/Appz/AMDDesignTools/2025.2/Vivado/tps/boost_1_72_0'
INFO: [SIM-utils-54] Inspecting design source files for 'cfg_tb_safe_control_logic' in fileset 'sim_1'...
INFO: [USF-XSim-97] Finding global include files...
INFO: [USF-XSim-98] Fetching design files from 'sim_1'...
INFO: [USF-XSim-2] XSim::Compile design
INFO: [USF-XSim-61] Executing 'COMPILE and ANALYZE' step in 'C:/Users/270925/Desktop/DE1_Uloha6/digi_safe/digi_safe.sim/sim_1/behav/xsim'
"xvhdl --incr --relax -prj cfg_tb_safe_control_logic_vhdl.prj"
INFO: [VRFC 10-163] Analyzing VHDL file "C:/Users/270925/Desktop/DE1_Uloha6/digi_safe/digi_safe.srcs/sim_1/new/safe_control_logic_tb.vhd" into library xil_defaultlib
INFO: [VRFC 10-3107] analyzing entity 'tb_safe_control_logic'
INFO: [USF-XSim-69] 'compile' step finished in '1' seconds
INFO: [USF-XSim-3] XSim::Elaborate design
INFO: [USF-XSim-61] Executing 'ELABORATE' step in 'C:/Users/270925/Desktop/DE1_Uloha6/digi_safe/digi_safe.sim/sim_1/behav/xsim'
"xelab --incr --debug typical --relax --mt 2 -L xil_defaultlib -L secureip --snapshot cfg_tb_safe_control_logic_behav xil_defaultlib.cfg_tb_safe_control_logic -log elaborate.log"
Vivado Simulator v2025.2
Copyright 1986-2022 Xilinx, Inc. All Rights Reserved.
Copyright 2022-2025 Advanced Micro Devices, Inc. All Rights Reserved.
Running: C:/Appz/AMDDesignTools/2025.2/Vivado/bin/unwrapped/win64.o/xelab.exe --incr --debug typical --relax --mt 2 -L xil_defaultlib -L secureip --snapshot cfg_tb_safe_control_logic_behav xil_defaultlib.cfg_tb_safe_control_logic -log elaborate.log 
Using 2 slave threads.
Starting static elaboration
Completed static elaboration
Starting simulation data flow analysis
Completed simulation data flow analysis
Time Resolution for simulation is 1ps
Compiling package std.standard
Compiling package std.textio
Compiling package ieee.std_logic_1164
Compiling architecture behavioral of entity xil_defaultlib.safe_control_logic [safe_control_logic_default]
Compiling architecture tb of entity xil_defaultlib.tb_safe_control_logic [tb_safe_control_logic_cfg_tb_saf...]
Built simulation snapshot cfg_tb_safe_control_logic_behav
INFO: [USF-XSim-69] 'elaborate' step finished in '1' seconds
INFO: [USF-XSim-4] XSim::Simulate design
INFO: [USF-XSim-61] Executing 'SIMULATE' step in 'C:/Users/270925/Desktop/DE1_Uloha6/digi_safe/digi_safe.sim/sim_1/behav/xsim'
INFO: [USF-XSim-98] *** Running xsim
   with args "cfg_tb_safe_control_logic_behav -key {Behavioral:sim_1:Functional:cfg_tb_safe_control_logic} -tclbatch {cfg_tb_safe_control_logic.tcl} -log {simulate.log}"
INFO: [USF-XSim-8] Loading simulator feature
Time resolution is 1 ps
source cfg_tb_safe_control_logic.tcl
# set curr_wave [current_wave_config]
# if { [string length $curr_wave] == 0 } {
#   if { [llength [get_objects]] > 0} {
#     add_wave /
#     set_property needs_save false [current_wave_config]
#   } else {
#      send_msg_id Add_Wave-1 WARNING "No top level signals found. Simulator will start without a wave window. If you want to open a wave window go to 'File->New Waveform Configuration' or type 'create_wave_config' in the TCL console."
#   }
# }
# run 1000ns
INFO: [USF-XSim-96] XSim completed. Design snapshot 'cfg_tb_safe_control_logic_behav' loaded.
INFO: [USF-XSim-97] XSim simulation ran for 1000ns
launch_simulation: Time (s): cpu = 00:00:02 ; elapsed = 00:00:05 . Memory (MB): peak = 3479.426 ; gain = 0.000
set_property top cfg_tb_digi_safe [get_filesets sim_1]
set_property top_lib xil_defaultlib [get_filesets sim_1]
update_compile_order -fileset sim_1
WARNING: [filemgmt 56-199] Attempt to get parsing info during refresh. "On-the-fly" syntax checking information may be incorrect. [C:\Users\270925\Desktop\DE1_Uloha6\digi_safe\digi_safe.srcs\sources_1\new\safe_control_logic.vhd:]
WARNING: [filemgmt 56-199] Attempt to get parsing info during refresh. "On-the-fly" syntax checking information may be incorrect. [C:\Users\270925\Desktop\DE1_Uloha6\digi_safe\digi_safe.srcs\sim_1\new\safe_control_logic_tb.vhd:]
WARNING: [filemgmt 56-199] Attempt to get parsing info during refresh. "On-the-fly" syntax checking information may be incorrect. [C:\Users\270925\Desktop\DE1_Uloha6\digi_safe\digi_safe.srcs\sim_1\new\safe_control_logic_tb.vhd:]
WARNING: [filemgmt 56-199] Attempt to get parsing info during refresh. "On-the-fly" syntax checking information may be incorrect. [C:\Users\270925\Desktop\DE1_Uloha6\digi_safe\digi_safe.srcs\sim_1\new\safe_control_logic_tb.vhd:]
close_sim
INFO: [Simtcl 6-16] Simulation closed
set_property SOURCE_SET sources_1 [get_filesets sim_1]
close [ open C:/Users/270925/Desktop/DE1_Uloha6/digi_safe/digi_safe.srcs/sim_1/new/clk_en_tb.vhd w ]
add_files -fileset sim_1 C:/Users/270925/Desktop/DE1_Uloha6/digi_safe/digi_safe.srcs/sim_1/new/clk_en_tb.vhd
update_compile_order -fileset sim_1
WARNING: [filemgmt 56-199] Attempt to get parsing info during refresh. "On-the-fly" syntax checking information may be incorrect. [C:\Users\270925\Desktop\DE1_Uloha6\digi_safe\digi_safe.srcs\sources_1\new\safe_control_logic.vhd:]
WARNING: [filemgmt 56-199] Attempt to get parsing info during refresh. "On-the-fly" syntax checking information may be incorrect. [C:\Users\270925\Desktop\DE1_Uloha6\digi_safe\digi_safe.srcs\sim_1\new\safe_control_logic_tb.vhd:]
WARNING: [filemgmt 56-199] Attempt to get parsing info during refresh. "On-the-fly" syntax checking information may be incorrect. [C:\Users\270925\Desktop\DE1_Uloha6\digi_safe\digi_safe.srcs\sources_1\new\safe_control_logic.vhd:]
WARNING: [filemgmt 56-199] Attempt to get parsing info during refresh. "On-the-fly" syntax checking information may be incorrect. [C:\Users\270925\Desktop\DE1_Uloha6\digi_safe\digi_safe.srcs\sources_1\new\safe_control_logic.vhd:]
launch_simulation
Command: launch_simulation 
INFO: [Vivado 12-25911] Executing simulation for 'XSim' simulator
INFO: [Vivado 12-28535] Process started - Wed Apr 22 17:18:01 2026

INFO: [Vivado 12-12493] Simulation top is 'cfg_tb_digi_safe'
INFO: [Vivado 12-5682] Launching behavioral simulation in 'C:/Users/270925/Desktop/DE1_Uloha6/digi_safe/digi_safe.sim/sim_1/behav/xsim'
INFO: [SIM-utils-51] Simulation object is 'sim_1'
INFO: [SIM-utils-72] Using boost library from 'C:/Appz/AMDDesignTools/2025.2/Vivado/tps/boost_1_72_0'
INFO: [SIM-utils-54] Inspecting design source files for 'cfg_tb_digi_safe' in fileset 'sim_1'...
INFO: [USF-XSim-97] Finding global include files...
INFO: [USF-XSim-98] Fetching design files from 'sim_1'...
INFO: [USF-XSim-2] XSim::Compile design
INFO: [USF-XSim-61] Executing 'COMPILE and ANALYZE' step in 'C:/Users/270925/Desktop/DE1_Uloha6/digi_safe/digi_safe.sim/sim_1/behav/xsim'
"xvhdl --incr --relax -prj cfg_tb_digi_safe_vhdl.prj"
INFO: [USF-XSim-69] 'compile' step finished in '1' seconds
INFO: [USF-XSim-3] XSim::Elaborate design
INFO: [USF-XSim-61] Executing 'ELABORATE' step in 'C:/Users/270925/Desktop/DE1_Uloha6/digi_safe/digi_safe.sim/sim_1/behav/xsim'
"xelab --incr --debug typical --relax --mt 2 -L xil_defaultlib -L secureip --snapshot cfg_tb_digi_safe_behav xil_defaultlib.cfg_tb_digi_safe -log elaborate.log"
Vivado Simulator v2025.2
Copyright 1986-2022 Xilinx, Inc. All Rights Reserved.
Copyright 2022-2025 Advanced Micro Devices, Inc. All Rights Reserved.
Running: C:/Appz/AMDDesignTools/2025.2/Vivado/bin/unwrapped/win64.o/xelab.exe --incr --debug typical --relax --mt 2 -L xil_defaultlib -L secureip --snapshot cfg_tb_digi_safe_behav xil_defaultlib.cfg_tb_digi_safe -log elaborate.log 
Using 2 slave threads.
Starting static elaboration
Completed static elaboration
INFO: [XSIM 43-4323] No Change in HDL. Linking previously generated obj files to create kernel
INFO: [USF-XSim-69] 'elaborate' step finished in '1' seconds
INFO: [USF-XSim-4] XSim::Simulate design
INFO: [USF-XSim-61] Executing 'SIMULATE' step in 'C:/Users/270925/Desktop/DE1_Uloha6/digi_safe/digi_safe.sim/sim_1/behav/xsim'
INFO: [USF-XSim-98] *** Running xsim
   with args "cfg_tb_digi_safe_behav -key {Behavioral:sim_1:Functional:cfg_tb_digi_safe} -tclbatch {cfg_tb_digi_safe.tcl} -log {simulate.log}"
INFO: [USF-XSim-8] Loading simulator feature
Time resolution is 1 ps
source cfg_tb_digi_safe.tcl
# set curr_wave [current_wave_config]
# if { [string length $curr_wave] == 0 } {
#   if { [llength [get_objects]] > 0} {
#     add_wave /
#     set_property needs_save false [current_wave_config]
#   } else {
#      send_msg_id Add_Wave-1 WARNING "No top level signals found. Simulator will start without a wave window. If you want to open a wave window go to 'File->New Waveform Configuration' or type 'create_wave_config' in the TCL console."
#   }
# }
# run 1000ns
INFO: [USF-XSim-96] XSim completed. Design snapshot 'cfg_tb_digi_safe_behav' loaded.
INFO: [USF-XSim-97] XSim simulation ran for 1000ns
close_sim
INFO: [Simtcl 6-16] Simulation closed
set_property top cfg_tb_clk_en [get_filesets sim_1]
set_property top_lib xil_defaultlib [get_filesets sim_1]
WARNING: [filemgmt 56-199] Attempt to get parsing info during refresh. "On-the-fly" syntax checking information may be incorrect. [C:\Users\270925\Desktop\DE1_Uloha6\digi_safe\digi_safe.srcs\sources_1\new\safe_control_logic.vhd:]
WARNING: [filemgmt 56-199] Attempt to get parsing info during refresh. "On-the-fly" syntax checking information may be incorrect. [C:\Users\270925\Desktop\DE1_Uloha6\digi_safe\digi_safe.srcs\sim_1\new\clk_en_tb.vhd:]
WARNING: [filemgmt 56-199] Attempt to get parsing info during refresh. "On-the-fly" syntax checking information may be incorrect. [C:\Users\270925\Desktop\DE1_Uloha6\digi_safe\digi_safe.srcs\sim_1\new\safe_control_logic_tb.vhd:]
WARNING: [filemgmt 56-199] Attempt to get parsing info during refresh. "On-the-fly" syntax checking information may be incorrect. [C:\Users\270925\Desktop\DE1_Uloha6\digi_safe\digi_safe.srcs\sources_1\imports\new\clk_en.vhd:]
WARNING: [filemgmt 56-199] Attempt to get parsing info during refresh. "On-the-fly" syntax checking information may be incorrect. [C:\Users\270925\Desktop\DE1_Uloha6\digi_safe\digi_safe.srcs\sources_1\new\safe_control_logic.vhd:]
WARNING: [filemgmt 56-199] Attempt to get parsing info during refresh. "On-the-fly" syntax checking information may be incorrect. [C:\Users\270925\Desktop\DE1_Uloha6\digi_safe\digi_safe.srcs\sources_1\new\safe_control_logic.vhd:]
WARNING: [filemgmt 56-199] Attempt to get parsing info during refresh. "On-the-fly" syntax checking information may be incorrect. [C:\Users\270925\Desktop\DE1_Uloha6\digi_safe\digi_safe.srcs\sources_1\new\safe_control_logic.vhd:]
WARNING: [filemgmt 56-199] Attempt to get parsing info during refresh. "On-the-fly" syntax checking information may be incorrect. [C:\Users\270925\Desktop\DE1_Uloha6\digi_safe\digi_safe.srcs\sim_1\new\clk_en_tb.vhd:]
WARNING: [filemgmt 56-199] Attempt to get parsing info during refresh. "On-the-fly" syntax checking information may be incorrect. [C:\Users\270925\Desktop\DE1_Uloha6\digi_safe\digi_safe.srcs\sim_1\new\safe_control_logic_tb.vhd:]
WARNING: [filemgmt 56-199] Attempt to get parsing info during refresh. "On-the-fly" syntax checking information may be incorrect. [C:\Users\270925\Desktop\DE1_Uloha6\digi_safe\digi_safe.srcs\sources_1\imports\new\clk_en.vhd:]
WARNING: [filemgmt 56-199] Attempt to get parsing info during refresh. "On-the-fly" syntax checking information may be incorrect. [C:\Users\270925\Desktop\DE1_Uloha6\digi_safe\digi_safe.srcs\sources_1\imports\new\clk_en.vhd:]
WARNING: [filemgmt 56-199] Attempt to get parsing info during refresh. "On-the-fly" syntax checking information may be incorrect. [C:\Users\270925\Desktop\DE1_Uloha6\digi_safe\digi_safe.srcs\sources_1\imports\new\clk_en.vhd:]
WARNING: [filemgmt 56-199] Attempt to get parsing info during refresh. "On-the-fly" syntax checking information may be incorrect. [C:\Users\270925\Desktop\DE1_Uloha6\digi_safe\digi_safe.srcs\sources_1\new\safe_control_logic.vhd:]
WARNING: [filemgmt 56-199] Attempt to get parsing info during refresh. "On-the-fly" syntax checking information may be incorrect. [C:\Users\270925\Desktop\DE1_Uloha6\digi_safe\digi_safe.srcs\sim_1\new\clk_en_tb.vhd:]
WARNING: [filemgmt 56-199] Attempt to get parsing info during refresh. "On-the-fly" syntax checking information may be incorrect. [C:\Users\270925\Desktop\DE1_Uloha6\digi_safe\digi_safe.srcs\sim_1\new\safe_control_logic_tb.vhd:]
WARNING: [filemgmt 56-199] Attempt to get parsing info during refresh. "On-the-fly" syntax checking information may be incorrect. [C:\Users\270925\Desktop\DE1_Uloha6\digi_safe\digi_safe.srcs\sources_1\imports\new\clk_en.vhd:]
WARNING: [filemgmt 56-199] Attempt to get parsing info during refresh. "On-the-fly" syntax checking information may be incorrect. [C:\Users\270925\Desktop\DE1_Uloha6\digi_safe\digi_safe.srcs\sim_1\new\clk_en_tb.vhd:]
WARNING: [filemgmt 56-199] Attempt to get parsing info during refresh. "On-the-fly" syntax checking information may be incorrect. [C:\Users\270925\Desktop\DE1_Uloha6\digi_safe\digi_safe.srcs\sim_1\new\clk_en_tb.vhd:]
ERROR: [Common 17-180] Spawn failed: The operation completed successfully.

update_compile_order -fileset sim_1
WARNING: [filemgmt 56-199] Attempt to get parsing info during refresh. "On-the-fly" syntax checking information may be incorrect. [C:\Users\270925\Desktop\DE1_Uloha6\digi_safe\digi_safe.srcs\sources_1\new\safe_control_logic.vhd:]
WARNING: [filemgmt 56-199] Attempt to get parsing info during refresh. "On-the-fly" syntax checking information may be incorrect. [C:\Users\270925\Desktop\DE1_Uloha6\digi_safe\digi_safe.srcs\sim_1\new\clk_en_tb.vhd:]
WARNING: [filemgmt 56-199] Attempt to get parsing info during refresh. "On-the-fly" syntax checking information may be incorrect. [C:\Users\270925\Desktop\DE1_Uloha6\digi_safe\digi_safe.srcs\sim_1\new\safe_control_logic_tb.vhd:]
WARNING: [filemgmt 56-199] Attempt to get parsing info during refresh. "On-the-fly" syntax checking information may be incorrect. [C:\Users\270925\Desktop\DE1_Uloha6\digi_safe\digi_safe.srcs\sources_1\imports\new\clk_en.vhd:]
WARNING: [filemgmt 56-199] Attempt to get parsing info during refresh. "On-the-fly" syntax checking information may be incorrect. [C:\Users\270925\Desktop\DE1_Uloha6\digi_safe\digi_safe.srcs\sim_1\new\safe_control_logic_tb.vhd:]
WARNING: [filemgmt 56-199] Attempt to get parsing info during refresh. "On-the-fly" syntax checking information may be incorrect. [C:\Users\270925\Desktop\DE1_Uloha6\digi_safe\digi_safe.srcs\sim_1\new\safe_control_logic_tb.vhd:]
WARNING: [filemgmt 56-199] Attempt to get parsing info during refresh. "On-the-fly" syntax checking information may be incorrect. [C:\Users\270925\Desktop\DE1_Uloha6\digi_safe\digi_safe.srcs\sources_1\new\safe_control_logic.vhd:]
WARNING: [filemgmt 56-199] Attempt to get parsing info during refresh. "On-the-fly" syntax checking information may be incorrect. [C:\Users\270925\Desktop\DE1_Uloha6\digi_safe\digi_safe.srcs\sim_1\new\clk_en_tb.vhd:]
WARNING: [filemgmt 56-199] Attempt to get parsing info during refresh. "On-the-fly" syntax checking information may be incorrect. [C:\Users\270925\Desktop\DE1_Uloha6\digi_safe\digi_safe.srcs\sim_1\new\safe_control_logic_tb.vhd:]
WARNING: [filemgmt 56-199] Attempt to get parsing info during refresh. "On-the-fly" syntax checking information may be incorrect. [C:\Users\270925\Desktop\DE1_Uloha6\digi_safe\digi_safe.srcs\sources_1\imports\new\clk_en.vhd:]
WARNING: [filemgmt 56-199] Attempt to get parsing info during refresh. "On-the-fly" syntax checking information may be incorrect. [C:\Users\270925\Desktop\DE1_Uloha6\digi_safe\digi_safe.srcs\sources_1\new\safe_control_logic.vhd:]
WARNING: [filemgmt 56-199] Attempt to get parsing info during refresh. "On-the-fly" syntax checking information may be incorrect. [C:\Users\270925\Desktop\DE1_Uloha6\digi_safe\digi_safe.srcs\sources_1\new\safe_control_logic.vhd:]
WARNING: [filemgmt 56-199] Attempt to get parsing info during refresh. "On-the-fly" syntax checking information may be incorrect. [C:\Users\270925\Desktop\DE1_Uloha6\digi_safe\digi_safe.srcs\sources_1\new\safe_control_logic.vhd:]
WARNING: [filemgmt 56-199] Attempt to get parsing info during refresh. "On-the-fly" syntax checking information may be incorrect. [C:\Users\270925\Desktop\DE1_Uloha6\digi_safe\digi_safe.srcs\sim_1\new\clk_en_tb.vhd:]
WARNING: [filemgmt 56-199] Attempt to get parsing info during refresh. "On-the-fly" syntax checking information may be incorrect. [C:\Users\270925\Desktop\DE1_Uloha6\digi_safe\digi_safe.srcs\sim_1\new\safe_control_logic_tb.vhd:]
WARNING: [filemgmt 56-199] Attempt to get parsing info during refresh. "On-the-fly" syntax checking information may be incorrect. [C:\Users\270925\Desktop\DE1_Uloha6\digi_safe\digi_safe.srcs\sources_1\imports\new\clk_en.vhd:]
WARNING: [filemgmt 56-199] Attempt to get parsing info during refresh. "On-the-fly" syntax checking information may be incorrect. [C:\Users\270925\Desktop\DE1_Uloha6\digi_safe\digi_safe.srcs\sources_1\imports\new\clk_en.vhd:]
WARNING: [filemgmt 56-199] Attempt to get parsing info during refresh. "On-the-fly" syntax checking information may be incorrect. [C:\Users\270925\Desktop\DE1_Uloha6\digi_safe\digi_safe.srcs\sources_1\imports\new\clk_en.vhd:]
launch_simulation
Command: launch_simulation 
INFO: [Vivado 12-25911] Executing simulation for 'XSim' simulator
INFO: [Vivado 12-28535] Process started - Wed Apr 22 17:18:20 2026

INFO: [Vivado 12-12493] Simulation top is 'cfg_tb_clk_en'
INFO: [Vivado 12-5682] Launching behavioral simulation in 'C:/Users/270925/Desktop/DE1_Uloha6/digi_safe/digi_safe.sim/sim_1/behav/xsim'
INFO: [SIM-utils-51] Simulation object is 'sim_1'
INFO: [SIM-utils-72] Using boost library from 'C:/Appz/AMDDesignTools/2025.2/Vivado/tps/boost_1_72_0'
INFO: [SIM-utils-54] Inspecting design source files for 'cfg_tb_clk_en' in fileset 'sim_1'...
INFO: [USF-XSim-97] Finding global include files...
INFO: [USF-XSim-98] Fetching design files from 'sim_1'...
INFO: [USF-XSim-2] XSim::Compile design
INFO: [USF-XSim-61] Executing 'COMPILE and ANALYZE' step in 'C:/Users/270925/Desktop/DE1_Uloha6/digi_safe/digi_safe.sim/sim_1/behav/xsim'
"xvhdl --incr --relax -prj cfg_tb_clk_en_vhdl.prj"
INFO: [VRFC 10-163] Analyzing VHDL file "C:/Users/270925/Desktop/DE1_Uloha6/digi_safe/digi_safe.srcs/sim_1/new/clk_en_tb.vhd" into library xil_defaultlib
INFO: [VRFC 10-3107] analyzing entity 'tb_clk_en'
INFO: [USF-XSim-69] 'compile' step finished in '1' seconds
INFO: [USF-XSim-3] XSim::Elaborate design
INFO: [USF-XSim-61] Executing 'ELABORATE' step in 'C:/Users/270925/Desktop/DE1_Uloha6/digi_safe/digi_safe.sim/sim_1/behav/xsim'
"xelab --incr --debug typical --relax --mt 2 -L xil_defaultlib -L secureip --snapshot cfg_tb_clk_en_behav xil_defaultlib.cfg_tb_clk_en -log elaborate.log"
Vivado Simulator v2025.2
Copyright 1986-2022 Xilinx, Inc. All Rights Reserved.
Copyright 2022-2025 Advanced Micro Devices, Inc. All Rights Reserved.
Running: C:/Appz/AMDDesignTools/2025.2/Vivado/bin/unwrapped/win64.o/xelab.exe --incr --debug typical --relax --mt 2 -L xil_defaultlib -L secureip --snapshot cfg_tb_clk_en_behav xil_defaultlib.cfg_tb_clk_en -log elaborate.log 
Using 2 slave threads.
Starting static elaboration
Completed static elaboration
Starting simulation data flow analysis
Completed simulation data flow analysis
Time Resolution for simulation is 1ps
Compiling package std.standard
Compiling package std.textio
Compiling package ieee.std_logic_1164
Compiling architecture behavioral of entity xil_defaultlib.clk_en [clk_en_default]
Compiling architecture tb of entity xil_defaultlib.tb_clk_en [tb_clk_en_cfg_tb_clk_en]
Built simulation snapshot cfg_tb_clk_en_behav
INFO: [USF-XSim-69] 'elaborate' step finished in '2' seconds
INFO: [USF-XSim-4] XSim::Simulate design
INFO: [USF-XSim-61] Executing 'SIMULATE' step in 'C:/Users/270925/Desktop/DE1_Uloha6/digi_safe/digi_safe.sim/sim_1/behav/xsim'
INFO: [USF-XSim-98] *** Running xsim
   with args "cfg_tb_clk_en_behav -key {Behavioral:sim_1:Functional:cfg_tb_clk_en} -tclbatch {cfg_tb_clk_en.tcl} -log {simulate.log}"
INFO: [USF-XSim-8] Loading simulator feature
Time resolution is 1 ps
source cfg_tb_clk_en.tcl
# set curr_wave [current_wave_config]
# if { [string length $curr_wave] == 0 } {
#   if { [llength [get_objects]] > 0} {
#     add_wave /
#     set_property needs_save false [current_wave_config]
#   } else {
#      send_msg_id Add_Wave-1 WARNING "No top level signals found. Simulator will start without a wave window. If you want to open a wave window go to 'File->New Waveform Configuration' or type 'create_wave_config' in the TCL console."
#   }
# }
# run 1000ns
INFO: [USF-XSim-96] XSim completed. Design snapshot 'cfg_tb_clk_en_behav' loaded.
INFO: [USF-XSim-97] XSim simulation ran for 1000ns
launch_simulation: Time (s): cpu = 00:00:02 ; elapsed = 00:00:05 . Memory (MB): peak = 3479.426 ; gain = 0.000
close_sim
INFO: [Simtcl 6-16] Simulation closed
set_property SOURCE_SET sources_1 [get_filesets sim_1]
close [ open C:/Users/270925/Desktop/DE1_Uloha6/digi_safe/digi_safe.srcs/sim_1/new/bin2seg_tb.vhd w ]
add_files -fileset sim_1 C:/Users/270925/Desktop/DE1_Uloha6/digi_safe/digi_safe.srcs/sim_1/new/bin2seg_tb.vhd
WARNING: [filemgmt 56-199] Attempt to get parsing info during refresh. "On-the-fly" syntax checking information may be incorrect. [C:\Users\270925\Desktop\DE1_Uloha6\digi_safe\digi_safe.srcs\sources_1\new\safe_control_logic.vhd:]
WARNING: [filemgmt 56-199] Attempt to get parsing info during refresh. "On-the-fly" syntax checking information may be incorrect. [C:\Users\270925\Desktop\DE1_Uloha6\digi_safe\digi_safe.srcs\sim_1\new\clk_en_tb.vhd:]
WARNING: [filemgmt 56-199] Attempt to get parsing info during refresh. "On-the-fly" syntax checking information may be incorrect. [C:\Users\270925\Desktop\DE1_Uloha6\digi_safe\digi_safe.srcs\sim_1\new\safe_control_logic_tb.vhd:]
WARNING: [filemgmt 56-199] Attempt to get parsing info during refresh. "On-the-fly" syntax checking information may be incorrect. [C:\Users\270925\Desktop\DE1_Uloha6\digi_safe\digi_safe.srcs\sources_1\imports\new\clk_en.vhd:]
WARNING: [filemgmt 56-199] Attempt to get parsing info during refresh. "On-the-fly" syntax checking information may be incorrect. [C:\Users\270925\Desktop\DE1_Uloha6\digi_safe\digi_safe.srcs\sim_1\new\safe_control_logic_tb.vhd:]
WARNING: [filemgmt 56-199] Attempt to get parsing info during refresh. "On-the-fly" syntax checking information may be incorrect. [C:\Users\270925\Desktop\DE1_Uloha6\digi_safe\digi_safe.srcs\sim_1\new\safe_control_logic_tb.vhd:]
WARNING: [filemgmt 56-199] Attempt to get parsing info during refresh. "On-the-fly" syntax checking information may be incorrect. [C:\Users\270925\Desktop\DE1_Uloha6\digi_safe\digi_safe.srcs\sources_1\new\safe_control_logic.vhd:]
WARNING: [filemgmt 56-199] Attempt to get parsing info during refresh. "On-the-fly" syntax checking information may be incorrect. [C:\Users\270925\Desktop\DE1_Uloha6\digi_safe\digi_safe.srcs\sim_1\new\clk_en_tb.vhd:]
WARNING: [filemgmt 56-199] Attempt to get parsing info during refresh. "On-the-fly" syntax checking information may be incorrect. [C:\Users\270925\Desktop\DE1_Uloha6\digi_safe\digi_safe.srcs\sim_1\new\safe_control_logic_tb.vhd:]
WARNING: [filemgmt 56-199] Attempt to get parsing info during refresh. "On-the-fly" syntax checking information may be incorrect. [C:\Users\270925\Desktop\DE1_Uloha6\digi_safe\digi_safe.srcs\sources_1\imports\new\clk_en.vhd:]
WARNING: [filemgmt 56-199] Attempt to get parsing info during refresh. "On-the-fly" syntax checking information may be incorrect. [C:\Users\270925\Desktop\DE1_Uloha6\digi_safe\digi_safe.srcs\sim_1\new\clk_en_tb.vhd:]
WARNING: [filemgmt 56-199] Attempt to get parsing info during refresh. "On-the-fly" syntax checking information may be incorrect. [C:\Users\270925\Desktop\DE1_Uloha6\digi_safe\digi_safe.srcs\sim_1\new\clk_en_tb.vhd:]
WARNING: [filemgmt 56-199] Attempt to get parsing info during refresh. "On-the-fly" syntax checking information may be incorrect. [C:\Users\270925\Desktop\DE1_Uloha6\digi_safe\digi_safe.srcs\sources_1\new\safe_control_logic.vhd:]
WARNING: [filemgmt 56-199] Attempt to get parsing info during refresh. "On-the-fly" syntax checking information may be incorrect. [C:\Users\270925\Desktop\DE1_Uloha6\digi_safe\digi_safe.srcs\sim_1\new\clk_en_tb.vhd:]
WARNING: [filemgmt 56-199] Attempt to get parsing info during refresh. "On-the-fly" syntax checking information may be incorrect. [C:\Users\270925\Desktop\DE1_Uloha6\digi_safe\digi_safe.srcs\sim_1\new\safe_control_logic_tb.vhd:]
WARNING: [filemgmt 56-199] Attempt to get parsing info during refresh. "On-the-fly" syntax checking information may be incorrect. [C:\Users\270925\Desktop\DE1_Uloha6\digi_safe\digi_safe.srcs\sources_1\imports\new\clk_en.vhd:]
WARNING: [filemgmt 56-199] Attempt to get parsing info during refresh. "On-the-fly" syntax checking information may be incorrect. [C:\Users\270925\Desktop\DE1_Uloha6\digi_safe\digi_safe.srcs\sources_1\new\safe_control_logic.vhd:]
WARNING: [filemgmt 56-199] Attempt to get parsing info during refresh. "On-the-fly" syntax checking information may be incorrect. [C:\Users\270925\Desktop\DE1_Uloha6\digi_safe\digi_safe.srcs\sources_1\new\safe_control_logic.vhd:]
WARNING: [filemgmt 56-199] Attempt to get parsing info during refresh. "On-the-fly" syntax checking information may be incorrect. [C:\Users\270925\Desktop\DE1_Uloha6\digi_safe\digi_safe.srcs\sources_1\new\safe_control_logic.vhd:]
WARNING: [filemgmt 56-199] Attempt to get parsing info during refresh. "On-the-fly" syntax checking information may be incorrect. [C:\Users\270925\Desktop\DE1_Uloha6\digi_safe\digi_safe.srcs\sim_1\new\clk_en_tb.vhd:]
WARNING: [filemgmt 56-199] Attempt to get parsing info during refresh. "On-the-fly" syntax checking information may be incorrect. [C:\Users\270925\Desktop\DE1_Uloha6\digi_safe\digi_safe.srcs\sim_1\new\safe_control_logic_tb.vhd:]
WARNING: [filemgmt 56-199] Attempt to get parsing info during refresh. "On-the-fly" syntax checking information may be incorrect. [C:\Users\270925\Desktop\DE1_Uloha6\digi_safe\digi_safe.srcs\sources_1\imports\new\clk_en.vhd:]
WARNING: [filemgmt 56-199] Attempt to get parsing info during refresh. "On-the-fly" syntax checking information may be incorrect. [C:\Users\270925\Desktop\DE1_Uloha6\digi_safe\digi_safe.srcs\sim_1\new\safe_control_logic_tb.vhd:]
WARNING: [filemgmt 56-199] Attempt to get parsing info during refresh. "On-the-fly" syntax checking information may be incorrect. [C:\Users\270925\Desktop\DE1_Uloha6\digi_safe\digi_safe.srcs\sim_1\new\safe_control_logic_tb.vhd:]
WARNING: [filemgmt 56-199] Attempt to get parsing info during refresh. "On-the-fly" syntax checking information may be incorrect. [C:\Users\270925\Desktop\DE1_Uloha6\digi_safe\digi_safe.srcs\sources_1\new\safe_control_logic.vhd:]
WARNING: [filemgmt 56-199] Attempt to get parsing info during refresh. "On-the-fly" syntax checking information may be incorrect. [C:\Users\270925\Desktop\DE1_Uloha6\digi_safe\digi_safe.srcs\sim_1\new\clk_en_tb.vhd:]
WARNING: [filemgmt 56-199] Attempt to get parsing info during refresh. "On-the-fly" syntax checking information may be incorrect. [C:\Users\270925\Desktop\DE1_Uloha6\digi_safe\digi_safe.srcs\sim_1\new\safe_control_logic_tb.vhd:]
WARNING: [filemgmt 56-199] Attempt to get parsing info during refresh. "On-the-fly" syntax checking information may be incorrect. [C:\Users\270925\Desktop\DE1_Uloha6\digi_safe\digi_safe.srcs\sources_1\imports\new\clk_en.vhd:]
WARNING: [filemgmt 56-199] Attempt to get parsing info during refresh. "On-the-fly" syntax checking information may be incorrect. [C:\Users\270925\Desktop\DE1_Uloha6\digi_safe\digi_safe.srcs\sim_1\new\clk_en_tb.vhd:]
WARNING: [filemgmt 56-199] Attempt to get parsing info during refresh. "On-the-fly" syntax checking information may be incorrect. [C:\Users\270925\Desktop\DE1_Uloha6\digi_safe\digi_safe.srcs\sim_1\new\clk_en_tb.vhd:]
WARNING: [filemgmt 56-199] Attempt to get parsing info during refresh. "On-the-fly" syntax checking information may be incorrect. [C:\Users\270925\Desktop\DE1_Uloha6\digi_safe\digi_safe.srcs\sources_1\new\safe_control_logic.vhd:]
WARNING: [filemgmt 56-199] Attempt to get parsing info during refresh. "On-the-fly" syntax checking information may be incorrect. [C:\Users\270925\Desktop\DE1_Uloha6\digi_safe\digi_safe.srcs\sim_1\new\clk_en_tb.vhd:]
WARNING: [filemgmt 56-199] Attempt to get parsing info during refresh. "On-the-fly" syntax checking information may be incorrect. [C:\Users\270925\Desktop\DE1_Uloha6\digi_safe\digi_safe.srcs\sim_1\new\safe_control_logic_tb.vhd:]
WARNING: [filemgmt 56-199] Attempt to get parsing info during refresh. "On-the-fly" syntax checking information may be incorrect. [C:\Users\270925\Desktop\DE1_Uloha6\digi_safe\digi_safe.srcs\sources_1\imports\new\clk_en.vhd:]
WARNING: [filemgmt 56-199] Attempt to get parsing info during refresh. "On-the-fly" syntax checking information may be incorrect. [C:\Users\270925\Desktop\DE1_Uloha6\digi_safe\digi_safe.srcs\sources_1\new\safe_control_logic.vhd:]
WARNING: [filemgmt 56-199] Attempt to get parsing info during refresh. "On-the-fly" syntax checking information may be incorrect. [C:\Users\270925\Desktop\DE1_Uloha6\digi_safe\digi_safe.srcs\sources_1\new\safe_control_logic.vhd:]
ERROR: [Common 17-180] Spawn failed: The operation completed successfully.

update_compile_order -fileset sim_1
WARNING: [filemgmt 56-199] Attempt to get parsing info during refresh. "On-the-fly" syntax checking information may be incorrect. [C:\Users\270925\Desktop\DE1_Uloha6\digi_safe\digi_safe.srcs\sources_1\imports\DE1\segment\segment.srcs\sources_1\new\bin2seg.vhd:]
WARNING: [filemgmt 56-199] Attempt to get parsing info during refresh. "On-the-fly" syntax checking information may be incorrect. [C:\Users\270925\Desktop\DE1_Uloha6\digi_safe\digi_safe.srcs\sources_1\new\safe_control_logic.vhd:]
WARNING: [filemgmt 56-199] Attempt to get parsing info during refresh. "On-the-fly" syntax checking information may be incorrect. [C:\Users\270925\Desktop\DE1_Uloha6\digi_safe\digi_safe.srcs\sim_1\new\bin2seg_tb.vhd:]
WARNING: [filemgmt 56-199] Attempt to get parsing info during refresh. "On-the-fly" syntax checking information may be incorrect. [C:\Users\270925\Desktop\DE1_Uloha6\digi_safe\digi_safe.srcs\sim_1\new\clk_en_tb.vhd:]
WARNING: [filemgmt 56-199] Attempt to get parsing info during refresh. "On-the-fly" syntax checking information may be incorrect. [C:\Users\270925\Desktop\DE1_Uloha6\digi_safe\digi_safe.srcs\sim_1\new\safe_control_logic_tb.vhd:]
WARNING: [filemgmt 56-199] Attempt to get parsing info during refresh. "On-the-fly" syntax checking information may be incorrect. [C:\Users\270925\Desktop\DE1_Uloha6\digi_safe\digi_safe.srcs\sources_1\imports\new\clk_en.vhd:]
WARNING: [filemgmt 56-199] Attempt to get parsing info during refresh. "On-the-fly" syntax checking information may be incorrect. [C:\Users\270925\Desktop\DE1_Uloha6\digi_safe\digi_safe.srcs\sim_1\new\safe_control_logic_tb.vhd:]
WARNING: [filemgmt 56-199] Attempt to get parsing info during refresh. "On-the-fly" syntax checking information may be incorrect. [C:\Users\270925\Desktop\DE1_Uloha6\digi_safe\digi_safe.srcs\sim_1\new\safe_control_logic_tb.vhd:]
WARNING: [filemgmt 56-199] Attempt to get parsing info during refresh. "On-the-fly" syntax checking information may be incorrect. [C:\Users\270925\Desktop\DE1_Uloha6\digi_safe\digi_safe.srcs\sources_1\imports\DE1\segment\segment.srcs\sources_1\new\bin2seg.vhd:]
WARNING: [filemgmt 56-199] Attempt to get parsing info during refresh. "On-the-fly" syntax checking information may be incorrect. [C:\Users\270925\Desktop\DE1_Uloha6\digi_safe\digi_safe.srcs\sources_1\new\safe_control_logic.vhd:]
WARNING: [filemgmt 56-199] Attempt to get parsing info during refresh. "On-the-fly" syntax checking information may be incorrect. [C:\Users\270925\Desktop\DE1_Uloha6\digi_safe\digi_safe.srcs\sim_1\new\bin2seg_tb.vhd:]
WARNING: [filemgmt 56-199] Attempt to get parsing info during refresh. "On-the-fly" syntax checking information may be incorrect. [C:\Users\270925\Desktop\DE1_Uloha6\digi_safe\digi_safe.srcs\sim_1\new\clk_en_tb.vhd:]
WARNING: [filemgmt 56-199] Attempt to get parsing info during refresh. "On-the-fly" syntax checking information may be incorrect. [C:\Users\270925\Desktop\DE1_Uloha6\digi_safe\digi_safe.srcs\sim_1\new\safe_control_logic_tb.vhd:]
WARNING: [filemgmt 56-199] Attempt to get parsing info during refresh. "On-the-fly" syntax checking information may be incorrect. [C:\Users\270925\Desktop\DE1_Uloha6\digi_safe\digi_safe.srcs\sources_1\imports\new\clk_en.vhd:]
WARNING: [filemgmt 56-199] Attempt to get parsing info during refresh. "On-the-fly" syntax checking information may be incorrect. [C:\Users\270925\Desktop\DE1_Uloha6\digi_safe\digi_safe.srcs\sources_1\new\safe_control_logic.vhd:]
WARNING: [filemgmt 56-199] Attempt to get parsing info during refresh. "On-the-fly" syntax checking information may be incorrect. [C:\Users\270925\Desktop\DE1_Uloha6\digi_safe\digi_safe.srcs\sources_1\new\safe_control_logic.vhd:]
WARNING: [filemgmt 56-199] Attempt to get parsing info during refresh. "On-the-fly" syntax checking information may be incorrect. [C:\Users\270925\Desktop\DE1_Uloha6\digi_safe\digi_safe.srcs\sources_1\imports\DE1\segment\segment.srcs\sources_1\new\bin2seg.vhd:]
WARNING: [filemgmt 56-199] Attempt to get parsing info during refresh. "On-the-fly" syntax checking information may be incorrect. [C:\Users\270925\Desktop\DE1_Uloha6\digi_safe\digi_safe.srcs\sources_1\new\safe_control_logic.vhd:]
WARNING: [filemgmt 56-199] Attempt to get parsing info during refresh. "On-the-fly" syntax checking information may be incorrect. [C:\Users\270925\Desktop\DE1_Uloha6\digi_safe\digi_safe.srcs\sim_1\new\bin2seg_tb.vhd:]
WARNING: [filemgmt 56-199] Attempt to get parsing info during refresh. "On-the-fly" syntax checking information may be incorrect. [C:\Users\270925\Desktop\DE1_Uloha6\digi_safe\digi_safe.srcs\sim_1\new\clk_en_tb.vhd:]
WARNING: [filemgmt 56-199] Attempt to get parsing info during refresh. "On-the-fly" syntax checking information may be incorrect. [C:\Users\270925\Desktop\DE1_Uloha6\digi_safe\digi_safe.srcs\sim_1\new\safe_control_logic_tb.vhd:]
WARNING: [filemgmt 56-199] Attempt to get parsing info during refresh. "On-the-fly" syntax checking information may be incorrect. [C:\Users\270925\Desktop\DE1_Uloha6\digi_safe\digi_safe.srcs\sources_1\imports\new\clk_en.vhd:]
WARNING: [filemgmt 56-199] Attempt to get parsing info during refresh. "On-the-fly" syntax checking information may be incorrect. [C:\Users\270925\Desktop\DE1_Uloha6\digi_safe\digi_safe.srcs\sim_1\new\bin2seg_tb.vhd:]
WARNING: [filemgmt 56-199] Attempt to get parsing info during refresh. "On-the-fly" syntax checking information may be incorrect. [C:\Users\270925\Desktop\DE1_Uloha6\digi_safe\digi_safe.srcs\sim_1\new\bin2seg_tb.vhd:]
WARNING: [filemgmt 56-199] Attempt to get parsing info during refresh. "On-the-fly" syntax checking information may be incorrect. [C:\Users\270925\Desktop\DE1_Uloha6\digi_safe\digi_safe.srcs\sources_1\imports\DE1\segment\segment.srcs\sources_1\new\bin2seg.vhd:]
WARNING: [filemgmt 56-199] Attempt to get parsing info during refresh. "On-the-fly" syntax checking information may be incorrect. [C:\Users\270925\Desktop\DE1_Uloha6\digi_safe\digi_safe.srcs\sources_1\new\safe_control_logic.vhd:]
WARNING: [filemgmt 56-199] Attempt to get parsing info during refresh. "On-the-fly" syntax checking information may be incorrect. [C:\Users\270925\Desktop\DE1_Uloha6\digi_safe\digi_safe.srcs\sim_1\new\bin2seg_tb.vhd:]
WARNING: [filemgmt 56-199] Attempt to get parsing info during refresh. "On-the-fly" syntax checking information may be incorrect. [C:\Users\270925\Desktop\DE1_Uloha6\digi_safe\digi_safe.srcs\sim_1\new\clk_en_tb.vhd:]
WARNING: [filemgmt 56-199] Attempt to get parsing info during refresh. "On-the-fly" syntax checking information may be incorrect. [C:\Users\270925\Desktop\DE1_Uloha6\digi_safe\digi_safe.srcs\sim_1\new\safe_control_logic_tb.vhd:]
WARNING: [filemgmt 56-199] Attempt to get parsing info during refresh. "On-the-fly" syntax checking information may be incorrect. [C:\Users\270925\Desktop\DE1_Uloha6\digi_safe\digi_safe.srcs\sources_1\imports\new\clk_en.vhd:]
WARNING: [filemgmt 56-199] Attempt to get parsing info during refresh. "On-the-fly" syntax checking information may be incorrect. [C:\Users\270925\Desktop\DE1_Uloha6\digi_safe\digi_safe.srcs\sources_1\imports\new\clk_en.vhd:]
WARNING: [filemgmt 56-199] Attempt to get parsing info during refresh. "On-the-fly" syntax checking information may be incorrect. [C:\Users\270925\Desktop\DE1_Uloha6\digi_safe\digi_safe.srcs\sources_1\imports\new\clk_en.vhd:]
set_property top cfg_tb_bin2seg [get_filesets sim_1]
set_property top_lib xil_defaultlib [get_filesets sim_1]
update_compile_order -fileset sim_1
WARNING: [filemgmt 56-199] Attempt to get parsing info during refresh. "On-the-fly" syntax checking information may be incorrect. [C:\Users\270925\Desktop\DE1_Uloha6\digi_safe\digi_safe.srcs\sources_1\imports\DE1\segment\segment.srcs\sources_1\new\bin2seg.vhd:]
WARNING: [filemgmt 56-199] Attempt to get parsing info during refresh. "On-the-fly" syntax checking information may be incorrect. [C:\Users\270925\Desktop\DE1_Uloha6\digi_safe\digi_safe.srcs\sources_1\new\safe_control_logic.vhd:]
WARNING: [filemgmt 56-199] Attempt to get parsing info during refresh. "On-the-fly" syntax checking information may be incorrect. [C:\Users\270925\Desktop\DE1_Uloha6\digi_safe\digi_safe.srcs\sim_1\new\bin2seg_tb.vhd:]
WARNING: [filemgmt 56-199] Attempt to get parsing info during refresh. "On-the-fly" syntax checking information may be incorrect. [C:\Users\270925\Desktop\DE1_Uloha6\digi_safe\digi_safe.srcs\sim_1\new\clk_en_tb.vhd:]
WARNING: [filemgmt 56-199] Attempt to get parsing info during refresh. "On-the-fly" syntax checking information may be incorrect. [C:\Users\270925\Desktop\DE1_Uloha6\digi_safe\digi_safe.srcs\sim_1\new\safe_control_logic_tb.vhd:]
WARNING: [filemgmt 56-199] Attempt to get parsing info during refresh. "On-the-fly" syntax checking information may be incorrect. [C:\Users\270925\Desktop\DE1_Uloha6\digi_safe\digi_safe.srcs\sources_1\imports\new\clk_en.vhd:]
WARNING: [filemgmt 56-199] Attempt to get parsing info during refresh. "On-the-fly" syntax checking information may be incorrect. [C:\Users\270925\Desktop\DE1_Uloha6\digi_safe\digi_safe.srcs\sources_1\imports\DE1\segment\segment.srcs\sources_1\new\bin2seg.vhd:]
WARNING: [filemgmt 56-199] Attempt to get parsing info during refresh. "On-the-fly" syntax checking information may be incorrect. [C:\Users\270925\Desktop\DE1_Uloha6\digi_safe\digi_safe.srcs\sources_1\imports\DE1\segment\segment.srcs\sources_1\new\bin2seg.vhd:]
WARNING: [filemgmt 56-199] Attempt to get parsing info during refresh. "On-the-fly" syntax checking information may be incorrect. [C:\Users\270925\Desktop\DE1_Uloha6\digi_safe\digi_safe.srcs\sources_1\imports\DE1\segment\segment.srcs\sources_1\new\bin2seg.vhd:]
WARNING: [filemgmt 56-199] Attempt to get parsing info during refresh. "On-the-fly" syntax checking information may be incorrect. [C:\Users\270925\Desktop\DE1_Uloha6\digi_safe\digi_safe.srcs\sources_1\new\safe_control_logic.vhd:]
WARNING: [filemgmt 56-199] Attempt to get parsing info during refresh. "On-the-fly" syntax checking information may be incorrect. [C:\Users\270925\Desktop\DE1_Uloha6\digi_safe\digi_safe.srcs\sim_1\new\bin2seg_tb.vhd:]
WARNING: [filemgmt 56-199] Attempt to get parsing info during refresh. "On-the-fly" syntax checking information may be incorrect. [C:\Users\270925\Desktop\DE1_Uloha6\digi_safe\digi_safe.srcs\sim_1\new\clk_en_tb.vhd:]
WARNING: [filemgmt 56-199] Attempt to get parsing info during refresh. "On-the-fly" syntax checking information may be incorrect. [C:\Users\270925\Desktop\DE1_Uloha6\digi_safe\digi_safe.srcs\sim_1\new\safe_control_logic_tb.vhd:]
WARNING: [filemgmt 56-199] Attempt to get parsing info during refresh. "On-the-fly" syntax checking information may be incorrect. [C:\Users\270925\Desktop\DE1_Uloha6\digi_safe\digi_safe.srcs\sources_1\imports\new\clk_en.vhd:]
WARNING: [filemgmt 56-199] Attempt to get parsing info during refresh. "On-the-fly" syntax checking information may be incorrect. [C:\Users\270925\Desktop\DE1_Uloha6\digi_safe\digi_safe.srcs\sim_1\new\clk_en_tb.vhd:]
WARNING: [filemgmt 56-199] Attempt to get parsing info during refresh. "On-the-fly" syntax checking information may be incorrect. [C:\Users\270925\Desktop\DE1_Uloha6\digi_safe\digi_safe.srcs\sim_1\new\clk_en_tb.vhd:]
WARNING: [filemgmt 56-199] Attempt to get parsing info during refresh. "On-the-fly" syntax checking information may be incorrect. [C:\Users\270925\Desktop\DE1_Uloha6\digi_safe\digi_safe.srcs\sources_1\imports\DE1\segment\segment.srcs\sources_1\new\bin2seg.vhd:]
WARNING: [filemgmt 56-199] Attempt to get parsing info during refresh. "On-the-fly" syntax checking information may be incorrect. [C:\Users\270925\Desktop\DE1_Uloha6\digi_safe\digi_safe.srcs\sources_1\new\safe_control_logic.vhd:]
WARNING: [filemgmt 56-199] Attempt to get parsing info during refresh. "On-the-fly" syntax checking information may be incorrect. [C:\Users\270925\Desktop\DE1_Uloha6\digi_safe\digi_safe.srcs\sim_1\new\bin2seg_tb.vhd:]
WARNING: [filemgmt 56-199] Attempt to get parsing info during refresh. "On-the-fly" syntax checking information may be incorrect. [C:\Users\270925\Desktop\DE1_Uloha6\digi_safe\digi_safe.srcs\sim_1\new\clk_en_tb.vhd:]
WARNING: [filemgmt 56-199] Attempt to get parsing info during refresh. "On-the-fly" syntax checking information may be incorrect. [C:\Users\270925\Desktop\DE1_Uloha6\digi_safe\digi_safe.srcs\sim_1\new\safe_control_logic_tb.vhd:]
WARNING: [filemgmt 56-199] Attempt to get parsing info during refresh. "On-the-fly" syntax checking information may be incorrect. [C:\Users\270925\Desktop\DE1_Uloha6\digi_safe\digi_safe.srcs\sources_1\imports\new\clk_en.vhd:]
WARNING: [filemgmt 56-199] Attempt to get parsing info during refresh. "On-the-fly" syntax checking information may be incorrect. [C:\Users\270925\Desktop\DE1_Uloha6\digi_safe\digi_safe.srcs\sources_1\new\safe_control_logic.vhd:]
WARNING: [filemgmt 56-199] Attempt to get parsing info during refresh. "On-the-fly" syntax checking information may be incorrect. [C:\Users\270925\Desktop\DE1_Uloha6\digi_safe\digi_safe.srcs\sources_1\new\safe_control_logic.vhd:]
WARNING: [filemgmt 56-199] Attempt to get parsing info during refresh. "On-the-fly" syntax checking information may be incorrect. [C:\Users\270925\Desktop\DE1_Uloha6\digi_safe\digi_safe.srcs\sources_1\imports\DE1\segment\segment.srcs\sources_1\new\bin2seg.vhd:]
WARNING: [filemgmt 56-199] Attempt to get parsing info during refresh. "On-the-fly" syntax checking information may be incorrect. [C:\Users\270925\Desktop\DE1_Uloha6\digi_safe\digi_safe.srcs\sources_1\new\safe_control_logic.vhd:]
WARNING: [filemgmt 56-199] Attempt to get parsing info during refresh. "On-the-fly" syntax checking information may be incorrect. [C:\Users\270925\Desktop\DE1_Uloha6\digi_safe\digi_safe.srcs\sim_1\new\bin2seg_tb.vhd:]
WARNING: [filemgmt 56-199] Attempt to get parsing info during refresh. "On-the-fly" syntax checking information may be incorrect. [C:\Users\270925\Desktop\DE1_Uloha6\digi_safe\digi_safe.srcs\sim_1\new\clk_en_tb.vhd:]
WARNING: [filemgmt 56-199] Attempt to get parsing info during refresh. "On-the-fly" syntax checking information may be incorrect. [C:\Users\270925\Desktop\DE1_Uloha6\digi_safe\digi_safe.srcs\sim_1\new\safe_control_logic_tb.vhd:]
WARNING: [filemgmt 56-199] Attempt to get parsing info during refresh. "On-the-fly" syntax checking information may be incorrect. [C:\Users\270925\Desktop\DE1_Uloha6\digi_safe\digi_safe.srcs\sources_1\imports\new\clk_en.vhd:]
WARNING: [filemgmt 56-199] Attempt to get parsing info during refresh. "On-the-fly" syntax checking information may be incorrect. [C:\Users\270925\Desktop\DE1_Uloha6\digi_safe\digi_safe.srcs\sources_1\imports\new\clk_en.vhd:]
WARNING: [filemgmt 56-199] Attempt to get parsing info during refresh. "On-the-fly" syntax checking information may be incorrect. [C:\Users\270925\Desktop\DE1_Uloha6\digi_safe\digi_safe.srcs\sources_1\imports\new\clk_en.vhd:]
WARNING: [filemgmt 56-199] Attempt to get parsing info during refresh. "On-the-fly" syntax checking information may be incorrect. [C:\Users\270925\Desktop\DE1_Uloha6\digi_safe\digi_safe.srcs\sources_1\imports\DE1\segment\segment.srcs\sources_1\new\bin2seg.vhd:]
WARNING: [filemgmt 56-199] Attempt to get parsing info during refresh. "On-the-fly" syntax checking information may be incorrect. [C:\Users\270925\Desktop\DE1_Uloha6\digi_safe\digi_safe.srcs\sources_1\new\safe_control_logic.vhd:]
WARNING: [filemgmt 56-199] Attempt to get parsing info during refresh. "On-the-fly" syntax checking information may be incorrect. [C:\Users\270925\Desktop\DE1_Uloha6\digi_safe\digi_safe.srcs\sim_1\new\bin2seg_tb.vhd:]
WARNING: [filemgmt 56-199] Attempt to get parsing info during refresh. "On-the-fly" syntax checking information may be incorrect. [C:\Users\270925\Desktop\DE1_Uloha6\digi_safe\digi_safe.srcs\sim_1\new\clk_en_tb.vhd:]
WARNING: [filemgmt 56-199] Attempt to get parsing info during refresh. "On-the-fly" syntax checking information may be incorrect. [C:\Users\270925\Desktop\DE1_Uloha6\digi_safe\digi_safe.srcs\sim_1\new\safe_control_logic_tb.vhd:]
WARNING: [filemgmt 56-199] Attempt to get parsing info during refresh. "On-the-fly" syntax checking information may be incorrect. [C:\Users\270925\Desktop\DE1_Uloha6\digi_safe\digi_safe.srcs\sources_1\imports\new\clk_en.vhd:]
WARNING: [filemgmt 56-199] Attempt to get parsing info during refresh. "On-the-fly" syntax checking information may be incorrect. [C:\Users\270925\Desktop\DE1_Uloha6\digi_safe\digi_safe.srcs\sim_1\new\safe_control_logic_tb.vhd:]
WARNING: [filemgmt 56-199] Attempt to get parsing info during refresh. "On-the-fly" syntax checking information may be incorrect. [C:\Users\270925\Desktop\DE1_Uloha6\digi_safe\digi_safe.srcs\sim_1\new\safe_control_logic_tb.vhd:]
launch_simulation
Command: launch_simulation 
INFO: [Vivado 12-25911] Executing simulation for 'XSim' simulator
INFO: [Vivado 12-28535] Process started - Wed Apr 22 17:21:08 2026

INFO: [Vivado 12-12493] Simulation top is 'cfg_tb_bin2seg'
INFO: [Vivado 12-5682] Launching behavioral simulation in 'C:/Users/270925/Desktop/DE1_Uloha6/digi_safe/digi_safe.sim/sim_1/behav/xsim'
INFO: [SIM-utils-51] Simulation object is 'sim_1'
INFO: [SIM-utils-72] Using boost library from 'C:/Appz/AMDDesignTools/2025.2/Vivado/tps/boost_1_72_0'
INFO: [SIM-utils-54] Inspecting design source files for 'cfg_tb_bin2seg' in fileset 'sim_1'...
INFO: [USF-XSim-97] Finding global include files...
INFO: [USF-XSim-98] Fetching design files from 'sim_1'...
INFO: [USF-XSim-2] XSim::Compile design
INFO: [USF-XSim-61] Executing 'COMPILE and ANALYZE' step in 'C:/Users/270925/Desktop/DE1_Uloha6/digi_safe/digi_safe.sim/sim_1/behav/xsim'
"xvhdl --incr --relax -prj cfg_tb_bin2seg_vhdl.prj"
INFO: [VRFC 10-163] Analyzing VHDL file "C:/Users/270925/Desktop/DE1_Uloha6/digi_safe/digi_safe.srcs/sim_1/new/bin2seg_tb.vhd" into library xil_defaultlib
INFO: [VRFC 10-3107] analyzing entity 'tb_bin2seg'
ERROR: [VRFC 10-2989] 'yourresetsignal' is not declared [C:/Users/270925/Desktop/DE1_Uloha6/digi_safe/digi_safe.srcs/sim_1/new/bin2seg_tb.vhd:40]
ERROR: [VRFC 10-2989] 'yourresetsignal' is not declared [C:/Users/270925/Desktop/DE1_Uloha6/digi_safe/digi_safe.srcs/sim_1/new/bin2seg_tb.vhd:42]
ERROR: [VRFC 10-9458] unit 'tb' is ignored due to previous errors [C:/Users/270925/Desktop/DE1_Uloha6/digi_safe/digi_safe.srcs/sim_1/new/bin2seg_tb.vhd:7]
ERROR: [VRFC 10-8801] cannot find architecture 'tb' in entity 'tb_bin2seg' [C:/Users/270925/Desktop/DE1_Uloha6/digi_safe/digi_safe.srcs/sim_1/new/bin2seg_tb.vhd:58]
ERROR: [VRFC 10-9458] unit 'cfg_tb_bin2seg' is ignored due to previous errors [C:/Users/270925/Desktop/DE1_Uloha6/digi_safe/digi_safe.srcs/sim_1/new/bin2seg_tb.vhd:57]
INFO: [VRFC 10-8704] VHDL file 'C:/Users/270925/Desktop/DE1_Uloha6/digi_safe/digi_safe.srcs/sim_1/new/bin2seg_tb.vhd' is ignored due to errors
INFO: [USF-XSim-69] 'compile' step finished in '1' seconds
INFO: [USF-XSim-99] Step results log file:'C:/Users/270925/Desktop/DE1_Uloha6/digi_safe/digi_safe.sim/sim_1/behav/xsim/xvhdl.log'
ERROR: [USF-XSim-62] 'compile' step failed with error(s). Please check the Tcl console output or 'C:/Users/270925/Desktop/DE1_Uloha6/digi_safe/digi_safe.sim/sim_1/behav/xsim/xvhdl.log' file for more information.
ERROR: [Vivado 12-4473] Detected error while running simulation. Please correct the issue and retry this operation.
ERROR: [Common 17-39] 'launch_simulation' failed due to earlier errors.
launch_simulation
Command: launch_simulation 
INFO: [Vivado 12-25911] Executing simulation for 'XSim' simulator
INFO: [Vivado 12-28535] Process started - Wed Apr 22 17:21:17 2026

INFO: [Vivado 12-12493] Simulation top is 'cfg_tb_bin2seg'
INFO: [Vivado 12-5682] Launching behavioral simulation in 'C:/Users/270925/Desktop/DE1_Uloha6/digi_safe/digi_safe.sim/sim_1/behav/xsim'
INFO: [SIM-utils-51] Simulation object is 'sim_1'
INFO: [SIM-utils-72] Using boost library from 'C:/Appz/AMDDesignTools/2025.2/Vivado/tps/boost_1_72_0'
INFO: [SIM-utils-54] Inspecting design source files for 'cfg_tb_bin2seg' in fileset 'sim_1'...
INFO: [USF-XSim-97] Finding global include files...
INFO: [USF-XSim-98] Fetching design files from 'sim_1'...
INFO: [USF-XSim-2] XSim::Compile design
INFO: [USF-XSim-61] Executing 'COMPILE and ANALYZE' step in 'C:/Users/270925/Desktop/DE1_Uloha6/digi_safe/digi_safe.sim/sim_1/behav/xsim'
"xvhdl --incr --relax -prj cfg_tb_bin2seg_vhdl.prj"
INFO: [VRFC 10-163] Analyzing VHDL file "C:/Users/270925/Desktop/DE1_Uloha6/digi_safe/digi_safe.srcs/sim_1/new/bin2seg_tb.vhd" into library xil_defaultlib
INFO: [VRFC 10-3107] analyzing entity 'tb_bin2seg'
ERROR: [VRFC 10-2989] 'yourresetsignal' is not declared [C:/Users/270925/Desktop/DE1_Uloha6/digi_safe/digi_safe.srcs/sim_1/new/bin2seg_tb.vhd:40]
ERROR: [VRFC 10-2989] 'yourresetsignal' is not declared [C:/Users/270925/Desktop/DE1_Uloha6/digi_safe/digi_safe.srcs/sim_1/new/bin2seg_tb.vhd:42]
ERROR: [VRFC 10-9458] unit 'tb' is ignored due to previous errors [C:/Users/270925/Desktop/DE1_Uloha6/digi_safe/digi_safe.srcs/sim_1/new/bin2seg_tb.vhd:7]
ERROR: [VRFC 10-8801] cannot find architecture 'tb' in entity 'tb_bin2seg' [C:/Users/270925/Desktop/DE1_Uloha6/digi_safe/digi_safe.srcs/sim_1/new/bin2seg_tb.vhd:58]
ERROR: [VRFC 10-9458] unit 'cfg_tb_bin2seg' is ignored due to previous errors [C:/Users/270925/Desktop/DE1_Uloha6/digi_safe/digi_safe.srcs/sim_1/new/bin2seg_tb.vhd:57]
INFO: [VRFC 10-8704] VHDL file 'C:/Users/270925/Desktop/DE1_Uloha6/digi_safe/digi_safe.srcs/sim_1/new/bin2seg_tb.vhd' is ignored due to errors
INFO: [USF-XSim-69] 'compile' step finished in '1' seconds
INFO: [USF-XSim-99] Step results log file:'C:/Users/270925/Desktop/DE1_Uloha6/digi_safe/digi_safe.sim/sim_1/behav/xsim/xvhdl.log'
ERROR: [USF-XSim-62] 'compile' step failed with error(s). Please check the Tcl console output or 'C:/Users/270925/Desktop/DE1_Uloha6/digi_safe/digi_safe.sim/sim_1/behav/xsim/xvhdl.log' file for more information.
ERROR: [Vivado 12-4473] Detected error while running simulation. Please correct the issue and retry this operation.
ERROR: [Common 17-39] 'launch_simulation' failed due to earlier errors.
WARNING: [filemgmt 56-199] Attempt to get parsing info during refresh. "On-the-fly" syntax checking information may be incorrect. [C:\Users\270925\Desktop\DE1_Uloha6\digi_safe\digi_safe.srcs\sources_1\imports\DE1\segment\segment.srcs\sources_1\new\bin2seg.vhd:]
WARNING: [filemgmt 56-199] Attempt to get parsing info during refresh. "On-the-fly" syntax checking information may be incorrect. [C:\Users\270925\Desktop\DE1_Uloha6\digi_safe\digi_safe.srcs\sources_1\new\safe_control_logic.vhd:]
WARNING: [filemgmt 56-199] Attempt to get parsing info during refresh. "On-the-fly" syntax checking information may be incorrect. [C:\Users\270925\Desktop\DE1_Uloha6\digi_safe\digi_safe.srcs\sim_1\new\bin2seg_tb.vhd:]
WARNING: [filemgmt 56-199] Attempt to get parsing info during refresh. "On-the-fly" syntax checking information may be incorrect. [C:\Users\270925\Desktop\DE1_Uloha6\digi_safe\digi_safe.srcs\sim_1\new\clk_en_tb.vhd:]
WARNING: [filemgmt 56-199] Attempt to get parsing info during refresh. "On-the-fly" syntax checking information may be incorrect. [C:\Users\270925\Desktop\DE1_Uloha6\digi_safe\digi_safe.srcs\sim_1\new\safe_control_logic_tb.vhd:]
WARNING: [filemgmt 56-199] Attempt to get parsing info during refresh. "On-the-fly" syntax checking information may be incorrect. [C:\Users\270925\Desktop\DE1_Uloha6\digi_safe\digi_safe.srcs\sources_1\imports\new\clk_en.vhd:]
WARNING: [filemgmt 56-199] Attempt to get parsing info during refresh. "On-the-fly" syntax checking information may be incorrect. [C:\Users\270925\Desktop\DE1_Uloha6\digi_safe\digi_safe.srcs\sources_1\new\safe_control_logic.vhd:]
WARNING: [filemgmt 56-199] Attempt to get parsing info during refresh. "On-the-fly" syntax checking information may be incorrect. [C:\Users\270925\Desktop\DE1_Uloha6\digi_safe\digi_safe.srcs\sources_1\new\safe_control_logic.vhd:]
WARNING: [filemgmt 56-199] Attempt to get parsing info during refresh. "On-the-fly" syntax checking information may be incorrect. [C:\Users\270925\Desktop\DE1_Uloha6\digi_safe\digi_safe.srcs\sources_1\imports\DE1\segment\segment.srcs\sources_1\new\bin2seg.vhd:]
WARNING: [filemgmt 56-199] Attempt to get parsing info during refresh. "On-the-fly" syntax checking information may be incorrect. [C:\Users\270925\Desktop\DE1_Uloha6\digi_safe\digi_safe.srcs\sources_1\new\safe_control_logic.vhd:]
WARNING: [filemgmt 56-199] Attempt to get parsing info during refresh. "On-the-fly" syntax checking information may be incorrect. [C:\Users\270925\Desktop\DE1_Uloha6\digi_safe\digi_safe.srcs\sim_1\new\bin2seg_tb.vhd:]
WARNING: [filemgmt 56-199] Attempt to get parsing info during refresh. "On-the-fly" syntax checking information may be incorrect. [C:\Users\270925\Desktop\DE1_Uloha6\digi_safe\digi_safe.srcs\sim_1\new\clk_en_tb.vhd:]
WARNING: [filemgmt 56-199] Attempt to get parsing info during refresh. "On-the-fly" syntax checking information may be incorrect. [C:\Users\270925\Desktop\DE1_Uloha6\digi_safe\digi_safe.srcs\sim_1\new\safe_control_logic_tb.vhd:]
WARNING: [filemgmt 56-199] Attempt to get parsing info during refresh. "On-the-fly" syntax checking information may be incorrect. [C:\Users\270925\Desktop\DE1_Uloha6\digi_safe\digi_safe.srcs\sources_1\imports\new\clk_en.vhd:]
WARNING: [filemgmt 56-199] Attempt to get parsing info during refresh. "On-the-fly" syntax checking information may be incorrect. [C:\Users\270925\Desktop\DE1_Uloha6\digi_safe\digi_safe.srcs\sim_1\new\safe_control_logic_tb.vhd:]
WARNING: [filemgmt 56-199] Attempt to get parsing info during refresh. "On-the-fly" syntax checking information may be incorrect. [C:\Users\270925\Desktop\DE1_Uloha6\digi_safe\digi_safe.srcs\sim_1\new\safe_control_logic_tb.vhd:]
WARNING: [filemgmt 56-199] Attempt to get parsing info during refresh. "On-the-fly" syntax checking information may be incorrect. [C:\Users\270925\Desktop\DE1_Uloha6\digi_safe\digi_safe.srcs\sources_1\imports\DE1\segment\segment.srcs\sources_1\new\bin2seg.vhd:]
WARNING: [filemgmt 56-199] Attempt to get parsing info during refresh. "On-the-fly" syntax checking information may be incorrect. [C:\Users\270925\Desktop\DE1_Uloha6\digi_safe\digi_safe.srcs\sources_1\new\safe_control_logic.vhd:]
WARNING: [filemgmt 56-199] Attempt to get parsing info during refresh. "On-the-fly" syntax checking information may be incorrect. [C:\Users\270925\Desktop\DE1_Uloha6\digi_safe\digi_safe.srcs\sim_1\new\bin2seg_tb.vhd:]
WARNING: [filemgmt 56-199] Attempt to get parsing info during refresh. "On-the-fly" syntax checking information may be incorrect. [C:\Users\270925\Desktop\DE1_Uloha6\digi_safe\digi_safe.srcs\sim_1\new\clk_en_tb.vhd:]
WARNING: [filemgmt 56-199] Attempt to get parsing info during refresh. "On-the-fly" syntax checking information may be incorrect. [C:\Users\270925\Desktop\DE1_Uloha6\digi_safe\digi_safe.srcs\sim_1\new\safe_control_logic_tb.vhd:]
WARNING: [filemgmt 56-199] Attempt to get parsing info during refresh. "On-the-fly" syntax checking information may be incorrect. [C:\Users\270925\Desktop\DE1_Uloha6\digi_safe\digi_safe.srcs\sources_1\imports\new\clk_en.vhd:]
WARNING: [filemgmt 56-199] Attempt to get parsing info during refresh. "On-the-fly" syntax checking information may be incorrect. [C:\Users\270925\Desktop\DE1_Uloha6\digi_safe\digi_safe.srcs\sources_1\imports\new\clk_en.vhd:]
WARNING: [filemgmt 56-199] Attempt to get parsing info during refresh. "On-the-fly" syntax checking information may be incorrect. [C:\Users\270925\Desktop\DE1_Uloha6\digi_safe\digi_safe.srcs\sources_1\imports\new\clk_en.vhd:]
WARNING: [filemgmt 56-199] Attempt to get parsing info during refresh. "On-the-fly" syntax checking information may be incorrect. [C:\Users\270925\Desktop\DE1_Uloha6\digi_safe\digi_safe.srcs\sources_1\imports\DE1\segment\segment.srcs\sources_1\new\bin2seg.vhd:]
WARNING: [filemgmt 56-199] Attempt to get parsing info during refresh. "On-the-fly" syntax checking information may be incorrect. [C:\Users\270925\Desktop\DE1_Uloha6\digi_safe\digi_safe.srcs\sources_1\new\safe_control_logic.vhd:]
WARNING: [filemgmt 56-199] Attempt to get parsing info during refresh. "On-the-fly" syntax checking information may be incorrect. [C:\Users\270925\Desktop\DE1_Uloha6\digi_safe\digi_safe.srcs\sim_1\new\bin2seg_tb.vhd:]
WARNING: [filemgmt 56-199] Attempt to get parsing info during refresh. "On-the-fly" syntax checking information may be incorrect. [C:\Users\270925\Desktop\DE1_Uloha6\digi_safe\digi_safe.srcs\sim_1\new\clk_en_tb.vhd:]
WARNING: [filemgmt 56-199] Attempt to get parsing info during refresh. "On-the-fly" syntax checking information may be incorrect. [C:\Users\270925\Desktop\DE1_Uloha6\digi_safe\digi_safe.srcs\sim_1\new\safe_control_logic_tb.vhd:]
WARNING: [filemgmt 56-199] Attempt to get parsing info during refresh. "On-the-fly" syntax checking information may be incorrect. [C:\Users\270925\Desktop\DE1_Uloha6\digi_safe\digi_safe.srcs\sources_1\imports\new\clk_en.vhd:]
WARNING: [filemgmt 56-199] Attempt to get parsing info during refresh. "On-the-fly" syntax checking information may be incorrect. [C:\Users\270925\Desktop\DE1_Uloha6\digi_safe\digi_safe.srcs\sim_1\new\clk_en_tb.vhd:]
WARNING: [filemgmt 56-199] Attempt to get parsing info during refresh. "On-the-fly" syntax checking information may be incorrect. [C:\Users\270925\Desktop\DE1_Uloha6\digi_safe\digi_safe.srcs\sim_1\new\clk_en_tb.vhd:]
WARNING: [filemgmt 56-199] Attempt to get parsing info during refresh. "On-the-fly" syntax checking information may be incorrect. [C:\Users\270925\Desktop\DE1_Uloha6\digi_safe\digi_safe.srcs\sources_1\imports\DE1\segment\segment.srcs\sources_1\new\bin2seg.vhd:]
WARNING: [filemgmt 56-199] Attempt to get parsing info during refresh. "On-the-fly" syntax checking information may be incorrect. [C:\Users\270925\Desktop\DE1_Uloha6\digi_safe\digi_safe.srcs\sources_1\new\safe_control_logic.vhd:]
WARNING: [filemgmt 56-199] Attempt to get parsing info during refresh. "On-the-fly" syntax checking information may be incorrect. [C:\Users\270925\Desktop\DE1_Uloha6\digi_safe\digi_safe.srcs\sim_1\new\bin2seg_tb.vhd:]
WARNING: [filemgmt 56-199] Attempt to get parsing info during refresh. "On-the-fly" syntax checking information may be incorrect. [C:\Users\270925\Desktop\DE1_Uloha6\digi_safe\digi_safe.srcs\sim_1\new\clk_en_tb.vhd:]
WARNING: [filemgmt 56-199] Attempt to get parsing info during refresh. "On-the-fly" syntax checking information may be incorrect. [C:\Users\270925\Desktop\DE1_Uloha6\digi_safe\digi_safe.srcs\sim_1\new\safe_control_logic_tb.vhd:]
WARNING: [filemgmt 56-199] Attempt to get parsing info during refresh. "On-the-fly" syntax checking information may be incorrect. [C:\Users\270925\Desktop\DE1_Uloha6\digi_safe\digi_safe.srcs\sources_1\imports\new\clk_en.vhd:]
WARNING: [filemgmt 56-199] Attempt to get parsing info during refresh. "On-the-fly" syntax checking information may be incorrect. [C:\Users\270925\Desktop\DE1_Uloha6\digi_safe\digi_safe.srcs\sources_1\imports\DE1\segment\segment.srcs\sources_1\new\bin2seg.vhd:]
WARNING: [filemgmt 56-199] Attempt to get parsing info during refresh. "On-the-fly" syntax checking information may be incorrect. [C:\Users\270925\Desktop\DE1_Uloha6\digi_safe\digi_safe.srcs\sources_1\imports\DE1\segment\segment.srcs\sources_1\new\bin2seg.vhd:]
launch_simulation
Command: launch_simulation 
INFO: [Vivado 12-25911] Executing simulation for 'XSim' simulator
INFO: [Vivado 12-28535] Process started - Wed Apr 22 17:22:13 2026

INFO: [Vivado 12-12493] Simulation top is 'cfg_tb_bin2seg'
INFO: [Vivado 12-5682] Launching behavioral simulation in 'C:/Users/270925/Desktop/DE1_Uloha6/digi_safe/digi_safe.sim/sim_1/behav/xsim'
INFO: [SIM-utils-51] Simulation object is 'sim_1'
INFO: [SIM-utils-72] Using boost library from 'C:/Appz/AMDDesignTools/2025.2/Vivado/tps/boost_1_72_0'
INFO: [SIM-utils-54] Inspecting design source files for 'cfg_tb_bin2seg' in fileset 'sim_1'...
INFO: [USF-XSim-97] Finding global include files...
INFO: [USF-XSim-98] Fetching design files from 'sim_1'...
INFO: [USF-XSim-2] XSim::Compile design
INFO: [USF-XSim-61] Executing 'COMPILE and ANALYZE' step in 'C:/Users/270925/Desktop/DE1_Uloha6/digi_safe/digi_safe.sim/sim_1/behav/xsim'
"xvhdl --incr --relax -prj cfg_tb_bin2seg_vhdl.prj"
INFO: [VRFC 10-163] Analyzing VHDL file "C:/Users/270925/Desktop/DE1_Uloha6/digi_safe/digi_safe.srcs/sim_1/new/bin2seg_tb.vhd" into library xil_defaultlib
INFO: [VRFC 10-3107] analyzing entity 'tb_bin2seg'
INFO: [USF-XSim-69] 'compile' step finished in '2' seconds
INFO: [USF-XSim-3] XSim::Elaborate design
INFO: [USF-XSim-61] Executing 'ELABORATE' step in 'C:/Users/270925/Desktop/DE1_Uloha6/digi_safe/digi_safe.sim/sim_1/behav/xsim'
"xelab --incr --debug typical --relax --mt 2 -L xil_defaultlib -L secureip --snapshot cfg_tb_bin2seg_behav xil_defaultlib.cfg_tb_bin2seg -log elaborate.log"
Vivado Simulator v2025.2
Copyright 1986-2022 Xilinx, Inc. All Rights Reserved.
Copyright 2022-2025 Advanced Micro Devices, Inc. All Rights Reserved.
Running: C:/Appz/AMDDesignTools/2025.2/Vivado/bin/unwrapped/win64.o/xelab.exe --incr --debug typical --relax --mt 2 -L xil_defaultlib -L secureip --snapshot cfg_tb_bin2seg_behav xil_defaultlib.cfg_tb_bin2seg -log elaborate.log 
Using 2 slave threads.
Starting static elaboration
Completed static elaboration
Starting simulation data flow analysis
Completed simulation data flow analysis
Time Resolution for simulation is 1ps
Compiling package std.standard
Compiling package std.textio
Compiling package ieee.std_logic_1164
Compiling architecture behavioral of entity xil_defaultlib.bin2seg [bin2seg_default]
Compiling architecture tb of entity xil_defaultlib.tb_bin2seg [tb_bin2seg_cfg_tb_bin2seg]
Built simulation snapshot cfg_tb_bin2seg_behav
INFO: [USF-XSim-69] 'elaborate' step finished in '1' seconds
INFO: [USF-XSim-4] XSim::Simulate design
INFO: [USF-XSim-61] Executing 'SIMULATE' step in 'C:/Users/270925/Desktop/DE1_Uloha6/digi_safe/digi_safe.sim/sim_1/behav/xsim'
INFO: [USF-XSim-98] *** Running xsim
   with args "cfg_tb_bin2seg_behav -key {Behavioral:sim_1:Functional:cfg_tb_bin2seg} -tclbatch {cfg_tb_bin2seg.tcl} -log {simulate.log}"
INFO: [USF-XSim-8] Loading simulator feature
Time resolution is 1 ps
source cfg_tb_bin2seg.tcl
# set curr_wave [current_wave_config]
# if { [string length $curr_wave] == 0 } {
#   if { [llength [get_objects]] > 0} {
#     add_wave /
#     set_property needs_save false [current_wave_config]
#   } else {
#      send_msg_id Add_Wave-1 WARNING "No top level signals found. Simulator will start without a wave window. If you want to open a wave window go to 'File->New Waveform Configuration' or type 'create_wave_config' in the TCL console."
#   }
# }
# run 1000ns
INFO: [USF-XSim-96] XSim completed. Design snapshot 'cfg_tb_bin2seg_behav' loaded.
INFO: [USF-XSim-97] XSim simulation ran for 1000ns
launch_simulation: Time (s): cpu = 00:00:02 ; elapsed = 00:00:05 . Memory (MB): peak = 3479.426 ; gain = 0.000
close_sim
INFO: [Simtcl 6-16] Simulation closed
set_property top cfg_tb_digi_safe [get_filesets sim_1]
set_property top_lib xil_defaultlib [get_filesets sim_1]
update_compile_order -fileset sim_1
WARNING: [filemgmt 56-199] Attempt to get parsing info during refresh. "On-the-fly" syntax checking information may be incorrect. [C:\Users\270925\Desktop\DE1_Uloha6\digi_safe\digi_safe.srcs\sources_1\new\digi_safe.vhd:]
WARNING: [filemgmt 56-199] Attempt to get parsing info during refresh. "On-the-fly" syntax checking information may be incorrect. [C:\Users\270925\Desktop\DE1_Uloha6\digi_safe\digi_safe.srcs\sources_1\imports\DE1\segment\segment.srcs\sources_1\new\bin2seg.vhd:]
WARNING: [filemgmt 56-199] Attempt to get parsing info during refresh. "On-the-fly" syntax checking information may be incorrect. [C:\Users\270925\Desktop\DE1_Uloha6\digi_safe\digi_safe.srcs\sources_1\new\safe_control_logic.vhd:]
WARNING: [filemgmt 56-199] Attempt to get parsing info during refresh. "On-the-fly" syntax checking information may be incorrect. [C:\Users\270925\Desktop\DE1_Uloha6\digi_safe\digi_safe.srcs\sim_1\new\bin2seg_tb.vhd:]
WARNING: [filemgmt 56-199] Attempt to get parsing info during refresh. "On-the-fly" syntax checking information may be incorrect. [C:\Users\270925\Desktop\DE1_Uloha6\digi_safe\digi_safe.srcs\sim_1\new\clk_en_tb.vhd:]
WARNING: [filemgmt 56-199] Attempt to get parsing info during refresh. "On-the-fly" syntax checking information may be incorrect. [C:\Users\270925\Desktop\DE1_Uloha6\digi_safe\digi_safe.srcs\sim_1\new\safe_control_logic_tb.vhd:]
WARNING: [filemgmt 56-199] Attempt to get parsing info during refresh. "On-the-fly" syntax checking information may be incorrect. [C:\Users\270925\Desktop\DE1_Uloha6\digi_safe\digi_safe.srcs\sources_1\imports\new\clk_en.vhd:]
WARNING: [filemgmt 56-199] Attempt to get parsing info during refresh. "On-the-fly" syntax checking information may be incorrect. [C:\Users\270925\Desktop\DE1_Uloha6\digi_safe\digi_safe.srcs\sources_1\imports\new\clk_en.vhd:]
WARNING: [filemgmt 56-199] Attempt to get parsing info during refresh. "On-the-fly" syntax checking information may be incorrect. [C:\Users\270925\Desktop\DE1_Uloha6\digi_safe\digi_safe.srcs\sources_1\imports\new\clk_en.vhd:]
WARNING: [filemgmt 56-199] Attempt to get parsing info during refresh. "On-the-fly" syntax checking information may be incorrect. [C:\Users\270925\Desktop\DE1_Uloha6\digi_safe\digi_safe.srcs\sources_1\new\digi_safe.vhd:]
WARNING: [filemgmt 56-199] Attempt to get parsing info during refresh. "On-the-fly" syntax checking information may be incorrect. [C:\Users\270925\Desktop\DE1_Uloha6\digi_safe\digi_safe.srcs\sources_1\imports\DE1\segment\segment.srcs\sources_1\new\bin2seg.vhd:]
WARNING: [filemgmt 56-199] Attempt to get parsing info during refresh. "On-the-fly" syntax checking information may be incorrect. [C:\Users\270925\Desktop\DE1_Uloha6\digi_safe\digi_safe.srcs\sources_1\new\safe_control_logic.vhd:]
WARNING: [filemgmt 56-199] Attempt to get parsing info during refresh. "On-the-fly" syntax checking information may be incorrect. [C:\Users\270925\Desktop\DE1_Uloha6\digi_safe\digi_safe.srcs\sim_1\new\bin2seg_tb.vhd:]
WARNING: [filemgmt 56-199] Attempt to get parsing info during refresh. "On-the-fly" syntax checking information may be incorrect. [C:\Users\270925\Desktop\DE1_Uloha6\digi_safe\digi_safe.srcs\sim_1\new\clk_en_tb.vhd:]
WARNING: [filemgmt 56-199] Attempt to get parsing info during refresh. "On-the-fly" syntax checking information may be incorrect. [C:\Users\270925\Desktop\DE1_Uloha6\digi_safe\digi_safe.srcs\sim_1\new\safe_control_logic_tb.vhd:]
WARNING: [filemgmt 56-199] Attempt to get parsing info during refresh. "On-the-fly" syntax checking information may be incorrect. [C:\Users\270925\Desktop\DE1_Uloha6\digi_safe\digi_safe.srcs\sources_1\imports\new\clk_en.vhd:]
WARNING: [filemgmt 56-199] Attempt to get parsing info during refresh. "On-the-fly" syntax checking information may be incorrect. [C:\Users\270925\Desktop\DE1_Uloha6\digi_safe\digi_safe.srcs\sources_1\imports\DE1\segment\segment.srcs\sources_1\new\bin2seg.vhd:]
WARNING: [filemgmt 56-199] Attempt to get parsing info during refresh. "On-the-fly" syntax checking information may be incorrect. [C:\Users\270925\Desktop\DE1_Uloha6\digi_safe\digi_safe.srcs\sources_1\imports\DE1\segment\segment.srcs\sources_1\new\bin2seg.vhd:]
WARNING: [filemgmt 56-199] Attempt to get parsing info during refresh. "On-the-fly" syntax checking information may be incorrect. [C:\Users\270925\Desktop\DE1_Uloha6\digi_safe\digi_safe.srcs\sources_1\new\digi_safe.vhd:]
WARNING: [filemgmt 56-199] Attempt to get parsing info during refresh. "On-the-fly" syntax checking information may be incorrect. [C:\Users\270925\Desktop\DE1_Uloha6\digi_safe\digi_safe.srcs\sources_1\imports\DE1\segment\segment.srcs\sources_1\new\bin2seg.vhd:]
WARNING: [filemgmt 56-199] Attempt to get parsing info during refresh. "On-the-fly" syntax checking information may be incorrect. [C:\Users\270925\Desktop\DE1_Uloha6\digi_safe\digi_safe.srcs\sources_1\new\safe_control_logic.vhd:]
WARNING: [filemgmt 56-199] Attempt to get parsing info during refresh. "On-the-fly" syntax checking information may be incorrect. [C:\Users\270925\Desktop\DE1_Uloha6\digi_safe\digi_safe.srcs\sim_1\new\bin2seg_tb.vhd:]
WARNING: [filemgmt 56-199] Attempt to get parsing info during refresh. "On-the-fly" syntax checking information may be incorrect. [C:\Users\270925\Desktop\DE1_Uloha6\digi_safe\digi_safe.srcs\sim_1\new\clk_en_tb.vhd:]
WARNING: [filemgmt 56-199] Attempt to get parsing info during refresh. "On-the-fly" syntax checking information may be incorrect. [C:\Users\270925\Desktop\DE1_Uloha6\digi_safe\digi_safe.srcs\sim_1\new\safe_control_logic_tb.vhd:]
WARNING: [filemgmt 56-199] Attempt to get parsing info during refresh. "On-the-fly" syntax checking information may be incorrect. [C:\Users\270925\Desktop\DE1_Uloha6\digi_safe\digi_safe.srcs\sources_1\imports\new\clk_en.vhd:]
WARNING: [filemgmt 56-199] Attempt to get parsing info during refresh. "On-the-fly" syntax checking information may be incorrect. [C:\Users\270925\Desktop\DE1_Uloha6\digi_safe\digi_safe.srcs\sim_1\new\bin2seg_tb.vhd:]
WARNING: [filemgmt 56-199] Attempt to get parsing info during refresh. "On-the-fly" syntax checking information may be incorrect. [C:\Users\270925\Desktop\DE1_Uloha6\digi_safe\digi_safe.srcs\sim_1\new\bin2seg_tb.vhd:]
WARNING: [filemgmt 56-199] Attempt to get parsing info during refresh. "On-the-fly" syntax checking information may be incorrect. [C:\Users\270925\Desktop\DE1_Uloha6\digi_safe\digi_safe.srcs\sources_1\new\digi_safe.vhd:]
WARNING: [filemgmt 56-199] Attempt to get parsing info during refresh. "On-the-fly" syntax checking information may be incorrect. [C:\Users\270925\Desktop\DE1_Uloha6\digi_safe\digi_safe.srcs\sources_1\imports\DE1\segment\segment.srcs\sources_1\new\bin2seg.vhd:]
WARNING: [filemgmt 56-199] Attempt to get parsing info during refresh. "On-the-fly" syntax checking information may be incorrect. [C:\Users\270925\Desktop\DE1_Uloha6\digi_safe\digi_safe.srcs\sources_1\new\safe_control_logic.vhd:]
WARNING: [filemgmt 56-199] Attempt to get parsing info during refresh. "On-the-fly" syntax checking information may be incorrect. [C:\Users\270925\Desktop\DE1_Uloha6\digi_safe\digi_safe.srcs\sim_1\new\bin2seg_tb.vhd:]
WARNING: [filemgmt 56-199] Attempt to get parsing info during refresh. "On-the-fly" syntax checking information may be incorrect. [C:\Users\270925\Desktop\DE1_Uloha6\digi_safe\digi_safe.srcs\sim_1\new\clk_en_tb.vhd:]
WARNING: [filemgmt 56-199] Attempt to get parsing info during refresh. "On-the-fly" syntax checking information may be incorrect. [C:\Users\270925\Desktop\DE1_Uloha6\digi_safe\digi_safe.srcs\sim_1\new\safe_control_logic_tb.vhd:]
WARNING: [filemgmt 56-199] Attempt to get parsing info during refresh. "On-the-fly" syntax checking information may be incorrect. [C:\Users\270925\Desktop\DE1_Uloha6\digi_safe\digi_safe.srcs\sources_1\imports\new\clk_en.vhd:]
WARNING: [filemgmt 56-199] Attempt to get parsing info during refresh. "On-the-fly" syntax checking information may be incorrect. [C:\Users\270925\Desktop\DE1_Uloha6\digi_safe\digi_safe.srcs\sources_1\new\digi_safe.vhd:]
WARNING: [filemgmt 56-199] Attempt to get parsing info during refresh. "On-the-fly" syntax checking information may be incorrect. [C:\Users\270925\Desktop\DE1_Uloha6\digi_safe\digi_safe.srcs\sources_1\new\digi_safe.vhd:]
WARNING: [filemgmt 56-199] Attempt to get parsing info during refresh. "On-the-fly" syntax checking information may be incorrect. [C:\Users\270925\Desktop\DE1_Uloha6\digi_safe\digi_safe.srcs\sources_1\new\digi_safe.vhd:]
WARNING: [filemgmt 56-199] Attempt to get parsing info during refresh. "On-the-fly" syntax checking information may be incorrect. [C:\Users\270925\Desktop\DE1_Uloha6\digi_safe\digi_safe.srcs\sources_1\imports\DE1\segment\segment.srcs\sources_1\new\bin2seg.vhd:]
WARNING: [filemgmt 56-199] Attempt to get parsing info during refresh. "On-the-fly" syntax checking information may be incorrect. [C:\Users\270925\Desktop\DE1_Uloha6\digi_safe\digi_safe.srcs\sources_1\new\safe_control_logic.vhd:]
WARNING: [filemgmt 56-199] Attempt to get parsing info during refresh. "On-the-fly" syntax checking information may be incorrect. [C:\Users\270925\Desktop\DE1_Uloha6\digi_safe\digi_safe.srcs\sim_1\new\bin2seg_tb.vhd:]
WARNING: [filemgmt 56-199] Attempt to get parsing info during refresh. "On-the-fly" syntax checking information may be incorrect. [C:\Users\270925\Desktop\DE1_Uloha6\digi_safe\digi_safe.srcs\sim_1\new\clk_en_tb.vhd:]
WARNING: [filemgmt 56-199] Attempt to get parsing info during refresh. "On-the-fly" syntax checking information may be incorrect. [C:\Users\270925\Desktop\DE1_Uloha6\digi_safe\digi_safe.srcs\sim_1\new\safe_control_logic_tb.vhd:]
WARNING: [filemgmt 56-199] Attempt to get parsing info during refresh. "On-the-fly" syntax checking information may be incorrect. [C:\Users\270925\Desktop\DE1_Uloha6\digi_safe\digi_safe.srcs\sources_1\imports\new\clk_en.vhd:]
WARNING: [filemgmt 56-199] Attempt to get parsing info during refresh. "On-the-fly" syntax checking information may be incorrect. [C:\Users\270925\Desktop\DE1_Uloha6\digi_safe\digi_safe.srcs\sources_1\new\safe_control_logic.vhd:]
WARNING: [filemgmt 56-199] Attempt to get parsing info during refresh. "On-the-fly" syntax checking information may be incorrect. [C:\Users\270925\Desktop\DE1_Uloha6\digi_safe\digi_safe.srcs\sources_1\new\safe_control_logic.vhd:]
ERROR: [Common 17-180] Spawn failed: The operation completed successfully.

reset_project
synth_design -top digi_safe -part xc7a50ticsg324-1L -lint 
Command: synth_design -top digi_safe -part xc7a50ticsg324-1L -lint
Starting synth_design
Attempting to get a license for feature 'Synthesis' and/or device 'xc7a50ti'
INFO: [Common 17-349] Got license for feature 'Synthesis' and/or device 'xc7a50ti'
INFO: [Synth 8-7079] Multithreading enabled for synth_design using a maximum of 2 processes.
INFO: [Synth 8-7078] Launching helper process for spawning children vivado processes
INFO: [Synth 8-7075] Helper process launched with PID 13348
---------------------------------------------------------------------------------
Starting Synthesize : Time (s): cpu = 00:00:07 ; elapsed = 00:00:07 . Memory (MB): peak = 3479.426 ; gain = 0.000
---------------------------------------------------------------------------------
Clean up Linter database...
INFO: [Synth 8-638] synthesizing module 'digi_safe' [C:/Users/270925/Desktop/DE1_Uloha6/digi_safe/digi_safe.srcs/sources_1/new/digi_safe.vhd:17]
WARNING: [Synth 8-5640] Port 'btn_state' is missing in component declaration [C:/Users/270925/Desktop/DE1_Uloha6/digi_safe/digi_safe.srcs/sources_1/new/digi_safe.vhd:20]
INFO: [Synth 8-3491] module 'debounce' declared at 'C:/Users/270925/Desktop/DE1_Uloha6/digi_safe/digi_safe.srcs/sources_1/imports/new/debounce.vhd:4' bound to instance 'debounce_inst' of component 'debounce' [C:/Users/270925/Desktop/DE1_Uloha6/digi_safe/digi_safe.srcs/sources_1/new/digi_safe.vhd:81]
INFO: [Synth 8-638] synthesizing module 'debounce' [C:/Users/270925/Desktop/DE1_Uloha6/digi_safe/digi_safe.srcs/sources_1/imports/new/debounce.vhd:12]
	Parameter G_MAX bound to: 200000 - type: integer 
INFO: [Synth 8-3491] module 'clk_en' declared at 'C:/Users/270925/Desktop/DE1_Uloha6/digi_safe/digi_safe.srcs/sources_1/imports/new/clk_en.vhd:4' bound to instance 'clock_0' of component 'clk_en' [C:/Users/270925/Desktop/DE1_Uloha6/digi_safe/digi_safe.srcs/sources_1/imports/new/debounce.vhd:46]
INFO: [Synth 8-638] synthesizing module 'clk_en' [C:/Users/270925/Desktop/DE1_Uloha6/digi_safe/digi_safe.srcs/sources_1/imports/new/clk_en.vhd:12]
	Parameter G_MAX bound to: 200000 - type: integer 
INFO: [Synth 8-256] done synthesizing module 'clk_en' (1#1) [C:/Users/270925/Desktop/DE1_Uloha6/digi_safe/digi_safe.srcs/sources_1/imports/new/clk_en.vhd:12]
INFO: [Synth 8-256] done synthesizing module 'debounce' (2#1) [C:/Users/270925/Desktop/DE1_Uloha6/digi_safe/digi_safe.srcs/sources_1/imports/new/debounce.vhd:12]
INFO: [Synth 8-3491] module 'safe_control_logic' declared at 'C:/Users/270925/Desktop/DE1_Uloha6/digi_safe/digi_safe.srcs/sources_1/new/safe_control_logic.vhd:4' bound to instance 'safe_control_logic_inst' of component 'safe_control_logic' [C:/Users/270925/Desktop/DE1_Uloha6/digi_safe/digi_safe.srcs/sources_1/new/digi_safe.vhd:89]
INFO: [Synth 8-638] synthesizing module 'safe_control_logic' [C:/Users/270925/Desktop/DE1_Uloha6/digi_safe/digi_safe.srcs/sources_1/new/safe_control_logic.vhd:18]
INFO: [Synth 8-256] done synthesizing module 'safe_control_logic' (3#1) [C:/Users/270925/Desktop/DE1_Uloha6/digi_safe/digi_safe.srcs/sources_1/new/safe_control_logic.vhd:18]
	Parameter G_MAX bound to: 100000 - type: integer 
INFO: [Synth 8-3491] module 'clk_en' declared at 'C:/Users/270925/Desktop/DE1_Uloha6/digi_safe/digi_safe.srcs/sources_1/imports/new/clk_en.vhd:4' bound to instance 'clk_en_inst' of component 'clk_en' [C:/Users/270925/Desktop/DE1_Uloha6/digi_safe/digi_safe.srcs/sources_1/new/digi_safe.vhd:101]
INFO: [Synth 8-638] synthesizing module 'clk_en__parameterized1' [C:/Users/270925/Desktop/DE1_Uloha6/digi_safe/digi_safe.srcs/sources_1/imports/new/clk_en.vhd:12]
	Parameter G_MAX bound to: 100000 - type: integer 
INFO: [Synth 8-256] done synthesizing module 'clk_en__parameterized1' (3#1) [C:/Users/270925/Desktop/DE1_Uloha6/digi_safe/digi_safe.srcs/sources_1/imports/new/clk_en.vhd:12]
INFO: [Synth 8-3491] module 'display_driver' declared at 'C:/Users/270925/Desktop/DE1_Uloha6/digi_safe/digi_safe.srcs/sources_1/imports/DE1/display/display.srcs/sources_1/new/display_driver.vhd:5' bound to instance 'display_driver_inst' of component 'display_driver' [C:/Users/270925/Desktop/DE1_Uloha6/digi_safe/digi_safe.srcs/sources_1/new/digi_safe.vhd:109]
INFO: [Synth 8-638] synthesizing module 'display_driver' [C:/Users/270925/Desktop/DE1_Uloha6/digi_safe/digi_safe.srcs/sources_1/imports/DE1/display/display.srcs/sources_1/new/display_driver.vhd:17]
INFO: [Synth 8-226] default block is never used [C:/Users/270925/Desktop/DE1_Uloha6/digi_safe/digi_safe.srcs/sources_1/imports/DE1/display/display.srcs/sources_1/new/display_driver.vhd:35]
INFO: [Synth 8-256] done synthesizing module 'display_driver' (4#1) [C:/Users/270925/Desktop/DE1_Uloha6/digi_safe/digi_safe.srcs/sources_1/imports/DE1/display/display.srcs/sources_1/new/display_driver.vhd:17]
INFO: [Synth 8-3491] module 'bin2seg' declared at 'C:/Users/270925/Desktop/DE1_Uloha6/digi_safe/digi_safe.srcs/sources_1/imports/DE1/segment/segment.srcs/sources_1/new/bin2seg.vhd:5' bound to instance 'bin2seg_inst' of component 'bin2seg' [C:/Users/270925/Desktop/DE1_Uloha6/digi_safe/digi_safe.srcs/sources_1/new/digi_safe.vhd:119]
INFO: [Synth 8-638] synthesizing module 'bin2seg' [C:/Users/270925/Desktop/DE1_Uloha6/digi_safe/digi_safe.srcs/sources_1/imports/DE1/segment/segment.srcs/sources_1/new/bin2seg.vhd:10]
INFO: [Synth 8-226] default block is never used [C:/Users/270925/Desktop/DE1_Uloha6/digi_safe/digi_safe.srcs/sources_1/imports/DE1/segment/segment.srcs/sources_1/new/bin2seg.vhd:15]
INFO: [Synth 8-256] done synthesizing module 'bin2seg' (5#1) [C:/Users/270925/Desktop/DE1_Uloha6/digi_safe/digi_safe.srcs/sources_1/imports/DE1/segment/segment.srcs/sources_1/new/bin2seg.vhd:10]
INFO: [Synth 8-256] done synthesizing module 'digi_safe' (6#1) [C:/Users/270925/Desktop/DE1_Uloha6/digi_safe/digi_safe.srcs/sources_1/new/digi_safe.vhd:17]
---------------------------------------------------------------------------------
Finished Synthesize : Time (s): cpu = 00:00:09 ; elapsed = 00:00:09 . Memory (MB): peak = 3479.426 ; gain = 0.000
---------------------------------------------------------------------------------
Copyright 1986-2022 Xilinx, Inc. All Rights Reserved. Copyright 2022-2025 Advanced Micro Devices, Inc. All Rights Reserved.
---------------------------------------------------------------------------------------------------------------------------------------------
| Tool Version : Vivado v.2025.2 (win64) Build 6299465 Fri Nov 14 19:35:11 GMT 2025
| Date         : Wed Apr 22 17:29:34 2026
| Host         : PC-637 running 64-bit major release  (build 9200)
---------------------------------------------------------------------------------------------------------------------------------------------

RTL Linter Report

Table of Contents
-----------------
1. Summary

1. Summary
----------

+---------+----------+--------------+----------+
| Rule ID | Severity | # Violations | # Waived |
+---------+----------+--------------+----------+


INFO: [Synth 37-85] Total of 0 linter message(s) generated.
INFO: [Synth 37-45] Linter Run Finished!
Synthesis Optimization Runtime : Time (s): cpu = 00:00:09 ; elapsed = 00:00:09 . Memory (MB): peak = 3479.426 ; gain = 0.000
INFO: [Common 17-83] Releasing license: Synthesis
29 Infos, 1 Warnings, 0 Critical Warnings and 0 Errors encountered.
synth_design completed successfully
synth_design: Time (s): cpu = 00:00:09 ; elapsed = 00:00:09 . Memory (MB): peak = 3479.426 ; gain = 0.000
synth_design -rtl -rtl_skip_mlo -name rtl_1
Command: synth_design -rtl -rtl_skip_mlo -name rtl_1
Starting synth_design
Using part: xc7a50ticsg324-1L
Top: digi_safe
INFO: [Device 21-403] Loading part xc7a50ticsg324-1L
INFO: [Synth 8-7079] Multithreading enabled for synth_design using a maximum of 2 processes.
---------------------------------------------------------------------------------
Starting RTL Elaboration : Time (s): cpu = 00:00:08 ; elapsed = 00:00:07 . Memory (MB): peak = 3479.426 ; gain = 0.000
---------------------------------------------------------------------------------
INFO: [Synth 8-638] synthesizing module 'digi_safe' [C:/Users/270925/Desktop/DE1_Uloha6/digi_safe/digi_safe.srcs/sources_1/new/digi_safe.vhd:17]
WARNING: [Synth 8-5640] Port 'btn_state' is missing in component declaration [C:/Users/270925/Desktop/DE1_Uloha6/digi_safe/digi_safe.srcs/sources_1/new/digi_safe.vhd:20]
INFO: [Synth 8-3491] module 'debounce' declared at 'C:/Users/270925/Desktop/DE1_Uloha6/digi_safe/digi_safe.srcs/sources_1/imports/new/debounce.vhd:4' bound to instance 'debounce_inst' of component 'debounce' [C:/Users/270925/Desktop/DE1_Uloha6/digi_safe/digi_safe.srcs/sources_1/new/digi_safe.vhd:81]
INFO: [Synth 8-638] synthesizing module 'debounce' [C:/Users/270925/Desktop/DE1_Uloha6/digi_safe/digi_safe.srcs/sources_1/imports/new/debounce.vhd:12]
	Parameter G_MAX bound to: 200000 - type: integer 
INFO: [Synth 8-3491] module 'clk_en' declared at 'C:/Users/270925/Desktop/DE1_Uloha6/digi_safe/digi_safe.srcs/sources_1/imports/new/clk_en.vhd:4' bound to instance 'clock_0' of component 'clk_en' [C:/Users/270925/Desktop/DE1_Uloha6/digi_safe/digi_safe.srcs/sources_1/imports/new/debounce.vhd:46]
INFO: [Synth 8-638] synthesizing module 'clk_en' [C:/Users/270925/Desktop/DE1_Uloha6/digi_safe/digi_safe.srcs/sources_1/imports/new/clk_en.vhd:12]
	Parameter G_MAX bound to: 200000 - type: integer 
INFO: [Synth 8-256] done synthesizing module 'clk_en' (0#1) [C:/Users/270925/Desktop/DE1_Uloha6/digi_safe/digi_safe.srcs/sources_1/imports/new/clk_en.vhd:12]
INFO: [Synth 8-256] done synthesizing module 'debounce' (0#1) [C:/Users/270925/Desktop/DE1_Uloha6/digi_safe/digi_safe.srcs/sources_1/imports/new/debounce.vhd:12]
INFO: [Synth 8-3491] module 'safe_control_logic' declared at 'C:/Users/270925/Desktop/DE1_Uloha6/digi_safe/digi_safe.srcs/sources_1/new/safe_control_logic.vhd:4' bound to instance 'safe_control_logic_inst' of component 'safe_control_logic' [C:/Users/270925/Desktop/DE1_Uloha6/digi_safe/digi_safe.srcs/sources_1/new/digi_safe.vhd:89]
INFO: [Synth 8-638] synthesizing module 'safe_control_logic' [C:/Users/270925/Desktop/DE1_Uloha6/digi_safe/digi_safe.srcs/sources_1/new/safe_control_logic.vhd:18]
INFO: [Synth 8-256] done synthesizing module 'safe_control_logic' (0#1) [C:/Users/270925/Desktop/DE1_Uloha6/digi_safe/digi_safe.srcs/sources_1/new/safe_control_logic.vhd:18]
	Parameter G_MAX bound to: 100000 - type: integer 
INFO: [Synth 8-3491] module 'clk_en' declared at 'C:/Users/270925/Desktop/DE1_Uloha6/digi_safe/digi_safe.srcs/sources_1/imports/new/clk_en.vhd:4' bound to instance 'clk_en_inst' of component 'clk_en' [C:/Users/270925/Desktop/DE1_Uloha6/digi_safe/digi_safe.srcs/sources_1/new/digi_safe.vhd:101]
INFO: [Synth 8-638] synthesizing module 'clk_en__parameterized1' [C:/Users/270925/Desktop/DE1_Uloha6/digi_safe/digi_safe.srcs/sources_1/imports/new/clk_en.vhd:12]
	Parameter G_MAX bound to: 100000 - type: integer 
INFO: [Synth 8-256] done synthesizing module 'clk_en__parameterized1' (0#1) [C:/Users/270925/Desktop/DE1_Uloha6/digi_safe/digi_safe.srcs/sources_1/imports/new/clk_en.vhd:12]
INFO: [Synth 8-3491] module 'display_driver' declared at 'C:/Users/270925/Desktop/DE1_Uloha6/digi_safe/digi_safe.srcs/sources_1/imports/DE1/display/display.srcs/sources_1/new/display_driver.vhd:5' bound to instance 'display_driver_inst' of component 'display_driver' [C:/Users/270925/Desktop/DE1_Uloha6/digi_safe/digi_safe.srcs/sources_1/new/digi_safe.vhd:109]
INFO: [Synth 8-638] synthesizing module 'display_driver' [C:/Users/270925/Desktop/DE1_Uloha6/digi_safe/digi_safe.srcs/sources_1/imports/DE1/display/display.srcs/sources_1/new/display_driver.vhd:17]
INFO: [Synth 8-226] default block is never used [C:/Users/270925/Desktop/DE1_Uloha6/digi_safe/digi_safe.srcs/sources_1/imports/DE1/display/display.srcs/sources_1/new/display_driver.vhd:35]
INFO: [Synth 8-256] done synthesizing module 'display_driver' (0#1) [C:/Users/270925/Desktop/DE1_Uloha6/digi_safe/digi_safe.srcs/sources_1/imports/DE1/display/display.srcs/sources_1/new/display_driver.vhd:17]
INFO: [Synth 8-3491] module 'bin2seg' declared at 'C:/Users/270925/Desktop/DE1_Uloha6/digi_safe/digi_safe.srcs/sources_1/imports/DE1/segment/segment.srcs/sources_1/new/bin2seg.vhd:5' bound to instance 'bin2seg_inst' of component 'bin2seg' [C:/Users/270925/Desktop/DE1_Uloha6/digi_safe/digi_safe.srcs/sources_1/new/digi_safe.vhd:119]
INFO: [Synth 8-638] synthesizing module 'bin2seg' [C:/Users/270925/Desktop/DE1_Uloha6/digi_safe/digi_safe.srcs/sources_1/imports/DE1/segment/segment.srcs/sources_1/new/bin2seg.vhd:10]
INFO: [Synth 8-226] default block is never used [C:/Users/270925/Desktop/DE1_Uloha6/digi_safe/digi_safe.srcs/sources_1/imports/DE1/segment/segment.srcs/sources_1/new/bin2seg.vhd:15]
INFO: [Synth 8-256] done synthesizing module 'bin2seg' (0#1) [C:/Users/270925/Desktop/DE1_Uloha6/digi_safe/digi_safe.srcs/sources_1/imports/DE1/segment/segment.srcs/sources_1/new/bin2seg.vhd:10]
INFO: [Synth 8-256] done synthesizing module 'digi_safe' (0#1) [C:/Users/270925/Desktop/DE1_Uloha6/digi_safe/digi_safe.srcs/sources_1/new/digi_safe.vhd:17]
---------------------------------------------------------------------------------
Finished RTL Elaboration : Time (s): cpu = 00:00:10 ; elapsed = 00:00:09 . Memory (MB): peak = 3479.426 ; gain = 0.000
---------------------------------------------------------------------------------
---------------------------------------------------------------------------------
Start Handling Custom Attributes
---------------------------------------------------------------------------------
---------------------------------------------------------------------------------
Finished Handling Custom Attributes : Time (s): cpu = 00:00:10 ; elapsed = 00:00:09 . Memory (MB): peak = 3479.426 ; gain = 0.000
---------------------------------------------------------------------------------
---------------------------------------------------------------------------------
Finished RTL Optimization Phase 1 : Time (s): cpu = 00:00:10 ; elapsed = 00:00:09 . Memory (MB): peak = 3479.426 ; gain = 0.000
---------------------------------------------------------------------------------
Netlist sorting complete. Time (s): cpu = 00:00:00 ; elapsed = 00:00:00.003 . Memory (MB): peak = 3479.426 ; gain = 0.000
INFO: [Project 1-570] Preparing netlist for logic optimization

Processing XDC Constraints
Initializing timing engine
Parsing XDC File [C:/Users/270925/Desktop/DE1_Uloha6/digi_safe/digi_safe.srcs/constrs_1/new/nexys.xdc]
WARNING: [Vivado 12-584] No ports matched 'btnl'. [C:/Users/270925/Desktop/DE1_Uloha6/digi_safe/digi_safe.srcs/constrs_1/new/nexys.xdc:10]
CRITICAL WARNING: [Common 17-55] 'set_property' expects at least one object. [C:/Users/270925/Desktop/DE1_Uloha6/digi_safe/digi_safe.srcs/constrs_1/new/nexys.xdc:10]
Resolution: If [get_<value>] was used to populate the object, check to make sure this command returns at least one valid object.
WARNING: [Vivado 12-584] No ports matched 'btnr'. [C:/Users/270925/Desktop/DE1_Uloha6/digi_safe/digi_safe.srcs/constrs_1/new/nexys.xdc:11]
CRITICAL WARNING: [Common 17-55] 'set_property' expects at least one object. [C:/Users/270925/Desktop/DE1_Uloha6/digi_safe/digi_safe.srcs/constrs_1/new/nexys.xdc:11]
Resolution: If [get_<value>] was used to populate the object, check to make sure this command returns at least one valid object.
WARNING: [Vivado 12-584] No ports matched 'btnd'. [C:/Users/270925/Desktop/DE1_Uloha6/digi_safe/digi_safe.srcs/constrs_1/new/nexys.xdc:12]
CRITICAL WARNING: [Common 17-55] 'set_property' expects at least one object. [C:/Users/270925/Desktop/DE1_Uloha6/digi_safe/digi_safe.srcs/constrs_1/new/nexys.xdc:12]
Resolution: If [get_<value>] was used to populate the object, check to make sure this command returns at least one valid object.
WARNING: [Vivado 12-584] No ports matched 'sw[4]'. [C:/Users/270925/Desktop/DE1_Uloha6/digi_safe/digi_safe.srcs/constrs_1/new/nexys.xdc:21]
CRITICAL WARNING: [Common 17-55] 'set_property' expects at least one object. [C:/Users/270925/Desktop/DE1_Uloha6/digi_safe/digi_safe.srcs/constrs_1/new/nexys.xdc:21]
Resolution: If [get_<value>] was used to populate the object, check to make sure this command returns at least one valid object.
WARNING: [Vivado 12-584] No ports matched 'sw[5]'. [C:/Users/270925/Desktop/DE1_Uloha6/digi_safe/digi_safe.srcs/constrs_1/new/nexys.xdc:22]
CRITICAL WARNING: [Common 17-55] 'set_property' expects at least one object. [C:/Users/270925/Desktop/DE1_Uloha6/digi_safe/digi_safe.srcs/constrs_1/new/nexys.xdc:22]
Resolution: If [get_<value>] was used to populate the object, check to make sure this command returns at least one valid object.
WARNING: [Vivado 12-584] No ports matched 'sw[6]'. [C:/Users/270925/Desktop/DE1_Uloha6/digi_safe/digi_safe.srcs/constrs_1/new/nexys.xdc:23]
CRITICAL WARNING: [Common 17-55] 'set_property' expects at least one object. [C:/Users/270925/Desktop/DE1_Uloha6/digi_safe/digi_safe.srcs/constrs_1/new/nexys.xdc:23]
Resolution: If [get_<value>] was used to populate the object, check to make sure this command returns at least one valid object.
WARNING: [Vivado 12-584] No ports matched 'sw[7]'. [C:/Users/270925/Desktop/DE1_Uloha6/digi_safe/digi_safe.srcs/constrs_1/new/nexys.xdc:24]
CRITICAL WARNING: [Common 17-55] 'set_property' expects at least one object. [C:/Users/270925/Desktop/DE1_Uloha6/digi_safe/digi_safe.srcs/constrs_1/new/nexys.xdc:24]
Resolution: If [get_<value>] was used to populate the object, check to make sure this command returns at least one valid object.
WARNING: [Vivado 12-584] No ports matched 'sw[8]'. [C:/Users/270925/Desktop/DE1_Uloha6/digi_safe/digi_safe.srcs/constrs_1/new/nexys.xdc:25]
CRITICAL WARNING: [Common 17-55] 'set_property' expects at least one object. [C:/Users/270925/Desktop/DE1_Uloha6/digi_safe/digi_safe.srcs/constrs_1/new/nexys.xdc:25]
Resolution: If [get_<value>] was used to populate the object, check to make sure this command returns at least one valid object.
WARNING: [Vivado 12-584] No ports matched 'sw[9]'. [C:/Users/270925/Desktop/DE1_Uloha6/digi_safe/digi_safe.srcs/constrs_1/new/nexys.xdc:26]
CRITICAL WARNING: [Common 17-55] 'set_property' expects at least one object. [C:/Users/270925/Desktop/DE1_Uloha6/digi_safe/digi_safe.srcs/constrs_1/new/nexys.xdc:26]
Resolution: If [get_<value>] was used to populate the object, check to make sure this command returns at least one valid object.
WARNING: [Vivado 12-584] No ports matched 'sw[10]'. [C:/Users/270925/Desktop/DE1_Uloha6/digi_safe/digi_safe.srcs/constrs_1/new/nexys.xdc:27]
CRITICAL WARNING: [Common 17-55] 'set_property' expects at least one object. [C:/Users/270925/Desktop/DE1_Uloha6/digi_safe/digi_safe.srcs/constrs_1/new/nexys.xdc:27]
Resolution: If [get_<value>] was used to populate the object, check to make sure this command returns at least one valid object.
WARNING: [Vivado 12-584] No ports matched 'sw[11]'. [C:/Users/270925/Desktop/DE1_Uloha6/digi_safe/digi_safe.srcs/constrs_1/new/nexys.xdc:28]
CRITICAL WARNING: [Common 17-55] 'set_property' expects at least one object. [C:/Users/270925/Desktop/DE1_Uloha6/digi_safe/digi_safe.srcs/constrs_1/new/nexys.xdc:28]
Resolution: If [get_<value>] was used to populate the object, check to make sure this command returns at least one valid object.
WARNING: [Vivado 12-584] No ports matched 'sw[12]'. [C:/Users/270925/Desktop/DE1_Uloha6/digi_safe/digi_safe.srcs/constrs_1/new/nexys.xdc:29]
CRITICAL WARNING: [Common 17-55] 'set_property' expects at least one object. [C:/Users/270925/Desktop/DE1_Uloha6/digi_safe/digi_safe.srcs/constrs_1/new/nexys.xdc:29]
Resolution: If [get_<value>] was used to populate the object, check to make sure this command returns at least one valid object.
WARNING: [Vivado 12-584] No ports matched 'sw[13]'. [C:/Users/270925/Desktop/DE1_Uloha6/digi_safe/digi_safe.srcs/constrs_1/new/nexys.xdc:30]
CRITICAL WARNING: [Common 17-55] 'set_property' expects at least one object. [C:/Users/270925/Desktop/DE1_Uloha6/digi_safe/digi_safe.srcs/constrs_1/new/nexys.xdc:30]
Resolution: If [get_<value>] was used to populate the object, check to make sure this command returns at least one valid object.
WARNING: [Vivado 12-584] No ports matched 'sw[14]'. [C:/Users/270925/Desktop/DE1_Uloha6/digi_safe/digi_safe.srcs/constrs_1/new/nexys.xdc:31]
CRITICAL WARNING: [Common 17-55] 'set_property' expects at least one object. [C:/Users/270925/Desktop/DE1_Uloha6/digi_safe/digi_safe.srcs/constrs_1/new/nexys.xdc:31]
Resolution: If [get_<value>] was used to populate the object, check to make sure this command returns at least one valid object.
WARNING: [Vivado 12-584] No ports matched 'sw[15]'. [C:/Users/270925/Desktop/DE1_Uloha6/digi_safe/digi_safe.srcs/constrs_1/new/nexys.xdc:32]
CRITICAL WARNING: [Common 17-55] 'set_property' expects at least one object. [C:/Users/270925/Desktop/DE1_Uloha6/digi_safe/digi_safe.srcs/constrs_1/new/nexys.xdc:32]
Resolution: If [get_<value>] was used to populate the object, check to make sure this command returns at least one valid object.
WARNING: [Vivado 12-584] No ports matched 'led[1]'. [C:/Users/270925/Desktop/DE1_Uloha6/digi_safe/digi_safe.srcs/constrs_1/new/nexys.xdc:37]
CRITICAL WARNING: [Common 17-55] 'set_property' expects at least one object. [C:/Users/270925/Desktop/DE1_Uloha6/digi_safe/digi_safe.srcs/constrs_1/new/nexys.xdc:37]
Resolution: If [get_<value>] was used to populate the object, check to make sure this command returns at least one valid object.
WARNING: [Vivado 12-584] No ports matched 'led[3]'. [C:/Users/270925/Desktop/DE1_Uloha6/digi_safe/digi_safe.srcs/constrs_1/new/nexys.xdc:38]
CRITICAL WARNING: [Common 17-55] 'set_property' expects at least one object. [C:/Users/270925/Desktop/DE1_Uloha6/digi_safe/digi_safe.srcs/constrs_1/new/nexys.xdc:38]
Resolution: If [get_<value>] was used to populate the object, check to make sure this command returns at least one valid object.
WARNING: [Vivado 12-584] No ports matched 'led[4]'. [C:/Users/270925/Desktop/DE1_Uloha6/digi_safe/digi_safe.srcs/constrs_1/new/nexys.xdc:39]
CRITICAL WARNING: [Common 17-55] 'set_property' expects at least one object. [C:/Users/270925/Desktop/DE1_Uloha6/digi_safe/digi_safe.srcs/constrs_1/new/nexys.xdc:39]
Resolution: If [get_<value>] was used to populate the object, check to make sure this command returns at least one valid object.
WARNING: [Vivado 12-584] No ports matched 'led[5]'. [C:/Users/270925/Desktop/DE1_Uloha6/digi_safe/digi_safe.srcs/constrs_1/new/nexys.xdc:40]
CRITICAL WARNING: [Common 17-55] 'set_property' expects at least one object. [C:/Users/270925/Desktop/DE1_Uloha6/digi_safe/digi_safe.srcs/constrs_1/new/nexys.xdc:40]
Resolution: If [get_<value>] was used to populate the object, check to make sure this command returns at least one valid object.
WARNING: [Vivado 12-584] No ports matched 'led[6]'. [C:/Users/270925/Desktop/DE1_Uloha6/digi_safe/digi_safe.srcs/constrs_1/new/nexys.xdc:41]
CRITICAL WARNING: [Common 17-55] 'set_property' expects at least one object. [C:/Users/270925/Desktop/DE1_Uloha6/digi_safe/digi_safe.srcs/constrs_1/new/nexys.xdc:41]
Resolution: If [get_<value>] was used to populate the object, check to make sure this command returns at least one valid object.
WARNING: [Vivado 12-584] No ports matched 'led[8]'. [C:/Users/270925/Desktop/DE1_Uloha6/digi_safe/digi_safe.srcs/constrs_1/new/nexys.xdc:42]
CRITICAL WARNING: [Common 17-55] 'set_property' expects at least one object. [C:/Users/270925/Desktop/DE1_Uloha6/digi_safe/digi_safe.srcs/constrs_1/new/nexys.xdc:42]
Resolution: If [get_<value>] was used to populate the object, check to make sure this command returns at least one valid object.
WARNING: [Vivado 12-584] No ports matched 'led[9]'. [C:/Users/270925/Desktop/DE1_Uloha6/digi_safe/digi_safe.srcs/constrs_1/new/nexys.xdc:43]
CRITICAL WARNING: [Common 17-55] 'set_property' expects at least one object. [C:/Users/270925/Desktop/DE1_Uloha6/digi_safe/digi_safe.srcs/constrs_1/new/nexys.xdc:43]
Resolution: If [get_<value>] was used to populate the object, check to make sure this command returns at least one valid object.
WARNING: [Vivado 12-584] No ports matched 'led[10]'. [C:/Users/270925/Desktop/DE1_Uloha6/digi_safe/digi_safe.srcs/constrs_1/new/nexys.xdc:44]
CRITICAL WARNING: [Common 17-55] 'set_property' expects at least one object. [C:/Users/270925/Desktop/DE1_Uloha6/digi_safe/digi_safe.srcs/constrs_1/new/nexys.xdc:44]
Resolution: If [get_<value>] was used to populate the object, check to make sure this command returns at least one valid object.
WARNING: [Vivado 12-584] No ports matched 'led[11]'. [C:/Users/270925/Desktop/DE1_Uloha6/digi_safe/digi_safe.srcs/constrs_1/new/nexys.xdc:45]
CRITICAL WARNING: [Common 17-55] 'set_property' expects at least one object. [C:/Users/270925/Desktop/DE1_Uloha6/digi_safe/digi_safe.srcs/constrs_1/new/nexys.xdc:45]
Resolution: If [get_<value>] was used to populate the object, check to make sure this command returns at least one valid object.
WARNING: [Vivado 12-584] No ports matched 'led[12]'. [C:/Users/270925/Desktop/DE1_Uloha6/digi_safe/digi_safe.srcs/constrs_1/new/nexys.xdc:46]
CRITICAL WARNING: [Common 17-55] 'set_property' expects at least one object. [C:/Users/270925/Desktop/DE1_Uloha6/digi_safe/digi_safe.srcs/constrs_1/new/nexys.xdc:46]
Resolution: If [get_<value>] was used to populate the object, check to make sure this command returns at least one valid object.
WARNING: [Vivado 12-584] No ports matched 'led[13]'. [C:/Users/270925/Desktop/DE1_Uloha6/digi_safe/digi_safe.srcs/constrs_1/new/nexys.xdc:47]
CRITICAL WARNING: [Common 17-55] 'set_property' expects at least one object. [C:/Users/270925/Desktop/DE1_Uloha6/digi_safe/digi_safe.srcs/constrs_1/new/nexys.xdc:47]
Resolution: If [get_<value>] was used to populate the object, check to make sure this command returns at least one valid object.
WARNING: [Vivado 12-584] No ports matched 'led[14]'. [C:/Users/270925/Desktop/DE1_Uloha6/digi_safe/digi_safe.srcs/constrs_1/new/nexys.xdc:48]
CRITICAL WARNING: [Common 17-55] 'set_property' expects at least one object. [C:/Users/270925/Desktop/DE1_Uloha6/digi_safe/digi_safe.srcs/constrs_1/new/nexys.xdc:48]
Resolution: If [get_<value>] was used to populate the object, check to make sure this command returns at least one valid object.
WARNING: [Vivado 12-584] No ports matched 'led[15]'. [C:/Users/270925/Desktop/DE1_Uloha6/digi_safe/digi_safe.srcs/constrs_1/new/nexys.xdc:49]
CRITICAL WARNING: [Common 17-55] 'set_property' expects at least one object. [C:/Users/270925/Desktop/DE1_Uloha6/digi_safe/digi_safe.srcs/constrs_1/new/nexys.xdc:49]
Resolution: If [get_<value>] was used to populate the object, check to make sure this command returns at least one valid object.
WARNING: [Vivado 12-584] No ports matched 'led[*]'. [C:/Users/270925/Desktop/DE1_Uloha6/digi_safe/digi_safe.srcs/constrs_1/new/nexys.xdc:50]
CRITICAL WARNING: [Common 17-55] 'set_property' expects at least one object. [C:/Users/270925/Desktop/DE1_Uloha6/digi_safe/digi_safe.srcs/constrs_1/new/nexys.xdc:50]
Resolution: If [get_<value>] was used to populate the object, check to make sure this command returns at least one valid object.
WARNING: [Vivado 12-584] No ports matched 'dp'. [C:/Users/270925/Desktop/DE1_Uloha6/digi_safe/digi_safe.srcs/constrs_1/new/nexys.xdc:63]
CRITICAL WARNING: [Common 17-55] 'set_property' expects at least one object. [C:/Users/270925/Desktop/DE1_Uloha6/digi_safe/digi_safe.srcs/constrs_1/new/nexys.xdc:63]
Resolution: If [get_<value>] was used to populate the object, check to make sure this command returns at least one valid object.
WARNING: [Vivado 12-584] No ports matched 'dp'. [C:/Users/270925/Desktop/DE1_Uloha6/digi_safe/digi_safe.srcs/constrs_1/new/nexys.xdc:64]
WARNING: [Vivado 12-584] No ports matched 'led16_g'. [C:/Users/270925/Desktop/DE1_Uloha6/digi_safe/digi_safe.srcs/constrs_1/new/nexys.xdc:82]
CRITICAL WARNING: [Common 17-55] 'set_property' expects at least one object. [C:/Users/270925/Desktop/DE1_Uloha6/digi_safe/digi_safe.srcs/constrs_1/new/nexys.xdc:82]
Resolution: If [get_<value>] was used to populate the object, check to make sure this command returns at least one valid object.
WARNING: [Vivado 12-584] No ports matched 'led16_b'. [C:/Users/270925/Desktop/DE1_Uloha6/digi_safe/digi_safe.srcs/constrs_1/new/nexys.xdc:83]
CRITICAL WARNING: [Common 17-55] 'set_property' expects at least one object. [C:/Users/270925/Desktop/DE1_Uloha6/digi_safe/digi_safe.srcs/constrs_1/new/nexys.xdc:83]
Resolution: If [get_<value>] was used to populate the object, check to make sure this command returns at least one valid object.
WARNING: [Vivado 12-584] No ports matched 'led17_g'. [C:/Users/270925/Desktop/DE1_Uloha6/digi_safe/digi_safe.srcs/constrs_1/new/nexys.xdc:85]
CRITICAL WARNING: [Common 17-55] 'set_property' expects at least one object. [C:/Users/270925/Desktop/DE1_Uloha6/digi_safe/digi_safe.srcs/constrs_1/new/nexys.xdc:85]
Resolution: If [get_<value>] was used to populate the object, check to make sure this command returns at least one valid object.
WARNING: [Vivado 12-584] No ports matched 'led17_b'. [C:/Users/270925/Desktop/DE1_Uloha6/digi_safe/digi_safe.srcs/constrs_1/new/nexys.xdc:86]
CRITICAL WARNING: [Common 17-55] 'set_property' expects at least one object. [C:/Users/270925/Desktop/DE1_Uloha6/digi_safe/digi_safe.srcs/constrs_1/new/nexys.xdc:86]
Resolution: If [get_<value>] was used to populate the object, check to make sure this command returns at least one valid object.
WARNING: [Vivado 12-584] No ports matched 'uart_txd_in'. [C:/Users/270925/Desktop/DE1_Uloha6/digi_safe/digi_safe.srcs/constrs_1/new/nexys.xdc:91]
CRITICAL WARNING: [Common 17-55] 'set_property' expects at least one object. [C:/Users/270925/Desktop/DE1_Uloha6/digi_safe/digi_safe.srcs/constrs_1/new/nexys.xdc:91]
Resolution: If [get_<value>] was used to populate the object, check to make sure this command returns at least one valid object.
WARNING: [Vivado 12-584] No ports matched 'uart_rxd_out'. [C:/Users/270925/Desktop/DE1_Uloha6/digi_safe/digi_safe.srcs/constrs_1/new/nexys.xdc:92]
CRITICAL WARNING: [Common 17-55] 'set_property' expects at least one object. [C:/Users/270925/Desktop/DE1_Uloha6/digi_safe/digi_safe.srcs/constrs_1/new/nexys.xdc:92]
Resolution: If [get_<value>] was used to populate the object, check to make sure this command returns at least one valid object.
WARNING: [Vivado 12-584] No ports matched 'uart_cts'. [C:/Users/270925/Desktop/DE1_Uloha6/digi_safe/digi_safe.srcs/constrs_1/new/nexys.xdc:93]
CRITICAL WARNING: [Common 17-55] 'set_property' expects at least one object. [C:/Users/270925/Desktop/DE1_Uloha6/digi_safe/digi_safe.srcs/constrs_1/new/nexys.xdc:93]
Resolution: If [get_<value>] was used to populate the object, check to make sure this command returns at least one valid object.
WARNING: [Vivado 12-584] No ports matched 'uart_rts'. [C:/Users/270925/Desktop/DE1_Uloha6/digi_safe/digi_safe.srcs/constrs_1/new/nexys.xdc:94]
CRITICAL WARNING: [Common 17-55] 'set_property' expects at least one object. [C:/Users/270925/Desktop/DE1_Uloha6/digi_safe/digi_safe.srcs/constrs_1/new/nexys.xdc:94]
Resolution: If [get_<value>] was used to populate the object, check to make sure this command returns at least one valid object.
WARNING: [Vivado 12-584] No ports matched 'ja[1]'. [C:/Users/270925/Desktop/DE1_Uloha6/digi_safe/digi_safe.srcs/constrs_1/new/nexys.xdc:99]
CRITICAL WARNING: [Common 17-55] 'set_property' expects at least one object. [C:/Users/270925/Desktop/DE1_Uloha6/digi_safe/digi_safe.srcs/constrs_1/new/nexys.xdc:99]
Resolution: If [get_<value>] was used to populate the object, check to make sure this command returns at least one valid object.
WARNING: [Vivado 12-584] No ports matched 'ja[2]'. [C:/Users/270925/Desktop/DE1_Uloha6/digi_safe/digi_safe.srcs/constrs_1/new/nexys.xdc:100]
CRITICAL WARNING: [Common 17-55] 'set_property' expects at least one object. [C:/Users/270925/Desktop/DE1_Uloha6/digi_safe/digi_safe.srcs/constrs_1/new/nexys.xdc:100]
Resolution: If [get_<value>] was used to populate the object, check to make sure this command returns at least one valid object.
WARNING: [Vivado 12-584] No ports matched 'ja[3]'. [C:/Users/270925/Desktop/DE1_Uloha6/digi_safe/digi_safe.srcs/constrs_1/new/nexys.xdc:101]
CRITICAL WARNING: [Common 17-55] 'set_property' expects at least one object. [C:/Users/270925/Desktop/DE1_Uloha6/digi_safe/digi_safe.srcs/constrs_1/new/nexys.xdc:101]
Resolution: If [get_<value>] was used to populate the object, check to make sure this command returns at least one valid object.
WARNING: [Vivado 12-584] No ports matched 'ja[4]'. [C:/Users/270925/Desktop/DE1_Uloha6/digi_safe/digi_safe.srcs/constrs_1/new/nexys.xdc:102]
CRITICAL WARNING: [Common 17-55] 'set_property' expects at least one object. [C:/Users/270925/Desktop/DE1_Uloha6/digi_safe/digi_safe.srcs/constrs_1/new/nexys.xdc:102]
Resolution: If [get_<value>] was used to populate the object, check to make sure this command returns at least one valid object.
WARNING: [Vivado 12-584] No ports matched 'ja[7]'. [C:/Users/270925/Desktop/DE1_Uloha6/digi_safe/digi_safe.srcs/constrs_1/new/nexys.xdc:103]
CRITICAL WARNING: [Common 17-55] 'set_property' expects at least one object. [C:/Users/270925/Desktop/DE1_Uloha6/digi_safe/digi_safe.srcs/constrs_1/new/nexys.xdc:103]
Resolution: If [get_<value>] was used to populate the object, check to make sure this command returns at least one valid object.
WARNING: [Vivado 12-584] No ports matched 'ja[8]'. [C:/Users/270925/Desktop/DE1_Uloha6/digi_safe/digi_safe.srcs/constrs_1/new/nexys.xdc:104]
CRITICAL WARNING: [Common 17-55] 'set_property' expects at least one object. [C:/Users/270925/Desktop/DE1_Uloha6/digi_safe/digi_safe.srcs/constrs_1/new/nexys.xdc:104]
Resolution: If [get_<value>] was used to populate the object, check to make sure this command returns at least one valid object.
WARNING: [Vivado 12-584] No ports matched 'ja[9]'. [C:/Users/270925/Desktop/DE1_Uloha6/digi_safe/digi_safe.srcs/constrs_1/new/nexys.xdc:105]
CRITICAL WARNING: [Common 17-55] 'set_property' expects at least one object. [C:/Users/270925/Desktop/DE1_Uloha6/digi_safe/digi_safe.srcs/constrs_1/new/nexys.xdc:105]
Resolution: If [get_<value>] was used to populate the object, check to make sure this command returns at least one valid object.
WARNING: [Vivado 12-584] No ports matched 'ja[10]'. [C:/Users/270925/Desktop/DE1_Uloha6/digi_safe/digi_safe.srcs/constrs_1/new/nexys.xdc:106]
CRITICAL WARNING: [Common 17-55] 'set_property' expects at least one object. [C:/Users/270925/Desktop/DE1_Uloha6/digi_safe/digi_safe.srcs/constrs_1/new/nexys.xdc:106]
Resolution: If [get_<value>] was used to populate the object, check to make sure this command returns at least one valid object.
CRITICAL WARNING: [Common 17-69] Command failed: 'W19' is not a valid site or package pin name. [C:/Users/270925/Desktop/DE1_Uloha6/digi_safe/digi_safe.srcs/constrs_1/new/nexys.xdc:109]
CRITICAL WARNING: [Common 17-69] Command failed: 'T17' is not a valid site or package pin name. [C:/Users/270925/Desktop/DE1_Uloha6/digi_safe/digi_safe.srcs/constrs_1/new/nexys.xdc:112]
Finished Parsing XDC File [C:/Users/270925/Desktop/DE1_Uloha6/digi_safe/digi_safe.srcs/constrs_1/new/nexys.xdc]
Completed Processing XDC Constraints

Netlist sorting complete. Time (s): cpu = 00:00:00 ; elapsed = 00:00:00 . Memory (MB): peak = 3479.426 ; gain = 0.000
INFO: [Project 1-111] Unisim Transformation Summary:
No Unisim elements were transformed.

RTL Elaboration Complete:  : Time (s): cpu = 00:00:25 ; elapsed = 00:00:18 . Memory (MB): peak = 3479.426 ; gain = 0.000
26 Infos, 48 Warnings, 48 Critical Warnings and 0 Errors encountered.
synth_design completed successfully
synth_design: Time (s): cpu = 00:00:27 ; elapsed = 00:00:22 . Memory (MB): peak = 3479.426 ; gain = 0.000
WARNING: [filemgmt 56-199] Attempt to get parsing info during refresh. "On-the-fly" syntax checking information may be incorrect. [C:\Users\270925\Desktop\DE1_Uloha6\digi_safe\digi_safe.srcs\sources_1\new\digi_safe.vhd:]
WARNING: [filemgmt 56-199] Attempt to get parsing info during refresh. "On-the-fly" syntax checking information may be incorrect. [C:\Users\270925\Desktop\DE1_Uloha6\digi_safe\digi_safe.srcs\sources_1\imports\DE1\segment\segment.srcs\sources_1\new\bin2seg.vhd:]
WARNING: [filemgmt 56-199] Attempt to get parsing info during refresh. "On-the-fly" syntax checking information may be incorrect. [C:\Users\270925\Desktop\DE1_Uloha6\digi_safe\digi_safe.srcs\sources_1\new\safe_control_logic.vhd:]
WARNING: [filemgmt 56-199] Attempt to get parsing info during refresh. "On-the-fly" syntax checking information may be incorrect. [C:\Users\270925\Desktop\DE1_Uloha6\digi_safe\digi_safe.srcs\sim_1\new\bin2seg_tb.vhd:]
WARNING: [filemgmt 56-199] Attempt to get parsing info during refresh. "On-the-fly" syntax checking information may be incorrect. [C:\Users\270925\Desktop\DE1_Uloha6\digi_safe\digi_safe.srcs\sim_1\new\clk_en_tb.vhd:]
WARNING: [filemgmt 56-199] Attempt to get parsing info during refresh. "On-the-fly" syntax checking information may be incorrect. [C:\Users\270925\Desktop\DE1_Uloha6\digi_safe\digi_safe.srcs\sim_1\new\safe_control_logic_tb.vhd:]
WARNING: [filemgmt 56-199] Attempt to get parsing info during refresh. "On-the-fly" syntax checking information may be incorrect. [C:\Users\270925\Desktop\DE1_Uloha6\digi_safe\digi_safe.srcs\sources_1\imports\new\clk_en.vhd:]
WARNING: [filemgmt 56-199] Attempt to get parsing info during refresh. "On-the-fly" syntax checking information may be incorrect. [C:\Users\270925\Desktop\DE1_Uloha6\digi_safe\digi_safe.srcs\sim_1\new\safe_control_logic_tb.vhd:]
WARNING: [filemgmt 56-199] Attempt to get parsing info during refresh. "On-the-fly" syntax checking information may be incorrect. [C:\Users\270925\Desktop\DE1_Uloha6\digi_safe\digi_safe.srcs\sim_1\new\safe_control_logic_tb.vhd:]
WARNING: [filemgmt 56-199] Attempt to get parsing info during refresh. "On-the-fly" syntax checking information may be incorrect. [C:\Users\270925\Desktop\DE1_Uloha6\digi_safe\digi_safe.srcs\sources_1\new\digi_safe.vhd:]
WARNING: [filemgmt 56-199] Attempt to get parsing info during refresh. "On-the-fly" syntax checking information may be incorrect. [C:\Users\270925\Desktop\DE1_Uloha6\digi_safe\digi_safe.srcs\sources_1\imports\DE1\segment\segment.srcs\sources_1\new\bin2seg.vhd:]
WARNING: [filemgmt 56-199] Attempt to get parsing info during refresh. "On-the-fly" syntax checking information may be incorrect. [C:\Users\270925\Desktop\DE1_Uloha6\digi_safe\digi_safe.srcs\sources_1\new\safe_control_logic.vhd:]
WARNING: [filemgmt 56-199] Attempt to get parsing info during refresh. "On-the-fly" syntax checking information may be incorrect. [C:\Users\270925\Desktop\DE1_Uloha6\digi_safe\digi_safe.srcs\sim_1\new\bin2seg_tb.vhd:]
WARNING: [filemgmt 56-199] Attempt to get parsing info during refresh. "On-the-fly" syntax checking information may be incorrect. [C:\Users\270925\Desktop\DE1_Uloha6\digi_safe\digi_safe.srcs\sim_1\new\clk_en_tb.vhd:]
WARNING: [filemgmt 56-199] Attempt to get parsing info during refresh. "On-the-fly" syntax checking information may be incorrect. [C:\Users\270925\Desktop\DE1_Uloha6\digi_safe\digi_safe.srcs\sim_1\new\safe_control_logic_tb.vhd:]
WARNING: [filemgmt 56-199] Attempt to get parsing info during refresh. "On-the-fly" syntax checking information may be incorrect. [C:\Users\270925\Desktop\DE1_Uloha6\digi_safe\digi_safe.srcs\sources_1\imports\new\clk_en.vhd:]
WARNING: [filemgmt 56-199] Attempt to get parsing info during refresh. "On-the-fly" syntax checking information may be incorrect. [C:\Users\270925\Desktop\DE1_Uloha6\digi_safe\digi_safe.srcs\sim_1\new\bin2seg_tb.vhd:]
WARNING: [filemgmt 56-199] Attempt to get parsing info during refresh. "On-the-fly" syntax checking information may be incorrect. [C:\Users\270925\Desktop\DE1_Uloha6\digi_safe\digi_safe.srcs\sim_1\new\bin2seg_tb.vhd:]
WARNING: [filemgmt 56-199] Attempt to get parsing info during refresh. "On-the-fly" syntax checking information may be incorrect. [C:\Users\270925\Desktop\DE1_Uloha6\digi_safe\digi_safe.srcs\sources_1\new\digi_safe.vhd:]
WARNING: [filemgmt 56-199] Attempt to get parsing info during refresh. "On-the-fly" syntax checking information may be incorrect. [C:\Users\270925\Desktop\DE1_Uloha6\digi_safe\digi_safe.srcs\sources_1\imports\DE1\segment\segment.srcs\sources_1\new\bin2seg.vhd:]
WARNING: [filemgmt 56-199] Attempt to get parsing info during refresh. "On-the-fly" syntax checking information may be incorrect. [C:\Users\270925\Desktop\DE1_Uloha6\digi_safe\digi_safe.srcs\sources_1\new\safe_control_logic.vhd:]
WARNING: [filemgmt 56-199] Attempt to get parsing info during refresh. "On-the-fly" syntax checking information may be incorrect. [C:\Users\270925\Desktop\DE1_Uloha6\digi_safe\digi_safe.srcs\sim_1\new\bin2seg_tb.vhd:]
WARNING: [filemgmt 56-199] Attempt to get parsing info during refresh. "On-the-fly" syntax checking information may be incorrect. [C:\Users\270925\Desktop\DE1_Uloha6\digi_safe\digi_safe.srcs\sim_1\new\clk_en_tb.vhd:]
WARNING: [filemgmt 56-199] Attempt to get parsing info during refresh. "On-the-fly" syntax checking information may be incorrect. [C:\Users\270925\Desktop\DE1_Uloha6\digi_safe\digi_safe.srcs\sim_1\new\safe_control_logic_tb.vhd:]
WARNING: [filemgmt 56-199] Attempt to get parsing info during refresh. "On-the-fly" syntax checking information may be incorrect. [C:\Users\270925\Desktop\DE1_Uloha6\digi_safe\digi_safe.srcs\sources_1\imports\new\clk_en.vhd:]
WARNING: [filemgmt 56-199] Attempt to get parsing info during refresh. "On-the-fly" syntax checking information may be incorrect. [C:\Users\270925\Desktop\DE1_Uloha6\digi_safe\digi_safe.srcs\sources_1\imports\DE1\segment\segment.srcs\sources_1\new\bin2seg.vhd:]
WARNING: [filemgmt 56-199] Attempt to get parsing info during refresh. "On-the-fly" syntax checking information may be incorrect. [C:\Users\270925\Desktop\DE1_Uloha6\digi_safe\digi_safe.srcs\sources_1\imports\DE1\segment\segment.srcs\sources_1\new\bin2seg.vhd:]
WARNING: [filemgmt 56-199] Attempt to get parsing info during refresh. "On-the-fly" syntax checking information may be incorrect. [C:\Users\270925\Desktop\DE1_Uloha6\digi_safe\digi_safe.srcs\sources_1\new\digi_safe.vhd:]
WARNING: [filemgmt 56-199] Attempt to get parsing info during refresh. "On-the-fly" syntax checking information may be incorrect. [C:\Users\270925\Desktop\DE1_Uloha6\digi_safe\digi_safe.srcs\sources_1\imports\DE1\segment\segment.srcs\sources_1\new\bin2seg.vhd:]
WARNING: [filemgmt 56-199] Attempt to get parsing info during refresh. "On-the-fly" syntax checking information may be incorrect. [C:\Users\270925\Desktop\DE1_Uloha6\digi_safe\digi_safe.srcs\sources_1\new\safe_control_logic.vhd:]
WARNING: [filemgmt 56-199] Attempt to get parsing info during refresh. "On-the-fly" syntax checking information may be incorrect. [C:\Users\270925\Desktop\DE1_Uloha6\digi_safe\digi_safe.srcs\sim_1\new\bin2seg_tb.vhd:]
WARNING: [filemgmt 56-199] Attempt to get parsing info during refresh. "On-the-fly" syntax checking information may be incorrect. [C:\Users\270925\Desktop\DE1_Uloha6\digi_safe\digi_safe.srcs\sim_1\new\clk_en_tb.vhd:]
WARNING: [filemgmt 56-199] Attempt to get parsing info during refresh. "On-the-fly" syntax checking information may be incorrect. [C:\Users\270925\Desktop\DE1_Uloha6\digi_safe\digi_safe.srcs\sim_1\new\safe_control_logic_tb.vhd:]
WARNING: [filemgmt 56-199] Attempt to get parsing info during refresh. "On-the-fly" syntax checking information may be incorrect. [C:\Users\270925\Desktop\DE1_Uloha6\digi_safe\digi_safe.srcs\sources_1\imports\new\clk_en.vhd:]
WARNING: [filemgmt 56-199] Attempt to get parsing info during refresh. "On-the-fly" syntax checking information may be incorrect. [C:\Users\270925\Desktop\DE1_Uloha6\digi_safe\digi_safe.srcs\sim_1\new\clk_en_tb.vhd:]
WARNING: [filemgmt 56-199] Attempt to get parsing info during refresh. "On-the-fly" syntax checking information may be incorrect. [C:\Users\270925\Desktop\DE1_Uloha6\digi_safe\digi_safe.srcs\sim_1\new\clk_en_tb.vhd:]
WARNING: [filemgmt 56-199] Attempt to get parsing info during refresh. "On-the-fly" syntax checking information may be incorrect. [C:\Users\270925\Desktop\DE1_Uloha6\digi_safe\digi_safe.srcs\sources_1\new\digi_safe.vhd:]
WARNING: [filemgmt 56-199] Attempt to get parsing info during refresh. "On-the-fly" syntax checking information may be incorrect. [C:\Users\270925\Desktop\DE1_Uloha6\digi_safe\digi_safe.srcs\sources_1\imports\DE1\segment\segment.srcs\sources_1\new\bin2seg.vhd:]
WARNING: [filemgmt 56-199] Attempt to get parsing info during refresh. "On-the-fly" syntax checking information may be incorrect. [C:\Users\270925\Desktop\DE1_Uloha6\digi_safe\digi_safe.srcs\sources_1\new\safe_control_logic.vhd:]
WARNING: [filemgmt 56-199] Attempt to get parsing info during refresh. "On-the-fly" syntax checking information may be incorrect. [C:\Users\270925\Desktop\DE1_Uloha6\digi_safe\digi_safe.srcs\sim_1\new\bin2seg_tb.vhd:]
WARNING: [filemgmt 56-199] Attempt to get parsing info during refresh. "On-the-fly" syntax checking information may be incorrect. [C:\Users\270925\Desktop\DE1_Uloha6\digi_safe\digi_safe.srcs\sim_1\new\clk_en_tb.vhd:]
WARNING: [filemgmt 56-199] Attempt to get parsing info during refresh. "On-the-fly" syntax checking information may be incorrect. [C:\Users\270925\Desktop\DE1_Uloha6\digi_safe\digi_safe.srcs\sim_1\new\safe_control_logic_tb.vhd:]
WARNING: [filemgmt 56-199] Attempt to get parsing info during refresh. "On-the-fly" syntax checking information may be incorrect. [C:\Users\270925\Desktop\DE1_Uloha6\digi_safe\digi_safe.srcs\sources_1\imports\new\clk_en.vhd:]
WARNING: [filemgmt 56-199] Attempt to get parsing info during refresh. "On-the-fly" syntax checking information may be incorrect. [C:\Users\270925\Desktop\DE1_Uloha6\digi_safe\digi_safe.srcs\sources_1\imports\new\clk_en.vhd:]
WARNING: [filemgmt 56-199] Attempt to get parsing info during refresh. "On-the-fly" syntax checking information may be incorrect. [C:\Users\270925\Desktop\DE1_Uloha6\digi_safe\digi_safe.srcs\sources_1\imports\new\clk_en.vhd:]
WARNING: [filemgmt 56-199] Attempt to get parsing info during refresh. "On-the-fly" syntax checking information may be incorrect. [C:\Users\270925\Desktop\DE1_Uloha6\digi_safe\digi_safe.srcs\sources_1\new\digi_safe.vhd:]
WARNING: [filemgmt 56-199] Attempt to get parsing info during refresh. "On-the-fly" syntax checking information may be incorrect. [C:\Users\270925\Desktop\DE1_Uloha6\digi_safe\digi_safe.srcs\sources_1\imports\DE1\segment\segment.srcs\sources_1\new\bin2seg.vhd:]
WARNING: [filemgmt 56-199] Attempt to get parsing info during refresh. "On-the-fly" syntax checking information may be incorrect. [C:\Users\270925\Desktop\DE1_Uloha6\digi_safe\digi_safe.srcs\sources_1\new\safe_control_logic.vhd:]
WARNING: [filemgmt 56-199] Attempt to get parsing info during refresh. "On-the-fly" syntax checking information may be incorrect. [C:\Users\270925\Desktop\DE1_Uloha6\digi_safe\digi_safe.srcs\sim_1\new\bin2seg_tb.vhd:]
WARNING: [filemgmt 56-199] Attempt to get parsing info during refresh. "On-the-fly" syntax checking information may be incorrect. [C:\Users\270925\Desktop\DE1_Uloha6\digi_safe\digi_safe.srcs\sim_1\new\clk_en_tb.vhd:]
WARNING: [filemgmt 56-199] Attempt to get parsing info during refresh. "On-the-fly" syntax checking information may be incorrect. [C:\Users\270925\Desktop\DE1_Uloha6\digi_safe\digi_safe.srcs\sim_1\new\safe_control_logic_tb.vhd:]
WARNING: [filemgmt 56-199] Attempt to get parsing info during refresh. "On-the-fly" syntax checking information may be incorrect. [C:\Users\270925\Desktop\DE1_Uloha6\digi_safe\digi_safe.srcs\sources_1\imports\new\clk_en.vhd:]
WARNING: [filemgmt 56-199] Attempt to get parsing info during refresh. "On-the-fly" syntax checking information may be incorrect. [C:\Users\270925\Desktop\DE1_Uloha6\digi_safe\digi_safe.srcs\sources_1\new\safe_control_logic.vhd:]
WARNING: [filemgmt 56-199] Attempt to get parsing info during refresh. "On-the-fly" syntax checking information may be incorrect. [C:\Users\270925\Desktop\DE1_Uloha6\digi_safe\digi_safe.srcs\sources_1\new\safe_control_logic.vhd:]
refresh_design
INFO: [Synth 8-7079] Multithreading enabled for synth_design using a maximum of 2 processes.
---------------------------------------------------------------------------------
Starting RTL Elaboration : Time (s): cpu = 00:00:08 ; elapsed = 00:00:07 . Memory (MB): peak = 3479.426 ; gain = 0.000
---------------------------------------------------------------------------------
INFO: [Synth 8-638] synthesizing module 'digi_safe' [C:/Users/270925/Desktop/DE1_Uloha6/digi_safe/digi_safe.srcs/sources_1/new/digi_safe.vhd:17]
WARNING: [Synth 8-5640] Port 'btn_state' is missing in component declaration [C:/Users/270925/Desktop/DE1_Uloha6/digi_safe/digi_safe.srcs/sources_1/new/digi_safe.vhd:20]
INFO: [Synth 8-3491] module 'debounce' declared at 'C:/Users/270925/Desktop/DE1_Uloha6/digi_safe/digi_safe.srcs/sources_1/imports/new/debounce.vhd:4' bound to instance 'debounce_inst' of component 'debounce' [C:/Users/270925/Desktop/DE1_Uloha6/digi_safe/digi_safe.srcs/sources_1/new/digi_safe.vhd:81]
INFO: [Synth 8-638] synthesizing module 'debounce' [C:/Users/270925/Desktop/DE1_Uloha6/digi_safe/digi_safe.srcs/sources_1/imports/new/debounce.vhd:12]
	Parameter G_MAX bound to: 200000 - type: integer 
INFO: [Synth 8-3491] module 'clk_en' declared at 'C:/Users/270925/Desktop/DE1_Uloha6/digi_safe/digi_safe.srcs/sources_1/imports/new/clk_en.vhd:4' bound to instance 'clock_0' of component 'clk_en' [C:/Users/270925/Desktop/DE1_Uloha6/digi_safe/digi_safe.srcs/sources_1/imports/new/debounce.vhd:46]
INFO: [Synth 8-638] synthesizing module 'clk_en' [C:/Users/270925/Desktop/DE1_Uloha6/digi_safe/digi_safe.srcs/sources_1/imports/new/clk_en.vhd:12]
	Parameter G_MAX bound to: 200000 - type: integer 
INFO: [Synth 8-256] done synthesizing module 'clk_en' (0#1) [C:/Users/270925/Desktop/DE1_Uloha6/digi_safe/digi_safe.srcs/sources_1/imports/new/clk_en.vhd:12]
INFO: [Synth 8-256] done synthesizing module 'debounce' (0#1) [C:/Users/270925/Desktop/DE1_Uloha6/digi_safe/digi_safe.srcs/sources_1/imports/new/debounce.vhd:12]
INFO: [Synth 8-3491] module 'safe_control_logic' declared at 'C:/Users/270925/Desktop/DE1_Uloha6/digi_safe/digi_safe.srcs/sources_1/new/safe_control_logic.vhd:4' bound to instance 'safe_control_logic_inst' of component 'safe_control_logic' [C:/Users/270925/Desktop/DE1_Uloha6/digi_safe/digi_safe.srcs/sources_1/new/digi_safe.vhd:89]
INFO: [Synth 8-638] synthesizing module 'safe_control_logic' [C:/Users/270925/Desktop/DE1_Uloha6/digi_safe/digi_safe.srcs/sources_1/new/safe_control_logic.vhd:18]
INFO: [Synth 8-256] done synthesizing module 'safe_control_logic' (0#1) [C:/Users/270925/Desktop/DE1_Uloha6/digi_safe/digi_safe.srcs/sources_1/new/safe_control_logic.vhd:18]
	Parameter G_MAX bound to: 100000 - type: integer 
INFO: [Synth 8-3491] module 'clk_en' declared at 'C:/Users/270925/Desktop/DE1_Uloha6/digi_safe/digi_safe.srcs/sources_1/imports/new/clk_en.vhd:4' bound to instance 'clk_en_inst' of component 'clk_en' [C:/Users/270925/Desktop/DE1_Uloha6/digi_safe/digi_safe.srcs/sources_1/new/digi_safe.vhd:101]
INFO: [Synth 8-638] synthesizing module 'clk_en__parameterized1' [C:/Users/270925/Desktop/DE1_Uloha6/digi_safe/digi_safe.srcs/sources_1/imports/new/clk_en.vhd:12]
	Parameter G_MAX bound to: 100000 - type: integer 
INFO: [Synth 8-256] done synthesizing module 'clk_en__parameterized1' (0#1) [C:/Users/270925/Desktop/DE1_Uloha6/digi_safe/digi_safe.srcs/sources_1/imports/new/clk_en.vhd:12]
INFO: [Synth 8-3491] module 'display_driver' declared at 'C:/Users/270925/Desktop/DE1_Uloha6/digi_safe/digi_safe.srcs/sources_1/imports/DE1/display/display.srcs/sources_1/new/display_driver.vhd:5' bound to instance 'display_driver_inst' of component 'display_driver' [C:/Users/270925/Desktop/DE1_Uloha6/digi_safe/digi_safe.srcs/sources_1/new/digi_safe.vhd:109]
INFO: [Synth 8-638] synthesizing module 'display_driver' [C:/Users/270925/Desktop/DE1_Uloha6/digi_safe/digi_safe.srcs/sources_1/imports/DE1/display/display.srcs/sources_1/new/display_driver.vhd:17]
INFO: [Synth 8-226] default block is never used [C:/Users/270925/Desktop/DE1_Uloha6/digi_safe/digi_safe.srcs/sources_1/imports/DE1/display/display.srcs/sources_1/new/display_driver.vhd:35]
INFO: [Synth 8-256] done synthesizing module 'display_driver' (0#1) [C:/Users/270925/Desktop/DE1_Uloha6/digi_safe/digi_safe.srcs/sources_1/imports/DE1/display/display.srcs/sources_1/new/display_driver.vhd:17]
INFO: [Synth 8-3491] module 'bin2seg' declared at 'C:/Users/270925/Desktop/DE1_Uloha6/digi_safe/digi_safe.srcs/sources_1/imports/DE1/segment/segment.srcs/sources_1/new/bin2seg.vhd:5' bound to instance 'bin2seg_inst' of component 'bin2seg' [C:/Users/270925/Desktop/DE1_Uloha6/digi_safe/digi_safe.srcs/sources_1/new/digi_safe.vhd:119]
INFO: [Synth 8-638] synthesizing module 'bin2seg' [C:/Users/270925/Desktop/DE1_Uloha6/digi_safe/digi_safe.srcs/sources_1/imports/DE1/segment/segment.srcs/sources_1/new/bin2seg.vhd:10]
INFO: [Synth 8-256] done synthesizing module 'bin2seg' (0#1) [C:/Users/270925/Desktop/DE1_Uloha6/digi_safe/digi_safe.srcs/sources_1/imports/DE1/segment/segment.srcs/sources_1/new/bin2seg.vhd:10]
INFO: [Synth 8-256] done synthesizing module 'digi_safe' (0#1) [C:/Users/270925/Desktop/DE1_Uloha6/digi_safe/digi_safe.srcs/sources_1/new/digi_safe.vhd:17]
---------------------------------------------------------------------------------
Finished RTL Elaboration : Time (s): cpu = 00:00:10 ; elapsed = 00:00:09 . Memory (MB): peak = 3479.426 ; gain = 0.000
---------------------------------------------------------------------------------
---------------------------------------------------------------------------------
Start Handling Custom Attributes
---------------------------------------------------------------------------------
---------------------------------------------------------------------------------
Finished Handling Custom Attributes : Time (s): cpu = 00:00:10 ; elapsed = 00:00:09 . Memory (MB): peak = 3479.426 ; gain = 0.000
---------------------------------------------------------------------------------
---------------------------------------------------------------------------------
Finished RTL Optimization Phase 1 : Time (s): cpu = 00:00:10 ; elapsed = 00:00:09 . Memory (MB): peak = 3479.426 ; gain = 0.000
---------------------------------------------------------------------------------
Netlist sorting complete. Time (s): cpu = 00:00:00 ; elapsed = 00:00:00.002 . Memory (MB): peak = 3479.426 ; gain = 0.000
INFO: [Project 1-570] Preparing netlist for logic optimization

Processing XDC Constraints
Initializing timing engine
Parsing XDC File [C:/Users/270925/Desktop/DE1_Uloha6/digi_safe/digi_safe.srcs/constrs_1/new/nexys.xdc]
WARNING: [Vivado 12-584] No ports matched 'btnl'. [C:/Users/270925/Desktop/DE1_Uloha6/digi_safe/digi_safe.srcs/constrs_1/new/nexys.xdc:10]
CRITICAL WARNING: [Common 17-55] 'set_property' expects at least one object. [C:/Users/270925/Desktop/DE1_Uloha6/digi_safe/digi_safe.srcs/constrs_1/new/nexys.xdc:10]
Resolution: If [get_<value>] was used to populate the object, check to make sure this command returns at least one valid object.
WARNING: [Vivado 12-584] No ports matched 'btnr'. [C:/Users/270925/Desktop/DE1_Uloha6/digi_safe/digi_safe.srcs/constrs_1/new/nexys.xdc:11]
CRITICAL WARNING: [Common 17-55] 'set_property' expects at least one object. [C:/Users/270925/Desktop/DE1_Uloha6/digi_safe/digi_safe.srcs/constrs_1/new/nexys.xdc:11]
Resolution: If [get_<value>] was used to populate the object, check to make sure this command returns at least one valid object.
WARNING: [Vivado 12-584] No ports matched 'btnd'. [C:/Users/270925/Desktop/DE1_Uloha6/digi_safe/digi_safe.srcs/constrs_1/new/nexys.xdc:12]
CRITICAL WARNING: [Common 17-55] 'set_property' expects at least one object. [C:/Users/270925/Desktop/DE1_Uloha6/digi_safe/digi_safe.srcs/constrs_1/new/nexys.xdc:12]
Resolution: If [get_<value>] was used to populate the object, check to make sure this command returns at least one valid object.
WARNING: [Vivado 12-584] No ports matched 'sw[4]'. [C:/Users/270925/Desktop/DE1_Uloha6/digi_safe/digi_safe.srcs/constrs_1/new/nexys.xdc:21]
CRITICAL WARNING: [Common 17-55] 'set_property' expects at least one object. [C:/Users/270925/Desktop/DE1_Uloha6/digi_safe/digi_safe.srcs/constrs_1/new/nexys.xdc:21]
Resolution: If [get_<value>] was used to populate the object, check to make sure this command returns at least one valid object.
WARNING: [Vivado 12-584] No ports matched 'sw[5]'. [C:/Users/270925/Desktop/DE1_Uloha6/digi_safe/digi_safe.srcs/constrs_1/new/nexys.xdc:22]
CRITICAL WARNING: [Common 17-55] 'set_property' expects at least one object. [C:/Users/270925/Desktop/DE1_Uloha6/digi_safe/digi_safe.srcs/constrs_1/new/nexys.xdc:22]
Resolution: If [get_<value>] was used to populate the object, check to make sure this command returns at least one valid object.
WARNING: [Vivado 12-584] No ports matched 'sw[6]'. [C:/Users/270925/Desktop/DE1_Uloha6/digi_safe/digi_safe.srcs/constrs_1/new/nexys.xdc:23]
CRITICAL WARNING: [Common 17-55] 'set_property' expects at least one object. [C:/Users/270925/Desktop/DE1_Uloha6/digi_safe/digi_safe.srcs/constrs_1/new/nexys.xdc:23]
Resolution: If [get_<value>] was used to populate the object, check to make sure this command returns at least one valid object.
WARNING: [Vivado 12-584] No ports matched 'sw[7]'. [C:/Users/270925/Desktop/DE1_Uloha6/digi_safe/digi_safe.srcs/constrs_1/new/nexys.xdc:24]
CRITICAL WARNING: [Common 17-55] 'set_property' expects at least one object. [C:/Users/270925/Desktop/DE1_Uloha6/digi_safe/digi_safe.srcs/constrs_1/new/nexys.xdc:24]
Resolution: If [get_<value>] was used to populate the object, check to make sure this command returns at least one valid object.
WARNING: [Vivado 12-584] No ports matched 'sw[8]'. [C:/Users/270925/Desktop/DE1_Uloha6/digi_safe/digi_safe.srcs/constrs_1/new/nexys.xdc:25]
CRITICAL WARNING: [Common 17-55] 'set_property' expects at least one object. [C:/Users/270925/Desktop/DE1_Uloha6/digi_safe/digi_safe.srcs/constrs_1/new/nexys.xdc:25]
Resolution: If [get_<value>] was used to populate the object, check to make sure this command returns at least one valid object.
WARNING: [Vivado 12-584] No ports matched 'sw[9]'. [C:/Users/270925/Desktop/DE1_Uloha6/digi_safe/digi_safe.srcs/constrs_1/new/nexys.xdc:26]
CRITICAL WARNING: [Common 17-55] 'set_property' expects at least one object. [C:/Users/270925/Desktop/DE1_Uloha6/digi_safe/digi_safe.srcs/constrs_1/new/nexys.xdc:26]
Resolution: If [get_<value>] was used to populate the object, check to make sure this command returns at least one valid object.
WARNING: [Vivado 12-584] No ports matched 'sw[10]'. [C:/Users/270925/Desktop/DE1_Uloha6/digi_safe/digi_safe.srcs/constrs_1/new/nexys.xdc:27]
CRITICAL WARNING: [Common 17-55] 'set_property' expects at least one object. [C:/Users/270925/Desktop/DE1_Uloha6/digi_safe/digi_safe.srcs/constrs_1/new/nexys.xdc:27]
Resolution: If [get_<value>] was used to populate the object, check to make sure this command returns at least one valid object.
WARNING: [Vivado 12-584] No ports matched 'sw[11]'. [C:/Users/270925/Desktop/DE1_Uloha6/digi_safe/digi_safe.srcs/constrs_1/new/nexys.xdc:28]
CRITICAL WARNING: [Common 17-55] 'set_property' expects at least one object. [C:/Users/270925/Desktop/DE1_Uloha6/digi_safe/digi_safe.srcs/constrs_1/new/nexys.xdc:28]
Resolution: If [get_<value>] was used to populate the object, check to make sure this command returns at least one valid object.
WARNING: [Vivado 12-584] No ports matched 'sw[12]'. [C:/Users/270925/Desktop/DE1_Uloha6/digi_safe/digi_safe.srcs/constrs_1/new/nexys.xdc:29]
CRITICAL WARNING: [Common 17-55] 'set_property' expects at least one object. [C:/Users/270925/Desktop/DE1_Uloha6/digi_safe/digi_safe.srcs/constrs_1/new/nexys.xdc:29]
Resolution: If [get_<value>] was used to populate the object, check to make sure this command returns at least one valid object.
WARNING: [Vivado 12-584] No ports matched 'sw[13]'. [C:/Users/270925/Desktop/DE1_Uloha6/digi_safe/digi_safe.srcs/constrs_1/new/nexys.xdc:30]
CRITICAL WARNING: [Common 17-55] 'set_property' expects at least one object. [C:/Users/270925/Desktop/DE1_Uloha6/digi_safe/digi_safe.srcs/constrs_1/new/nexys.xdc:30]
Resolution: If [get_<value>] was used to populate the object, check to make sure this command returns at least one valid object.
WARNING: [Vivado 12-584] No ports matched 'sw[14]'. [C:/Users/270925/Desktop/DE1_Uloha6/digi_safe/digi_safe.srcs/constrs_1/new/nexys.xdc:31]
CRITICAL WARNING: [Common 17-55] 'set_property' expects at least one object. [C:/Users/270925/Desktop/DE1_Uloha6/digi_safe/digi_safe.srcs/constrs_1/new/nexys.xdc:31]
Resolution: If [get_<value>] was used to populate the object, check to make sure this command returns at least one valid object.
WARNING: [Vivado 12-584] No ports matched 'sw[15]'. [C:/Users/270925/Desktop/DE1_Uloha6/digi_safe/digi_safe.srcs/constrs_1/new/nexys.xdc:32]
CRITICAL WARNING: [Common 17-55] 'set_property' expects at least one object. [C:/Users/270925/Desktop/DE1_Uloha6/digi_safe/digi_safe.srcs/constrs_1/new/nexys.xdc:32]
Resolution: If [get_<value>] was used to populate the object, check to make sure this command returns at least one valid object.
WARNING: [Vivado 12-584] No ports matched 'led[1]'. [C:/Users/270925/Desktop/DE1_Uloha6/digi_safe/digi_safe.srcs/constrs_1/new/nexys.xdc:37]
CRITICAL WARNING: [Common 17-55] 'set_property' expects at least one object. [C:/Users/270925/Desktop/DE1_Uloha6/digi_safe/digi_safe.srcs/constrs_1/new/nexys.xdc:37]
Resolution: If [get_<value>] was used to populate the object, check to make sure this command returns at least one valid object.
WARNING: [Vivado 12-584] No ports matched 'led[3]'. [C:/Users/270925/Desktop/DE1_Uloha6/digi_safe/digi_safe.srcs/constrs_1/new/nexys.xdc:38]
CRITICAL WARNING: [Common 17-55] 'set_property' expects at least one object. [C:/Users/270925/Desktop/DE1_Uloha6/digi_safe/digi_safe.srcs/constrs_1/new/nexys.xdc:38]
Resolution: If [get_<value>] was used to populate the object, check to make sure this command returns at least one valid object.
WARNING: [Vivado 12-584] No ports matched 'led[4]'. [C:/Users/270925/Desktop/DE1_Uloha6/digi_safe/digi_safe.srcs/constrs_1/new/nexys.xdc:39]
CRITICAL WARNING: [Common 17-55] 'set_property' expects at least one object. [C:/Users/270925/Desktop/DE1_Uloha6/digi_safe/digi_safe.srcs/constrs_1/new/nexys.xdc:39]
Resolution: If [get_<value>] was used to populate the object, check to make sure this command returns at least one valid object.
WARNING: [Vivado 12-584] No ports matched 'led[5]'. [C:/Users/270925/Desktop/DE1_Uloha6/digi_safe/digi_safe.srcs/constrs_1/new/nexys.xdc:40]
CRITICAL WARNING: [Common 17-55] 'set_property' expects at least one object. [C:/Users/270925/Desktop/DE1_Uloha6/digi_safe/digi_safe.srcs/constrs_1/new/nexys.xdc:40]
Resolution: If [get_<value>] was used to populate the object, check to make sure this command returns at least one valid object.
WARNING: [Vivado 12-584] No ports matched 'led[6]'. [C:/Users/270925/Desktop/DE1_Uloha6/digi_safe/digi_safe.srcs/constrs_1/new/nexys.xdc:41]
CRITICAL WARNING: [Common 17-55] 'set_property' expects at least one object. [C:/Users/270925/Desktop/DE1_Uloha6/digi_safe/digi_safe.srcs/constrs_1/new/nexys.xdc:41]
Resolution: If [get_<value>] was used to populate the object, check to make sure this command returns at least one valid object.
WARNING: [Vivado 12-584] No ports matched 'led[8]'. [C:/Users/270925/Desktop/DE1_Uloha6/digi_safe/digi_safe.srcs/constrs_1/new/nexys.xdc:42]
CRITICAL WARNING: [Common 17-55] 'set_property' expects at least one object. [C:/Users/270925/Desktop/DE1_Uloha6/digi_safe/digi_safe.srcs/constrs_1/new/nexys.xdc:42]
Resolution: If [get_<value>] was used to populate the object, check to make sure this command returns at least one valid object.
WARNING: [Vivado 12-584] No ports matched 'led[9]'. [C:/Users/270925/Desktop/DE1_Uloha6/digi_safe/digi_safe.srcs/constrs_1/new/nexys.xdc:43]
CRITICAL WARNING: [Common 17-55] 'set_property' expects at least one object. [C:/Users/270925/Desktop/DE1_Uloha6/digi_safe/digi_safe.srcs/constrs_1/new/nexys.xdc:43]
Resolution: If [get_<value>] was used to populate the object, check to make sure this command returns at least one valid object.
WARNING: [Vivado 12-584] No ports matched 'led[10]'. [C:/Users/270925/Desktop/DE1_Uloha6/digi_safe/digi_safe.srcs/constrs_1/new/nexys.xdc:44]
CRITICAL WARNING: [Common 17-55] 'set_property' expects at least one object. [C:/Users/270925/Desktop/DE1_Uloha6/digi_safe/digi_safe.srcs/constrs_1/new/nexys.xdc:44]
Resolution: If [get_<value>] was used to populate the object, check to make sure this command returns at least one valid object.
WARNING: [Vivado 12-584] No ports matched 'led[11]'. [C:/Users/270925/Desktop/DE1_Uloha6/digi_safe/digi_safe.srcs/constrs_1/new/nexys.xdc:45]
CRITICAL WARNING: [Common 17-55] 'set_property' expects at least one object. [C:/Users/270925/Desktop/DE1_Uloha6/digi_safe/digi_safe.srcs/constrs_1/new/nexys.xdc:45]
Resolution: If [get_<value>] was used to populate the object, check to make sure this command returns at least one valid object.
WARNING: [Vivado 12-584] No ports matched 'led[12]'. [C:/Users/270925/Desktop/DE1_Uloha6/digi_safe/digi_safe.srcs/constrs_1/new/nexys.xdc:46]
CRITICAL WARNING: [Common 17-55] 'set_property' expects at least one object. [C:/Users/270925/Desktop/DE1_Uloha6/digi_safe/digi_safe.srcs/constrs_1/new/nexys.xdc:46]
Resolution: If [get_<value>] was used to populate the object, check to make sure this command returns at least one valid object.
WARNING: [Vivado 12-584] No ports matched 'led[13]'. [C:/Users/270925/Desktop/DE1_Uloha6/digi_safe/digi_safe.srcs/constrs_1/new/nexys.xdc:47]
CRITICAL WARNING: [Common 17-55] 'set_property' expects at least one object. [C:/Users/270925/Desktop/DE1_Uloha6/digi_safe/digi_safe.srcs/constrs_1/new/nexys.xdc:47]
Resolution: If [get_<value>] was used to populate the object, check to make sure this command returns at least one valid object.
WARNING: [Vivado 12-584] No ports matched 'led[14]'. [C:/Users/270925/Desktop/DE1_Uloha6/digi_safe/digi_safe.srcs/constrs_1/new/nexys.xdc:48]
CRITICAL WARNING: [Common 17-55] 'set_property' expects at least one object. [C:/Users/270925/Desktop/DE1_Uloha6/digi_safe/digi_safe.srcs/constrs_1/new/nexys.xdc:48]
Resolution: If [get_<value>] was used to populate the object, check to make sure this command returns at least one valid object.
WARNING: [Vivado 12-584] No ports matched 'led[15]'. [C:/Users/270925/Desktop/DE1_Uloha6/digi_safe/digi_safe.srcs/constrs_1/new/nexys.xdc:49]
CRITICAL WARNING: [Common 17-55] 'set_property' expects at least one object. [C:/Users/270925/Desktop/DE1_Uloha6/digi_safe/digi_safe.srcs/constrs_1/new/nexys.xdc:49]
Resolution: If [get_<value>] was used to populate the object, check to make sure this command returns at least one valid object.
WARNING: [Vivado 12-584] No ports matched 'led[*]'. [C:/Users/270925/Desktop/DE1_Uloha6/digi_safe/digi_safe.srcs/constrs_1/new/nexys.xdc:50]
CRITICAL WARNING: [Common 17-55] 'set_property' expects at least one object. [C:/Users/270925/Desktop/DE1_Uloha6/digi_safe/digi_safe.srcs/constrs_1/new/nexys.xdc:50]
Resolution: If [get_<value>] was used to populate the object, check to make sure this command returns at least one valid object.
WARNING: [Vivado 12-584] No ports matched 'dp'. [C:/Users/270925/Desktop/DE1_Uloha6/digi_safe/digi_safe.srcs/constrs_1/new/nexys.xdc:63]
CRITICAL WARNING: [Common 17-55] 'set_property' expects at least one object. [C:/Users/270925/Desktop/DE1_Uloha6/digi_safe/digi_safe.srcs/constrs_1/new/nexys.xdc:63]
Resolution: If [get_<value>] was used to populate the object, check to make sure this command returns at least one valid object.
WARNING: [Vivado 12-584] No ports matched 'dp'. [C:/Users/270925/Desktop/DE1_Uloha6/digi_safe/digi_safe.srcs/constrs_1/new/nexys.xdc:64]
WARNING: [Vivado 12-584] No ports matched 'led16_g'. [C:/Users/270925/Desktop/DE1_Uloha6/digi_safe/digi_safe.srcs/constrs_1/new/nexys.xdc:82]
CRITICAL WARNING: [Common 17-55] 'set_property' expects at least one object. [C:/Users/270925/Desktop/DE1_Uloha6/digi_safe/digi_safe.srcs/constrs_1/new/nexys.xdc:82]
Resolution: If [get_<value>] was used to populate the object, check to make sure this command returns at least one valid object.
WARNING: [Vivado 12-584] No ports matched 'led16_b'. [C:/Users/270925/Desktop/DE1_Uloha6/digi_safe/digi_safe.srcs/constrs_1/new/nexys.xdc:83]
CRITICAL WARNING: [Common 17-55] 'set_property' expects at least one object. [C:/Users/270925/Desktop/DE1_Uloha6/digi_safe/digi_safe.srcs/constrs_1/new/nexys.xdc:83]
Resolution: If [get_<value>] was used to populate the object, check to make sure this command returns at least one valid object.
WARNING: [Vivado 12-584] No ports matched 'led17_g'. [C:/Users/270925/Desktop/DE1_Uloha6/digi_safe/digi_safe.srcs/constrs_1/new/nexys.xdc:85]
CRITICAL WARNING: [Common 17-55] 'set_property' expects at least one object. [C:/Users/270925/Desktop/DE1_Uloha6/digi_safe/digi_safe.srcs/constrs_1/new/nexys.xdc:85]
Resolution: If [get_<value>] was used to populate the object, check to make sure this command returns at least one valid object.
WARNING: [Vivado 12-584] No ports matched 'led17_b'. [C:/Users/270925/Desktop/DE1_Uloha6/digi_safe/digi_safe.srcs/constrs_1/new/nexys.xdc:86]
CRITICAL WARNING: [Common 17-55] 'set_property' expects at least one object. [C:/Users/270925/Desktop/DE1_Uloha6/digi_safe/digi_safe.srcs/constrs_1/new/nexys.xdc:86]
Resolution: If [get_<value>] was used to populate the object, check to make sure this command returns at least one valid object.
WARNING: [Vivado 12-584] No ports matched 'uart_txd_in'. [C:/Users/270925/Desktop/DE1_Uloha6/digi_safe/digi_safe.srcs/constrs_1/new/nexys.xdc:91]
CRITICAL WARNING: [Common 17-55] 'set_property' expects at least one object. [C:/Users/270925/Desktop/DE1_Uloha6/digi_safe/digi_safe.srcs/constrs_1/new/nexys.xdc:91]
Resolution: If [get_<value>] was used to populate the object, check to make sure this command returns at least one valid object.
WARNING: [Vivado 12-584] No ports matched 'uart_rxd_out'. [C:/Users/270925/Desktop/DE1_Uloha6/digi_safe/digi_safe.srcs/constrs_1/new/nexys.xdc:92]
CRITICAL WARNING: [Common 17-55] 'set_property' expects at least one object. [C:/Users/270925/Desktop/DE1_Uloha6/digi_safe/digi_safe.srcs/constrs_1/new/nexys.xdc:92]
Resolution: If [get_<value>] was used to populate the object, check to make sure this command returns at least one valid object.
WARNING: [Vivado 12-584] No ports matched 'uart_cts'. [C:/Users/270925/Desktop/DE1_Uloha6/digi_safe/digi_safe.srcs/constrs_1/new/nexys.xdc:93]
CRITICAL WARNING: [Common 17-55] 'set_property' expects at least one object. [C:/Users/270925/Desktop/DE1_Uloha6/digi_safe/digi_safe.srcs/constrs_1/new/nexys.xdc:93]
Resolution: If [get_<value>] was used to populate the object, check to make sure this command returns at least one valid object.
WARNING: [Vivado 12-584] No ports matched 'uart_rts'. [C:/Users/270925/Desktop/DE1_Uloha6/digi_safe/digi_safe.srcs/constrs_1/new/nexys.xdc:94]
CRITICAL WARNING: [Common 17-55] 'set_property' expects at least one object. [C:/Users/270925/Desktop/DE1_Uloha6/digi_safe/digi_safe.srcs/constrs_1/new/nexys.xdc:94]
Resolution: If [get_<value>] was used to populate the object, check to make sure this command returns at least one valid object.
WARNING: [Vivado 12-584] No ports matched 'ja[1]'. [C:/Users/270925/Desktop/DE1_Uloha6/digi_safe/digi_safe.srcs/constrs_1/new/nexys.xdc:99]
CRITICAL WARNING: [Common 17-55] 'set_property' expects at least one object. [C:/Users/270925/Desktop/DE1_Uloha6/digi_safe/digi_safe.srcs/constrs_1/new/nexys.xdc:99]
Resolution: If [get_<value>] was used to populate the object, check to make sure this command returns at least one valid object.
WARNING: [Vivado 12-584] No ports matched 'ja[2]'. [C:/Users/270925/Desktop/DE1_Uloha6/digi_safe/digi_safe.srcs/constrs_1/new/nexys.xdc:100]
CRITICAL WARNING: [Common 17-55] 'set_property' expects at least one object. [C:/Users/270925/Desktop/DE1_Uloha6/digi_safe/digi_safe.srcs/constrs_1/new/nexys.xdc:100]
Resolution: If [get_<value>] was used to populate the object, check to make sure this command returns at least one valid object.
WARNING: [Vivado 12-584] No ports matched 'ja[3]'. [C:/Users/270925/Desktop/DE1_Uloha6/digi_safe/digi_safe.srcs/constrs_1/new/nexys.xdc:101]
CRITICAL WARNING: [Common 17-55] 'set_property' expects at least one object. [C:/Users/270925/Desktop/DE1_Uloha6/digi_safe/digi_safe.srcs/constrs_1/new/nexys.xdc:101]
Resolution: If [get_<value>] was used to populate the object, check to make sure this command returns at least one valid object.
WARNING: [Vivado 12-584] No ports matched 'ja[4]'. [C:/Users/270925/Desktop/DE1_Uloha6/digi_safe/digi_safe.srcs/constrs_1/new/nexys.xdc:102]
CRITICAL WARNING: [Common 17-55] 'set_property' expects at least one object. [C:/Users/270925/Desktop/DE1_Uloha6/digi_safe/digi_safe.srcs/constrs_1/new/nexys.xdc:102]
Resolution: If [get_<value>] was used to populate the object, check to make sure this command returns at least one valid object.
WARNING: [Vivado 12-584] No ports matched 'ja[7]'. [C:/Users/270925/Desktop/DE1_Uloha6/digi_safe/digi_safe.srcs/constrs_1/new/nexys.xdc:103]
CRITICAL WARNING: [Common 17-55] 'set_property' expects at least one object. [C:/Users/270925/Desktop/DE1_Uloha6/digi_safe/digi_safe.srcs/constrs_1/new/nexys.xdc:103]
Resolution: If [get_<value>] was used to populate the object, check to make sure this command returns at least one valid object.
WARNING: [Vivado 12-584] No ports matched 'ja[8]'. [C:/Users/270925/Desktop/DE1_Uloha6/digi_safe/digi_safe.srcs/constrs_1/new/nexys.xdc:104]
CRITICAL WARNING: [Common 17-55] 'set_property' expects at least one object. [C:/Users/270925/Desktop/DE1_Uloha6/digi_safe/digi_safe.srcs/constrs_1/new/nexys.xdc:104]
Resolution: If [get_<value>] was used to populate the object, check to make sure this command returns at least one valid object.
WARNING: [Vivado 12-584] No ports matched 'ja[9]'. [C:/Users/270925/Desktop/DE1_Uloha6/digi_safe/digi_safe.srcs/constrs_1/new/nexys.xdc:105]
CRITICAL WARNING: [Common 17-55] 'set_property' expects at least one object. [C:/Users/270925/Desktop/DE1_Uloha6/digi_safe/digi_safe.srcs/constrs_1/new/nexys.xdc:105]
Resolution: If [get_<value>] was used to populate the object, check to make sure this command returns at least one valid object.
WARNING: [Vivado 12-584] No ports matched 'ja[10]'. [C:/Users/270925/Desktop/DE1_Uloha6/digi_safe/digi_safe.srcs/constrs_1/new/nexys.xdc:106]
CRITICAL WARNING: [Common 17-55] 'set_property' expects at least one object. [C:/Users/270925/Desktop/DE1_Uloha6/digi_safe/digi_safe.srcs/constrs_1/new/nexys.xdc:106]
Resolution: If [get_<value>] was used to populate the object, check to make sure this command returns at least one valid object.
CRITICAL WARNING: [Common 17-69] Command failed: 'W19' is not a valid site or package pin name. [C:/Users/270925/Desktop/DE1_Uloha6/digi_safe/digi_safe.srcs/constrs_1/new/nexys.xdc:109]
CRITICAL WARNING: [Common 17-69] Command failed: 'T17' is not a valid site or package pin name. [C:/Users/270925/Desktop/DE1_Uloha6/digi_safe/digi_safe.srcs/constrs_1/new/nexys.xdc:112]
Finished Parsing XDC File [C:/Users/270925/Desktop/DE1_Uloha6/digi_safe/digi_safe.srcs/constrs_1/new/nexys.xdc]
Completed Processing XDC Constraints

refresh_design: Time (s): cpu = 00:00:16 ; elapsed = 00:00:13 . Memory (MB): peak = 3479.426 ; gain = 0.000
reset_project
exit
INFO: [Common 17-206] Exiting Vivado at Wed Apr 22 17:35:48 2026...
